345 67177 15899
66.632054 93.918617
91.138484 10.667606
5.742943 62.951717
29.506266 14.847302
50.341865 90.373847
90.149301 38.767365
23.203504 93.785322
15.644830 4.532493
83.773253 48.814172
39.113504 33.147154
8.756600 45.386107
58.099652 42.223526
61.422161 93.579418
68.722974 44.069918
48.528529 15.623413
99.924113 15.160582
9.542030 91.062597
25.828188 15.284973
54.014314 55.334454
30.132275 4.356178
45.708301 20.281576
43.123544 68.911805
14.066899 58.768374
73.444299 97.840151
7.582546 12.557802
30.987305 16.339147
57.943909 89.086957
58.562673 19.366070
82.666375 27.285647
63.435988 31.194903
42.909060 63.360101
46.355486 52.451090
54.422698 72.183674
67.736063 8.437012
27.518128 97.868338
12.793190 73.226429
18.149914 55.916734
42.138234 32.216813
14.685108 15.582533
30.056964 22.267655
28.140335 61.044269
38.606802 86.084245
50.131226 97.169475
5.450315 32.797601
24.455122 68.886303
63.992504 67.364182
32.246404 10.347990
19.815272 86.669102
82.531664 87.551335
95.106114 10.049792
85.419673 7.899304
83.276221 3.569587
63.816038 25.414456
35.786399 78.501146
40.996988 65.843363
0.768800 69.137324
26.887632 39.375602
55.221568 77.018858
36.545077 60.671883
9.816459 61.000198
29.558186 73.808963
28.364380 61.804590
84.156953 48.179652
48.473692 66.688617
35.730986 43.579806
76.738409 21.150659
51.479110 60.014630
24.720246 15.295148
85.429085 60.506645
93.796294 26.426074
26.350008 94.565094
95.563397 53.237640
33.940696 50.784965
30.256498 70.485772
11.456848 40.072957
31.485971 41.015034
13.881920 59.850351
2.819624 98.038872
8.030003 51.293316
64.727489 43.760989
94.873122 41.465898
64.911648 46.352232
1.480527 89.631894
61.647380 86.909613
50.138538 55.443673
13.335686 76.488546
50.008767 8.899083
29.726187 83.949463
59.684049 59.982685
54.435235 71.140897
0.055642 85.921206
12.155931 13.937562
45.771557 14.975556
11.976434 53.801559
66.268872 76.703923
97.562548 61.141995
18.169821 62.474196
7.494227 19.650348
52.106090 69.141607
6.559961 2.244628
24.585280 19.895647
78.733174 74.594047
28.794731 8.459361
58.543510 88.478780
68.442046 12.978745
59.619676 68.497688
98.899951 71.775608
82.435250 44.671508
86.751164 94.411684
98.473067 53.020036
71.115608 96.035616
14.162030 89.285429
58.509812 21.656257
8.935777 10.615902
90.797864 15.495738
12.860530 15.383144
35.391385 91.593704
89.977190 64.186116
0.053065 48.520700
52.664896 68.495111
61.499446 12.284572
36.992799 60.399397
84.060180 19.428049
5.070905 70.811344
13.839733 3.543972
23.831380 84.955341
99.579588 37.993410
74.240769 58.089400
59.649667 83.176546
68.705302 50.447531
98.672284 81.565831
65.830675 34.063670
73.159535 55.807865
98.249786 73.212600
4.328565 50.914682
41.707711 65.828011
63.199254 78.700510
26.227408 47.259434
98.128559 31.298313
18.070778 11.968292
34.842286 41.902157
96.923633 34.421874
79.895567 71.164402
92.511274 39.545235
54.340948 61.216576
89.992766 53.013233
42.782407 55.823440
87.076902 15.941943
11.631305 85.326688
89.154543 15.959871
36.241370 30.862254
81.787882 99.440624
9.562764 8.015290
46.700058 7.691322
39.313604 64.770835
19.659614 74.155890
6.672993 16.583247
8.577764 86.568560
87.747649 1.089038
26.113795 42.088597
62.305614 16.106560
95.101830 5.088021
71.930000 82.178732
21.029963 83.561306
67.505420 10.184506
99.521177 3.746790
41.046760 81.309059
3.187414 50.609524
89.324349 49.887472
58.300846 28.637953
14.658307 77.960460
2.793843 21.331300
94.543707 11.371606
7.899860 82.291357
12.460644 34.013655
24.379954 74.766257
50.120215 19.481784
79.854278 22.050215
1.660516 0.884242
5.611521 69.165937
11.068748 5.132698
72.912727 52.115508
86.441756 76.100141
2.725031 75.766106
25.987613 61.025877
4.404058 40.645921
38.986338 7.197901
61.977221 33.530045
18.569507 69.877081
15.821402 31.030151
3.890735 40.201356
5.796409 54.010950
59.683140 85.650687
76.061165 61.343656
86.534929 81.672686
30.509593 97.603676
86.805384 3.422320
49.719184 73.247140
79.522461 52.444215
49.013246 5.510075
13.470093 53.417304
46.155995 52.456430
60.615205 8.133216
85.986476 79.184713
78.010297 1.807877
10.214864 81.901032
42.009233 16.011272
35.911982 1.692372
1.661959 11.973147
63.036028 88.196887
93.645833 93.545621
85.800564 80.451217
96.967941 35.519748
53.698357 76.490402
87.963963 2.711603
82.000477 1.434056
56.128908 28.156472
53.890486 16.744113
36.289688 39.876962
95.928826 14.299985
41.684839 6.143689
96.201017 83.694072
22.154961 32.112999
85.386444 23.816920
44.086146 48.422473
12.013808 37.731979
41.968094 97.814372
18.183196 38.936035
33.334119 71.881553
15.426437 21.298083
74.593157 97.426914
22.732139 30.722065
25.583386 76.622625
47.466178 61.873074
16.499587 43.395004
76.173059 58.184426
49.538693 72.374075
41.878498 71.693654
4.487074 27.264942
95.510575 48.573220
75.687415 7.524383
86.305198 17.655509
5.338754 4.488394
56.591544 38.672874
76.369948 72.017982
59.970956 50.963105
69.444896 82.703095
81.685169 95.028282
59.325720 29.151347
56.901356 75.825307
72.546351 33.074415
34.009733 22.085044
5.448490 75.888231
93.778698 9.935564
3.153173 89.289273
58.508784 78.840588
96.813656 44.813982
96.496098 2.152410
49.302377 53.087642
40.825283 25.672325
25.105623 0.796239
76.635430 94.550519
83.499334 58.320599
89.578801 42.825054
87.471946 46.480157
18.650361 60.018297
79.554572 52.660095
82.103341 85.003062
28.548326 75.882039
94.938627 31.701499
65.171312 53.447411
10.542088 61.984967
98.261393 7.038185
64.137377 47.563770
60.125827 4.962660
73.236095 85.231450
5.758900 49.871524
79.781968 89.258234
8.192123 69.360769
32.083288 95.664069
15.840926 50.733650
55.682366 95.395498
3.393744 37.785707
80.398560 31.942070
13.667745 75.337187
63.643569 78.839057
28.784597 74.185656
40.824024 27.045990
81.223841 4.961401
74.609760 41.349668
9.924061 47.845855
26.581118 15.682961
97.717379 6.363086
4.941195 5.909502
75.723855 37.024483
1.573571 91.564781
87.758133 57.255937
86.960279 91.151877
95.041643 67.358839
23.093947 8.709388
42.696026 86.737515
87.548445 71.480623
60.923172 28.372469
98.526613 42.147013
33.333871 73.136373
83.496681 43.257932
20.982228 10.077799
58.940893 18.699607
16.440885 63.882089
24.609108 92.164740
0.906572 26.182679
83.729521 88.664705
83.438616 70.689800
79.816582 78.480259
38.048639 2.910528
87.189648 80.744665
89.648044 74.738093
52.225288 50.571215
3.110563 50.751901
92.718228 36.444433
23.888274 76.214909
79.702365 44.870502
86.292708 38.643259
63.570109 2.733593
2.525347 88.179217
94.898333 3.431919
14.361897 78.627854
92.096624 97.800513
49.317654 71.913206
76.280772 87.366293
74.823735 63.470420
68.110958 64.471778
38.208513 20.336246
15.042994 41.319076
71.088147 7.761222
77.763509 94.976421
83.976132 57.465874
39.846923 70.268840
96.109133 3.417032
73.002432 98.634481
91.596249 67.900765
2.066400 5.958146
46.528618 94.163024
3.758659 95.846272
66.076230 80.039431
84 80
326 10
1 117
2 255
79 208
10 267
137 303
4 39
82 171
125 88
173 110
128 146
172 79
202 210
237 311
332 224
46 215
136 48
333 138
303 314
248 216
236 41
174 240
327 158
313 9
246 142
119 30
190 194
11 47
306 150
14 195
29 307
65 165
257 300
206 216
270 109
334 161
52 163
57 34
321 272
43 223
69 65
155 162
259 68
111 122
218 27
317 150
335 37
315 247
338 78
20 263
188 9
79 240
74 38
177 51
311 220
176 282
187 233
1 101
301 113
125 174
140 97
226 130
37 197
280 30
177 202
195 20
212 176
163 286
117 242
239 330
117 70
169 305
303 171
308 161
284 336
336 79
335 119
112 27
316 294
304 51
151 154
318 265
233 38
109 5
280 3
237 53
321 61
260 279
232 125
96 73
116 334
55 9
108 167
36 327
18 341
280 169
52 253
90 187
292 101
94 227
104 331
182 80
48 344
262 182
125 260
256 143
151 213
152 161
282 91
45 300
334 325
124 41
234 116
131 83
217 225
310 224
212 148
206 162
49 25
344 76
187 157
220 338
272 274
57 209
267 4
164 256
330 191
200 121
209 331
106 329
211 71
208 325
121 316
142 171
342 44
247 184
103 24
80 31
201 137
142 123
43 209
35 275
55 137
51 166
123 59
150 334
131 260
217 154
134 14
227 131
305 130
217 311
56 297
244 257
336 41
283 35
250 220
212 207
12 264
29 135
225 81
26 11
244 243
68 33
160 295
66 22
327 283
333 39
138 232
198 31
176 38
313 81
258 181
191 270
2 122
307 227
203 334
141 4
134 111
37 196
61 5
121 44
289 109
330 329
244 85
262 322
124 231
305 37
314 151
210 218
273 172
100 34
63 143
38 198
254 76
296 218
81 72
164 272
84 149
158 230
136 76
207 260
209 167
200 80
221 65
298 149
237 300
183 301
99 222
56 255
200 254
128 183
229 194
111 313
245 171
100 37
247 209
297 13
278 152
93 154
119 293
304 12
249 44
215 250
266 173
62 23
82 93
207 311
287 220
181 188
46 281
225 196
47 79
209 326
134 205
135 253
153 341
265 304
41 37
210 272
233 293
20 95
161 307
315 343
52 16
181 277
114 229
12 324
112 48
86 247
301 239
244 222
199 187
259 310
51 27
237 284
320 159
281 136
24 251
36 76
170 218
256 284
4 170
165 116
218 251
18 174
48 164
6 115
114 305
142 254
244 19
68 181
155 339
334 192
71 61
312 229
1 316
54 68
87 272
222 105
3 270
172 302
74 80
319 188
40 116
97 187
135 68
270 192
62 259
286 35
321 253
264 224
224 220
292 311
49 71
319 53
341 146
257 317
128 231
63 71
249 62
258 286
130 183
35 95
97 322
32 320
230 199
199 110
74 49
323 26
120 297
79 19
0 238
336 129
26 54
200 275
117 15
118 149
198 153
146 197
32 179
75 263
280 274
275 9
225 253
35 248
108 16
169 108
254 62
139 280
117 241
112 136
256 132
187 109
286 334
209 220
70 284
138 5
115 315
261 243
224 199
146 332
117 315
342 274
32 137
111 51
33 224
89 290
11 179
301 199
70 165
322 140
47 122
333 210
20 212
311 68
101 84
285 98
13 219
137 124
173 171
250 262
18 164
343 319
265 68
42 242
110 295
260 59
72 248
270 339
17 236
62 118
222 249
118 137
124 256
164 297
329 69
214 2
233 115
223 56
183 167
298 294
118 213
255 92
116 180
87 133
319 51
153 98
301 174
236 80
332 55
32 316
124 148
220 260
263 0
218 4
168 171
200 286
287 110
33 305
291 22
341 167
74 51
265 277
225 156
12 212
113 291
85 140
94 305
302 260
208 175
264 31
248 21
219 190
131 154
53 324
177 49
146 153
100 314
85 326
125 344
95 141
290 181
281 286
43 238
103 251
68 269
184 316
290 58
64 77
115 117
303 194
68 105
2 168
321 334
51 3
235 49
144 180
230 80
23 175
318 127
329 288
51 168
162 342
129 128
321 146
245 279
340 215
286 244
38 262
135 337
266 25
41 65
205 173
146 130
250 21
257 234
212 309
305 276
306 336
59 184
137 206
118 132
76 60
278 16
322 68
255 243
93 296
211 200
26 259
330 277
182 243
68 49
109 28
227 70
19 286
156 58
49 274
190 27
236 25
44 214
93 299
14 186
153 127
288 179
41 274
13 224
74 82
175 183
12 58
253 279
246 311
337 296
240 85
323 132
110 269
248 204
224 164
292 279
194 236
15 235
165 29
16 239
13 192
324 25
250 134
304 151
100 199
4 340
284 328
29 49
154 179
155 280
246 103
214 95
241 132
330 61
161 2
202 76
96 181
101 248
315 308
301 317
162 306
312 3
191 244
52 0
325 208
281 226
213 52
321 109
184 209
72 0
113 176
323 111
259 80
14 131
290 315
103 9
276 317
12 122
216 64
25 197
174 306
325 289
13 204
53 198
315 27
100 83
203 326
194 19
308 110
150 253
80 253
262 12
128 176
36 344
240 61
98 317
269 326
163 185
185 119
285 155
146 287
140 252
268 236
271 231
1 77
139 81
232 303
340 15
134 32
262 277
340 262
151 167
145 314
7 330
88 292
42 137
234 182
44 158
73 217
44 74
196 86
58 84
44 53
1 81
332 165
13 328
330 66
150 130
35 59
116 26
6 60
65 142
243 109
300 218
228 247
195 80
333 253
66 279
208 314
15 196
135 275
81 120
341 133
152 279
192 170
305 100
231 25
242 31
36 100
249 264
2 1
246 335
156 312
269 20
282 187
118 319
117 101
341 114
136 148
48 230
319 255
330 107
182 129
138 120
229 289
39 231
291 286
123 102
155 295
24 92
137 44
313 156
47 309
270 183
113 220
315 334
32 202
96 116
332 234
236 118
80 178
252 26
31 176
227 302
171 19
249 139
176 296
104 3
37 119
126 254
108 60
112 106
177 99
242 68
119 322
246 26
251 267
57 282
99 186
141 270
206 45
64 284
244 70
189 281
189 217
190 199
278 302
305 110
303 202
80 78
82 327
6 333
151 310
270 250
152 66
77 13
14 44
199 258
16 290
194 206
60 96
146 21
108 6
125 188
331 207
72 338
195 224
303 22
31 110
336 11
25 5
302 126
263 318
72 112
179 235
300 142
233 101
163 243
10 190
333 341
53 61
334 150
187 195
173 218
305 66
229 233
71 88
14 334
62 86
3 241
223 303
38 13
307 103
256 317
294 245
313 249
208 205
301 50
55 31
170 262
97 302
150 168
45 165
157 107
153 160
4 32
21 289
292 328
295 204
300 146
6 170
297 116
30 253
166 332
187 238
152 284
195 302
10 241
24 69
250 80
230 156
14 251
101 306
136 298
67 91
99 73
261 51
91 194
304 257
181 146
53 235
333 248
193 343
46 119
67 297
101 199
10 115
7 13
77 143
311 144
136 65
120 300
116 211
149 323
26 232
124 79
123 14
229 218
12 178
239 327
32 341
83 42
111 91
56 90
136 22
235 273
88 257
130 204
123 279
182 51
68 209
130 93
223 262
213 138
95 108
22 127
6 105
169 19
98 225
110 235
248 247
65 238
159 195
97 184
31 182
236 1
293 268
95 171
185 210
211 280
220 135
309 226
241 36
246 339
261 258
131 66
160 196
304 319
293 304
158 324
43 296
228 336
220 323
64 60
90 178
243 311
313 109
192 111
145 340
8 309
253 139
30 68
238 237
289 88
98 5
68 141
301 198
34 78
176 98
139 266
178 284
134 147
295 327
258 96
224 266
60 133
308 337
131 295
191 229
300 161
272 158
14 208
237 92
209 278
261 42
119 50
189 69
279 5
165 159
173 127
194 136
120 199
239 251
149 86
38 6
149 212
165 164
76 304
256 285
237 172
327 11
223 74
327 157
79 148
218 154
177 67
291 199
267 87
106 318
75 46
325 225
258 47
44 334
6 202
176 145
277 159
58 155
135 40
214 116
90 335
270 268
57 216
122 226
206 130
102 281
176 329
63 337
31 9
326 284
212 158
331 144
219 44
201 9
84 317
125 175
307 297
98 267
71 122
50 277
253 54
115 331
38 179
323 316
90 207
157 302
267 143
3 141
187 106
52 272
326 79
4 288
31 4
112 4
126 65
119 299
268 158
35 148
31 125
10 189
332 235
320 175
4 323
168 287
12 281
291 40
248 130
322 22
84 147
82 21
295 114
146 208
205 131
42 192
22 18
269 266
292 175
146 203
85 314
47 344
152 240
40 55
25 264
325 11
313 62
32 263
78 81
28 283
114 71
33 136
89 204
304 283
35 105
43 22
75 90
22 129
233 309
185 160
228 67
172 196
129 106
16 208
89 45
48 204
116 81
242 107
286 202
292 223
307 336
147 284
328 169
316 216
133 58
32 16
125 106
114 254
114 131
19 204
78 68
310 96
149 207
105 337
64 52
117 274
290 265
115 176
336 86
294 125
144 326
43 269
334 60
179 6
93 198
210 171
168 77
169 220
284 274
212 251
228 232
180 76
54 295
252 45
37 201
170 181
85 116
8 74
176 187
80 269
287 192
342 111
269 166
331 111
342 100
17 225
234 197
301 288
49 110
334 333
312 61
72 299
79 80
28 255
169 11
81 111
105 78
124 30
146 12
141 143
15 158
271 249
257 227
193 306
240 84
295 207
47 22
63 127
4 91
284 173
4 21
186 110
1 311
140 50
225 183
193 240
243 119
145 155
249 240
18 144
324 215
253 26
139 316
55 143
309 340
316 314
263 158
326 166
26 23
216 251
206 312
49 104
333 194
161 139
336 179
185 315
50 93
243 189
311 201
235 178
196 206
49 114
266 30
182 194
53 54
101 259
268 52
265 256
246 328
51 139
162 236
11 114
232 254
206 100
12 96
278 208
204 229
224 28
259 62
222 214
18 225
30 286
277 295
197 80
180 150
219 343
289 230
14 176
42 122
178 54
120 14
165 227
243 44
255 60
8 34
274 26
260 305
312 94
157 67
175 338
217 296
238 161
84 252
239 126
277 320
82 52
334 247
279 134
194 91
194 202
126 26
229 288
331 98
37 45
165 114
66 178
101 150
178 265
218 162
317 207
312 154
341 63
147 93
265 175
119 51
118 7
52 58
52 217
172 338
157 140
171 259
192 159
157 272
79 30
90 299
139 304
10 135
22 157
130 189
333 249
143 8
256 195
66 211
67 141
204 225
281 30
41 31
190 198
130 48
125 269
254 37
306 276
195 92
23 85
243 166
93 57
16 62
170 330
203 29
112 41
306 153
72 53
253 31
225 285
326 252
209 236
290 73
69 42
67 92
29 310
258 122
269 176
86 94
64 289
25 176
233 332
232 305
40 140
336 265
328 220
173 192
13 20
167 82
62 234
175 91
102 335
115 26
69 104
23 133
295 48
309 183
35 98
144 76
239 37
243 124
159 318
218 172
338 41
255 302
275 332
295 279
224 313
306 293
72 329
328 22
279 195
108 315
293 154
293 89
213 253
165 87
80 60
128 237
18 305
240 6
281 103
201 255
334 185
278 268
35 41
140 230
97 88
320 190
280 188
98 2
275 179
62 305
318 327
168 100
296 63
106 134
166 307
45 57
49 225
325 331
168 23
217 265
111 192
110 293
282 111
295 115
290 260
75 165
242 243
265 95
208 26
230 276
236 177
333 187
304 216
174 29
239 293
196 252
42 208
201 324
94 166
313 72
332 113
217 252
208 81
279 340
12 72
74 248
259 33
21 335
309 260
283 160
69 325
24 270
305 343
226 301
165 96
28 54
209 246
306 320
229 142
315 143
214 45
293 129
325 314
119 290
131 305
7 201
285 278
28 245
277 254
104 344
6 132
53 117
280 14
92 164
59 63
210 273
10 158
304 237
128 326
182 161
286 92
17 226
25 46
29 204
202 133
203 208
265 158
228 103
75 320
169 134
285 34
62 295
95 269
188 125
250 272
286 191
266 304
72 292
252 3
151 109
136 257
220 304
317 103
62 47
78 133
83 19
168 48
216 165
317 306
290 222
136 231
315 57
92 289
251 344
293 305
109 84
119 231
43 91
334 7
139 314
141 124
235 211
172 9
31 144
315 321
21 8
109 238
313 202
183 219
201 131
81 212
117 200
98 63
292 334
70 333
304 113
112 194
324 285
203 257
84 76
233 8
84 245
246 52
102 331
174 205
117 255
73 137
13 73
200 305
63 172
293 22
286 307
118 167
247 322
80 234
300 215
144 39
115 292
339 217
279 70
78 298
227 53
90 240
126 290
200 189
118 50
113 306
260 232
128 162
111 208
298 66
326 97
7 96
292 1
216 226
318 196
179 201
249 172
343 277
117 199
122 137
151 235
98 66
24 227
131 135
337 84
201 318
84 209
70 31
112 188
159 333
39 338
189 190
165 187
122 185
288 146
322 342
284 323
310 308
107 96
83 202
320 69
66 292
100 81
135 259
69 76
154 160
266 222
249 290
309 95
92 188
92 278
166 57
241 273
56 242
275 139
100 250
208 68
197 210
149 234
26 120
310 82
280 133
304 185
78 268
280 72
112 274
5 180
233 149
11 289
46 286
330 48
93 95
19 290
207 70
81 233
191 46
316 28
179 177
213 257
3 50
232 17
226 237
197 115
288 110
59 237
51 292
285 46
42 206
238 250
277 319
40 25
20 258
53 199
91 169
14 341
219 148
13 101
40 112
118 329
223 79
123 176
26 63
223 316
172 116
221 104
338 163
129 13
77 182
115 168
6 31
164 128
179 79
131 121
93 249
7 316
230 130
50 257
96 175
228 268
193 6
27 186
169 58
102 246
142 217
316 51
150 37
179 329
116 212
7 210
18 15
83 248
145 35
62 241
210 192
66 59
198 340
147 23
53 249
171 196
23 143
149 173
82 328
59 101
97 67
213 17
82 296
265 129
332 230
26 99
77 339
60 276
335 208
201 43
141 136
319 290
211 57
175 271
158 174
338 26
191 322
224 14
106 113
244 34
213 321
29 273
154 19
38 257
309 151
189 161
298 55
120 31
228 278
205 123
304 52
100 86
66 207
199 212
143 314
90 172
243 245
93 183
59 58
334 246
66 80
310 266
38 85
297 168
19 158
292 225
112 47
311 80
156 68
292 300
29 182
184 25
21 244
330 257
47 51
338 12
219 278
98 172
101 19
232 48
146 246
343 15
326 154
83 175
11 120
114 41
303 299
313 324
100 298
138 147
251 131
62 125
311 160
199 315
81 86
18 227
332 16
242 215
73 227
45 84
3 62
27 208
16 340
89 18
293 227
165 101
261 227
289 81
197 272
70 118
155 304
36 299
175 109
182 122
96 87
295 102
21 39
120 216
266 188
318 182
317 102
312 164
183 164
91 155
184 148
115 221
103 192
232 187
216 328
274 56
9 224
60 277
165 83
50 86
173 23
171 145
27 138
309 211
302 303
268 44
106 38
265 111
132 152
298 4
38 129
307 294
255 22
226 75
7 276
64 180
202 235
326 229
28 192
342 232
52 266
276 159
206 98
153 126
245 93
157 207
42 68
131 170
45 41
3 11
221 107
246 104
337 176
199 236
64 251
59 242
65 266
243 238
162 51
266 309
46 325
73 88
160 341
147 163
7 24
271 156
30 165
332 229
56 298
136 18
98 103
284 341
243 3
294 66
312 340
47 40
83 244
146 243
240 294
308 150
220 234
208 250
301 195
37 13
51 75
278 149
178 217
145 324
122 94
292 336
336 241
278 321
141 79
121 283
275 84
335 52
221 198
303 177
49 242
92 100
317 25
151 52
144 296
278 266
292 226
159 283
122 92
259 263
74 35
104 4
21 94
57 242
293 262
322 244
61 69
344 33
342 150
85 141
3 19
310 197
147 124
135 269
119 296
90 193
233 194
197 156
288 156
54 138
320 278
37 36
249 283
316 246
335 57
290 338
323 157
190 125
183 227
296 302
80 288
150 215
137 250
27 328
61 328
23 284
261 61
222 67
344 194
314 335
251 161
230 131
318 323
158 156
205 109
114 188
53 166
58 92
71 332
322 35
315 1
319 133
62 196
201 308
45 72
298 198
233 184
231 206
162 44
264 269
154 280
14 109
102 73
201 173
60 81
208 278
82 84
66 46
183 267
9 228
339 308
329 129
49 215
237 113
260 157
284 316
92 299
80 96
274 183
270 236
264 35
169 1
22 138
47 205
60 304
335 302
169 319
333 218
92 226
233 7
38 172
323 32
28 305
129 302
143 301
194 63
238 265
311 260
58 261
22 21
220 13
225 44
332 213
164 79
94 52
333 132
126 213
67 155
173 98
112 219
301 208
184 194
129 52
12 89
313 34
110 90
294 335
134 184
204 200
263 200
235 281
269 302
91 0
302 105
219 258
216 305
9 0
12 268
89 326
205 102
71 154
92 108
338 198
210 159
54 20
313 289
203 139
148 294
139 105
301 13
18 172
220 274
74 233
198 66
214 58
168 187
212 162
197 108
16 310
267 317
330 137
163 188
276 311
39 71
318 242
331 336
70 207
167 46
95 20
112 211
78 182
300 193
0 55
301 263
20 223
137 252
15 300
342 193
168 36
264 141
278 153
34 250
262 201
199 259
222 213
27 202
51 327
50 298
284 253
216 304
131 255
113 48
112 110
144 280
48 310
323 229
118 12
36 35
115 235
196 239
104 223
97 155
206 49
10 47
303 128
254 336
38 22
287 150
35 86
332 83
51 310
214 72
322 251
9 339
141 206
234 147
84 331
204 192
282 214
142 240
342 51
134 35
73 76
87 10
64 74
94 17
39 308
336 263
116 1
109 147
307 95
35 167
190 317
36 332
115 281
38 249
316 13
227 306
24 193
35 20
210 322
230 104
142 2
105 55
162 116
104 124
211 139
291 56
14 230
290 129
166 230
280 39
244 64
0 170
92 271
162 322
30 304
226 37
262 43
153 268
168 20
63 16
323 324
246 171
10 314
56 192
9 202
158 256
274 317
96 21
243 258
246 176
120 127
213 37
73 22
305 143
289 270
159 169
151 308
340 161
277 299
8 188
156 166
40 196
9 284
12 255
115 132
285 328
71 13
252 278
156 196
204 217
21 257
82 263
74 262
217 329
105 29
151 107
17 191
206 26
32 218
184 49
280 323
39 187
158 97
39 264
314 307
177 299
127 251
216 0
235 321
276 288
331 293
135 192
221 69
312 307
119 121
333 54
1 274
241 159
26 182
79 243
46 256
197 174
64 68
76 299
291 7
145 179
202 280
273 78
251 142
288 25
263 276
326 264
108 125
79 134
209 158
279 256
316 131
332 35
101 63
236 295
70 36
129 272
218 305
252 125
102 97
52 21
276 34
285 39
61 266
173 270
83 297
141 317
234 145
35 126
342 7
162 28
181 36
333 336
63 91
88 115
14 19
51 201
305 14
123 36
285 6
46 270
304 187
243 95
234 180
221 231
188 286
260 271
224 248
262 287
241 253
304 255
174 258
14 135
272 39
171 114
45 217
40 251
306 283
2 98
329 208
164 146
37 43
50 201
232 193
109 94
6 186
7 20
223 181
59 49
296 104
168 238
11 31
78 13
129 98
138 114
209 205
162 246
248 212
102 38
308 114
132 314
300 41
236 178
124 295
129 322
301 297
215 214
230 293
129 15
294 170
31 158
30 193
306 180
308 63
218 271
79 252
142 281
195 33
16 320
230 145
297 88
344 70
205 230
18 334
245 214
159 276
27 91
26 235
272 334
299 47
260 280
300 304
217 52
239 233
27 124
34 227
115 280
297 320
165 217
211 312
87 273
145 16
19 172
252 291
161 108
339 324
43 196
283 260
248 178
51 178
204 332
60 221
267 12
196 335
229 310
302 218
238 5
235 159
177 44
8 240
152 249
219 195
100 60
13 250
140 64
83 344
51 45
221 220
57 319
210 189
186 70
62 326
75 199
141 154
243 51
49 50
300 171
148 302
231 63
207 26
127 193
272 80
238 50
202 198
272 68
289 113
138 253
95 115
108 138
269 253
189 318
206 46
144 9
3 30
319 112
303 3
207 231
83 101
183 285
201 110
255 145
224 48
53 221
65 63
317 105
308 178
89 154
40 63
168 245
66 31
131 51
34 315
238 235
80 149
282 206
99 237
82 165
301 343
154 175
103 19
8 254
29 344
310 316
62 134
216 30
67 3
81 101
220 319
238 202
25 175
311 125
67 48
192 270
294 248
100 299
268 10
209 297
9 76
268 71
3 179
44 84
280 166
306 173
271 233
250 237
260 220
187 107
145 136
258 148
91 181
158 202
35 168
180 205
141 293
246 145
29 193
131 310
14 339
40 285
228 193
79 45
315 267
153 115
165 51
149 324
155 184
49 336
291 92
186 192
139 215
287 173
82 302
167 25
144 297
218 126
343 188
48 53
205 8
21 26
307 170
252 19
256 203
10 202
295 98
296 90
314 239
263 298
98 332
323 144
187 98
270 185
286 220
140 49
131 161
322 93
331 131
112 144
334 25
248 284
123 199
276 339
340 96
195 340
84 173
140 271
272 312
13 115
188 153
66 221
216 43
314 104
174 328
248 65
8 151
252 34
252 183
275 150
182 125
145 168
299 187
341 128
57 9
145 147
64 212
23 280
157 239
39 332
222 189
299 133
340 206
167 149
292 97
201 129
125 2
297 326
91 293
109 148
204 156
197 268
23 220
105 181
114 144
70 337
333 24
125 230
133 194
281 80
193 138
209 318
42 63
258 310
184 117
122 36
287 47
159 47
228 273
93 200
167 328
127 194
213 260
290 51
340 139
189 106
14 231
71 314
267 329
279 8
101 303
291 43
337 136
281 85
337 5
68 21
102 183
281 47
136 178
88 326
186 103
114 257
72 283
291 244
212 140
189 120
147 83
256 83
168 150
336 138
73 93
223 9
42 14
89 131
242 275
234 259
89 208
197 232
116 46
131 230
186 222
252 235
305 164
319 30
216 212
70 192
305 293
103 249
210 193
35 9
25 269
268 115
132 23
2 151
69 36
283 157
160 191
294 121
257 268
151 128
37 222
320 244
72 79
149 184
174 184
194 199
11 19
216 45
42 121
196 13
59 135
72 219
228 22
340 140
192 49
268 230
173 146
129 147
127 278
332 203
20 83
304 31
102 78
323 47
199 175
60 160
212 35
34 95
57 277
235 249
228 60
36 303
108 166
105 137
1 339
242 21
324 202
299 82
280 278
31 36
10 91
196 124
28 230
121 85
64 258
237 292
220 273
250 231
341 258
23 343
252 266
266 232
25 221
56 247
341 66
240 94
92 269
324 213
256 291
126 50
238 1
324 46
232 222
304 158
122 113
326 44
0 6
167 118
213 223
267 111
191 65
205 283
236 86
151 49
100 173
82 326
219 217
203 178
30 326
193 11
272 194
264 341
214 132
121 39
243 312
104 103
152 340
189 205
44 222
39 46
297 121
27 171
338 133
251 270
114 99
281 288
195 200
186 312
234 307
274 110
235 81
7 327
188 298
106 227
0 58
250 27
229 146
160 37
71 176
136 255
21 234
12 207
201 247
169 207
34 0
317 270
328 226
154 171
179 260
53 81
318 206
109 202
7 171
141 78
250 277
235 271
68 248
36 269
150 107
33 184
108 252
11 91
133 165
165 215
80 120
296 53
326 307
157 333
36 298
314 286
133 204
114 103
107 150
275 159
160 308
246 268
216 159
261 251
325 81
121 307
202 73
263 85
282 322
74 318
178 290
259 213
51 276
316 61
328 246
220 143
210 23
66 328
183 328
234 163
311 11
27 168
331 192
254 268
170 230
242 250
77 58
118 30
334 336
91 318
238 214
116 5
237 85
235 75
68 124
140 281
37 168
7 270
262 261
194 87
48 338
239 27
298 12
57 288
4 51
163 144
265 279
51 59
135 334
312 275
271 5
0 278
177 165
96 273
252 46
266 49
320 220
61 279
65 312
330 228
310 84
252 2
179 148
127 82
328 304
247 326
233 56
105 249
178 69
184 243
36 169
28 50
16 189
177 269
191 54
46 272
203 75
9 88
34 158
70 169
215 344
128 320
151 306
44 237
107 328
308 135
280 285
228 198
31 307
24 124
264 70
52 24
145 308
112 82
122 84
153 337
331 281
214 137
145 161
276 252
144 239
289 326
180 75
179 211
37 204
336 203
176 290
227 224
253 242
306 30
326 16
22 312
298 139
6 0
300 282
252 1
177 98
327 259
173 63
27 113
169 265
316 248
210 199
127 21
343 335
51 324
6 321
194 304
115 200
304 70
40 113
318 119
212 202
280 287
265 307
55 337
130 274
240 242
128 22
263 28
12 315
7 265
193 201
225 308
304 86
280 246
102 253
267 216
110 202
158 277
66 214
269 196
143 66
94 173
88 259
201 2
229 110
268 77
214 50
287 75
38 222
321 140
32 243
11 142
2 72
322 315
188 246
167 331
215 163
61 303
77 164
208 209
176 33
188 45
330 131
120 23
255 343
66 288
143 324
332 145
51 309
116 239
113 185
127 328
250 90
188 327
156 298
93 333
233 282
280 218
315 56
144 225
54 210
70 100
189 58
245 241
269 263
37 284
103 165
169 8
255 260
238 67
115 233
302 4
170 237
222 140
195 21
268 152
133 338
252 323
298 152
121 125
318 158
311 76
225 136
332 38
298 127
7 68
15 309
72 88
201 197
130 299
120 53
106 254
47 13
134 247
67 157
27 40
217 339
19 98
32 253
136 232
35 143
300 297
9 275
287 112
29 73
66 51
126 172
207 75
87 341
323 155
55 5
97 273
246 116
26 180
24 64
67 306
109 270
161 118
102 103
176 199
84 303
26 292
280 16
190 258
73 246
166 170
174 67
287 102
248 213
68 217
77 177
142 238
197 146
243 82
277 75
281 264
280 210
211 215
128 56
129 201
302 197
26 33
264 215
37 69
331 105
287 63
184 331
203 36
133 101
21 312
176 204
231 13
316 344
131 99
56 162
300 260
14 327
294 278
197 331
250 183
339 94
148 178
80 6
215 115
330 186
342 216
102 314
118 233
68 174
50 24
336 64
6 187
244 105
76 149
191 70
243 339
150 226
248 20
243 11
60 228
99 58
2 201
27 120
89 342
196 41
21 187
105 274
277 5
282 8
56 128
78 202
24 228
83 272
151 228
185 211
112 285
171 16
43 198
136 35
98 234
76 119
323 84
296 255
89 233
263 145
263 243
249 287
29 332
215 82
118 55
293 230
242 120
148 286
220 186
321 318
75 299
340 53
38 193
211 29
81 31
77 344
275 326
286 304
216 58
288 334
114 236
121 11
258 269
199 36
110 77
256 87
279 153
42 317
1 253
2 329
285 79
328 117
307 172
323 178
230 266
167 246
59 288
160 318
114 261
256 126
339 69
213 273
223 256
147 126
164 149
111 6
130 341
123 93
70 101
271 203
22 341
104 82
186 166
302 301
83 213
329 77
184 198
252 62
109 54
91 175
106 202
182 138
100 305
133 171
309 307
276 331
303 35
68 46
104 272
249 187
42 234
166 227
87 320
191 98
276 282
273 37
41 12
176 44
220 211
215 184
72 131
83 43
178 89
315 82
276 13
218 344
240 305
319 333
58 251
271 234
190 214
258 23
135 30
207 308
78 280
342 64
323 175
153 195
159 332
208 33
331 5
240 208
339 299
114 167
90 206
36 238
130 197
262 265
227 124
228 208
306 225
272 186
302 80
37 19
314 245
299 301
153 194
164 147
50 180
216 140
41 154
34 171
6 198
338 136
322 222
344 186
4 173
27 209
253 64
228 223
212 84
81 20
180 147
69 231
327 187
273 270
341 209
344 250
62 337
41 287
116 287
128 121
115 57
232 270
122 17
148 236
101 131
158 281
278 129
69 162
316 245
88 214
11 87
119 74
79 62
263 196
4 293
219 119
5 8
45 29
25 95
167 126
227 325
309 62
109 281
225 327
181 215
197 192
168 283
281 333
36 187
281 255
307 189
263 254
120 190
218 133
268 183
196 280
21 323
164 202
193 16
296 52
137 22
335 320
10 27
162 194
184 124
38 5
280 158
195 285
3 69
320 272
154 73
109 175
51 273
279 146
192 132
198 329
154 189
206 165
216 23
14 55
50 299
307 330
14 158
270 18
129 148
192 185
221 301
15 273
229 196
74 323
328 273
209 138
19 70
205 235
94 121
192 144
322 155
129 336
215 302
256 344
7 103
184 228
306 101
58 93
199 133
71 182
308 281
222 327
6 82
119 2
105 213
146 82
23 178
37 232
139 44
336 225
174 199
326 233
292 180
268 19
265 231
300 44
115 208
29 136
211 134
4 259
217 275
92 193
327 112
322 220
337 152
75 221
40 22
303 308
41 125
96 243
170 113
9 199
249 122
333 155
36 107
85 31
202 58
62 185
72 287
307 311
94 37
187 134
60 48
344 3
75 95
149 245
110 158
99 14
280 335
169 218
344 157
249 104
191 287
156 153
253 250
191 343
286 153
293 187
156 23
184 207
269 294
267 270
210 202
162 34
323 162
93 227
266 210
343 112
54 154
167 308
306 13
208 149
166 58
238 225
81 77
87 252
273 10
80 138
114 242
75 92
306 168
222 129
34 220
143 88
277 311
298 140
226 63
192 48
175 105
163 262
12 338
174 92
132 289
237 109
283 198
277 160
328 213
283 28
204 117
339 59
257 221
123 104
171 146
92 1
251 255
263 166
150 93
258 282
284 150
46 222
251 226
285 136
94 125
164 200
242 61
260 56
282 285
63 10
11 240
312 176
61 117
171 221
55 110
27 3
235 180
229 77
316 226
202 135
328 1
196 145
57 35
85 22
45 74
177 303
216 144
135 179
164 208
55 121
319 329
124 111
188 135
39 292
173 269
293 271
70 252
307 57
275 254
33 9
213 249
56 3
83 220
211 41
243 87
100 92
180 288
227 121
137 302
46 85
229 18
240 191
75 72
100 109
81 215
260 39
218 246
259 332
189 157
321 214
82 77
208 164
267 338
188 60
295 136
47 179
272 131
261 275
142 343
145 305
284 266
108 199
155 297
258 131
68 242
110 277
309 33
270 54
340 220
190 289
302 246
134 131
279 50
61 324
295 109
284 137
277 294
238 87
246 151
296 231
148 162
166 320
118 63
98 210
254 55
111 43
341 52
173 193
161 14
330 340
308 223
329 111
277 104
328 130
237 33
194 305
9 312
270 107
177 180
64 190
125 152
39 121
204 213
217 267
227 104
164 191
230 148
302 64
253 187
96 47
221 290
255 230
159 180
239 238
15 205
83 141
12 24
164 119
237 283
288 120
290 108
213 175
256 72
141 66
260 237
16 38
84 271
170 243
106 64
136 24
269 121
67 183
145 231
204 38
72 148
60 17
158 175
94 316
247 235
285 64
127 301
102 211
109 137
238 147
161 162
268 228
248 68
17 107
8 89
157 68
8 315
243 102
287 48
337 129
112 21
85 117
232 116
291 243
253 185
292 70
249 215
200 54
185 217
208 319
262 118
290 63
220 134
111 114
263 125
135 250
144 269
21 338
69 176
80 16
246 329
231 102
286 72
221 103
168 332
324 332
105 171
50 326
305 63
342 125
91 35
277 235
304 200
228 29
32 308
195 81
184 38
153 61
141 223
48 120
210 55
292 261
283 154
226 281
182 317
316 114
110 177
217 240
108 249
106 56
84 203
137 269
241 192
232 284
70 182
306 280
237 253
98 176
310 227
14 49
199 232
163 211
64 35
9 75
186 17
33 173
220 72
344 18
264 231
302 236
68 263
73 207
38 286
301 299
186 55
269 251
338 180
228 179
197 261
254 319
337 154
139 196
292 109
16 267
317 337
341 257
278 297
212 268
257 53
324 83
206 219
263 89
53 17
252 308
336 240
216 230
296 258
81 243
22 97
68 339
90 64
252 270
264 119
96 176
74 75
259 281
196 79
25 249
96 278
114 87
75 233
317 274
48 300
74 70
299 142
312 291
207 121
217 126
142 313
204 216
290 118
152 141
292 293
260 309
282 335
197 254
264 245
111 339
217 65
38 86
12 245
207 229
273 4
99 132
221 44
152 275
87 251
10 281
199 270
245 38
163 344
194 329
146 305
225 19
26 264
105 38
164 215
169 340
219 170
127 342
116 280
175 203
186 87
139 288
260 287
228 78
286 78
309 88
38 190
9 311
11 16
251 175
231 75
72 8
245 200
252 263
37 82
170 163
315 332
105 199
65 293
277 276
283 217
121 292
184 132
211 90
210 97
166 282
7 313
39 260
134 323
244 157
104 316
320 74
303 327
175 270
178 107
202 116
64 66
13 177
156 125
274 224
309 184
95 251
99 229
229 343
41 235
217 264
212 175
246 42
101 79
52 303
98 32
183 64
0 98
241 156
125 72
36 90
256 131
243 10
15 127
256 303
18 128
222 132
205 26
105 226
166 105
160 5
169 160
5 65
317 131
138 255
123 49
41 21
307 303
50 120
261 315
150 41
102 10
67 277
219 74
60 40
180 221
292 4
283 298
317 157
84 110
67 109
61 10
32 270
292 34
300 344
75 57
257 142
236 131
118 297
73 298
75 21
205 260
319 177
73 305
189 42
316 152
53 3
325 268
332 272
302 287
272 279
323 138
217 97
337 290
297 314
311 157
230 187
236 205
49 327
247 20
37 202
23 17
126 258
289 330
200 118
265 102
204 243
143 76
242 135
22 195
105 235
7 237
325 146
97 29
30 246
50 67
104 320
84 132
233 29
19 336
49 186
340 254
332 138
330 229
274 254
79 281
47 334
75 27
37 74
303 67
320 8
135 326
231 219
15 21
150 35
12 200
221 255
11 110
48 243
340 224
153 321
62 102
310 137
129 249
211 87
317 89
343 107
70 131
228 86
152 281
23 67
38 146
322 49
257 272
292 154
152 2
130 116
104 343
254 233
247 22
223 219
111 221
228 84
254 14
72 61
295 342
30 333
143 7
37 302
182 231
111 334
234 144
105 338
142 261
129 291
186 7
166 297
130 296
283 39
310 257
2 162
254 33
150 53
40 89
10 222
321 24
113 210
168 121
203 310
284 332
256 125
241 324
325 273
178 263
312 143
176 315
208 85
250 13
40 290
103 298
70 326
322 85
191 145
108 296
110 48
186 268
75 329
248 55
258 328
221 127
28 299
344 236
286 249
250 327
97 255
280 69
236 257
154 329
304 263
213 23
239 288
8 44
344 266
27 122
295 56
76 295
292 17
199 99
246 296
9 83
20 147
242 77
131 201
242 314
172 110
337 67
300 0
111 299
168 41
323 119
97 54
316 291
319 170
46 122
24 55
206 291
105 103
23 236
207 265
205 34
277 100
3 233
2 17
89 171
58 68
192 155
24 163
101 343
121 259
7 229
108 112
234 131
3 96
299 111
33 133
211 36
21 213
53 13
39 13
328 133
168 7
198 172
253 336
221 276
152 130
160 260
242 49
294 246
48 248
12 328
283 223
266 207
91 320
220 33
235 203
68 306
112 169
133 20
160 256
296 312
42 13
130 186
63 79
87 13
229 1
126 262
29 218
139 151
153 30
256 123
336 24
292 26
291 9
322 128
256 107
315 221
88 304
234 317
306 132
139 87
297 71
207 91
222 262
23 134
41 261
60 235
189 6
245 276
249 124
306 63
133 276
284 221
138 76
193 1
110 234
88 62
305 198
56 183
17 326
219 305
145 279
196 236
187 343
167 339
122 129
57 255
307 243
33 2
221 226
3 234
17 92
198 323
192 156
63 209
138 282
170 185
118 268
76 305
266 146
275 258
200 139
142 280
71 280
139 270
258 233
81 321
98 121
160 170
93 285
43 14
86 244
158 61
304 119
196 101
301 114
149 28
49 190
298 210
88 79
58 151
249 266
331 244
206 29
160 194
274 21
112 334
82 319
108 180
322 64
196 126
339 245
219 194
12 298
131 101
279 91
12 140
329 121
170 144
217 1
165 232
335 149
206 0
329 183
311 180
212 306
327 86
57 340
286 188
343 220
279 152
305 194
292 289
217 117
88 89
20 155
321 10
304 84
257 190
268 126
25 135
87 254
123 144
249 64
235 149
284 71
301 244
265 151
90 39
170 178
129 191
235 7
103 96
92 16
286 262
142 311
52 131
122 77
177 274
141 314
78 327
41 282
226 208
88 218
248 258
298 279
6 188
188 110
284 280
28 225
197 72
93 151
203 215
228 282
144 271
253 195
62 36
58 52
254 208
44 219
297 233
329 236
168 259
18 268
321 91
229 107
28 275
33 182
55 189
279 19
225 338
71 37
103 284
146 148
60 99
283 44
237 8
303 256
276 191
282 153
15 212
331 295
50 288
139 329
308 267
224 281
206 230
122 7
280 182
8 218
128 246
226 333
59 60
179 328
215 116
39 230
82 281
313 124
167 178
46 294
115 154
179 237
161 16
322 72
234 105
318 17
341 32
77 175
15 292
194 301
326 64
263 197
188 332
30 136
290 17
280 164
178 71
171 53
89 69
332 68
245 250
263 341
206 342
323 90
308 143
189 151
130 121
287 314
169 232
331 258
241 267
324 321
338 150
30 329
220 17
53 22
267 218
265 31
215 145
121 81
288 310
232 73
333 77
289 157
309 276
70 107
100 296
84 340
4 16
227 126
50 203
55 315
136 172
115 159
253 305
26 43
120 225
172 84
58 144
94 158
96 178
55 2
194 184
128 129
21 178
234 323
148 25
151 165
184 59
125 210
4 60
225 124
187 299
111 245
0 205
38 16
0 134
102 128
263 124
306 55
4 11
80 155
78 167
117 203
279 121
166 61
246 8
15 259
254 263
119 214
261 59
132 164
193 137
292 13
163 156
68 167
167 51
323 148
120 342
253 301
118 74
18 266
330 280
82 141
198 201
257 17
162 292
181 257
84 30
271 247
186 241
316 256
194 294
59 216
193 214
173 214
37 176
126 120
219 227
321 33
244 41
227 327
298 311
12 224
115 101
23 334
259 217
185 220
336 34
89 164
248 280
10 285
13 38
60 232
167 284
168 313
325 50
295 278
264 210
60 281
213 83
270 127
202 111
2 193
145 338
259 295
274 171
137 287
112 198
77 279
39 147
248 19
197 100
199 18
310 161
300 80
244 225
207 4
238 111
99 285
105 261
137 281
87 275
125 199
128 104
134 69
251 284
88 6
39 189
24 252
6 324
332 152
107 97
58 247
208 60
188 215
321 325
53 310
255 179
165 285
185 201
9 92
140 344
98 81
91 122
235 97
102 125
151 111
222 112
13 332
172 201
105 148
84 158
15 241
239 180
36 93
74 78
340 172
294 199
85 298
324 138
311 103
250 325
338 77
83 0
127 167
158 143
311 300
225 50
282 164
143 11
242 40
183 206
126 34
308 113
235 287
252 201
293 157
235 265
188 264
334 248
62 300
203 190
252 140
9 298
151 251
338 236
15 22
173 323
135 63
167 42
264 17
102 3
205 239
170 48
158 159
297 123
17 155
313 171
198 322
124 251
130 118
45 47
140 218
25 177
281 95
122 102
112 224
105 318
118 275
337 318
203 256
31 73
82 131
50 207
37 83
227 82
130 269
300 58
101 138
55 125
241 167
4 1
42 24
179 311
186 308
329 217
37 313
250 334
77 288
72 304
272 105
65 232
268 22
12 66
189 264
68 134
288 149
100 48
222 286
259 206
61 296
76 311
285 154
156 260
113 84
267 244
116 234
33 286
256 292
8 2
211 323
136 57
127 236
7 4
80 266
112 141
119 188
9 307
342 166
124 13
152 46
159 268
280 192
209 93
41 119
95 155
97 232
212 224
25 121
228 7
290 340
50 311
86 60
273 83
128 299
96 280
0 157
105 182
4 216
177 293
336 273
103 88
160 217
313 87
338 98
95 185
341 145
152 82
107 80
165 235
35 164
72 282
321 79
22 228
296 199
176 189
127 181
277 189
53 147
179 293
246 274
134 144
321 286
226 84
268 293
221 205
14 294
143 238
275 67
121 226
168 199
70 198
282 250
42 335
52 221
185 200
52 319
344 29
162 127
15 86
76 138
291 90
230 265
58 253
146 129
107 119
327 291
24 271
281 323
179 102
343 178
33 161
208 295
247 284
89 95
276 78
87 162
343 47
70 47
176 80
166 60
26 92
332 210
70 37
234 151
41 134
232 75
295 95
272 99
34 16
97 212
95 184
276 340
133 249
289 212
329 110
272 257
104 161
24 77
100 160
228 142
295 17
119 147
112 46
149 48
310 246
163 307
332 94
302 120
343 247
234 229
259 64
142 266
225 68
343 326
229 128
25 81
146 46
130 160
339 181
209 304
82 27
266 69
23 126
92 22
28 326
251 189
45 295
110 173
266 10
56 52
139 328
35 187
29 165
2 23
2 113
230 331
42 151
303 313
277 50
335 207
278 143
52 226
341 64
54 262
75 110
216 214
93 251
303 24
71 207
294 320
223 179
307 265
233 265
233 67
217 125
171 229
278 167
293 332
331 23
344 202
139 339
108 344
18 81
207 215
57 85
49 266
252 282
88 43
252 305
12 241
313 291
310 163
278 296
89 180
55 228
76 65
130 95
49 239
212 8
324 261
274 133
101 17
78 8
224 149
92 236
292 307
182 258
125 18
111 214
100 167
0 176
134 130
173 183
24 40
191 250
204 120
285 305
39 19
215 263
70 209
155 17
171 239
275 296
159 42
166 259
111 68
91 245
198 264
84 124
207 275
29 66
298 216
26 239
235 143
158 305
7 215
109 155
31 269
85 210
167 176
111 267
343 97
46 205
274 322
271 129
194 297
24 84
342 182
299 172
84 310
229 17
234 329
117 222
194 186
53 207
109 51
206 155
158 136
133 84
167 327
283 191
313 280
275 162
186 229
334 270
195 219
288 331
203 307
208 299
148 164
64 257
117 270
68 276
308 103
15 131
332 201
322 202
136 155
20 323
286 256
150 136
130 340
25 235
302 135
92 106
201 156
18 319
81 333
250 292
338 167
78 325
23 302
183 62
112 105
40 54
16 92
92 49
88 19
284 45
57 278
53 258
89 319
134 73
209 39
20 203
109 0
85 132
302 170
96 317
275 38
273 292
131 267
341 219
189 182
166 246
116 122
61 107
96 196
82 305
137 4
65 246
4 151
281 209
223 32
83 154
71 11
3 202
180 344
323 24
83 46
172 101
168 234
209 166
85 291
127 222
198 94
26 202
245 307
313 26
339 51
180 312
71 47
84 296
71 167
343 146
269 68
235 22
228 264
146 81
13 172
186 161
134 154
187 31
108 269
245 319
9 317
21 93
268 340
162 168
141 333
237 78
270 29
100 154
293 148
137 208
321 323
24 12
35 113
290 45
37 191
19 46
65 288
41 333
283 106
157 326
94 296
59 267
325 61
76 175
209 115
38 87
341 310
2 31
325 194
76 18
40 342
311 105
285 255
341 223
16 55
106 12
6 165
279 233
128 257
63 240
28 3
327 24
215 231
302 196
81 280
116 23
277 329
31 218
343 157
82 105
170 88
172 6
321 301
264 286
196 194
191 80
218 62
214 77
258 295
12 276
318 289
260 4
64 57
278 310
214 15
70 286
5 144
293 228
2 212
169 100
308 16
181 83
160 238
247 172
18 331
127 83
290 60
48 160
323 20
101 328
164 296
212 167
65 283
267 28
201 5
111 181
302 271
321 106
98 47
229 19
281 258
102 226
318 52
288 198
72 45
243 296
207 309
136 32
337 338
37 104
174 242
277 151
3 278
100 232
297 36
145 54
263 21
106 206
121 80
153 205
218 52
156 328
16 195
15 8
188 52
14 264
196 292
317 200
225 73
334 177
109 37
133 27
305 141
136 81
221 289
287 341
243 0
324 259
97 339
170 285
294 184
107 145
33 79
247 258
152 139
337 262
176 125
191 38
266 327
21 44
174 308
288 72
211 169
234 210
151 15
145 258
62 179
239 212
92 47
6 332
309 84
112 57
122 281
287 143
227 116
9 72
90 122
242 324
332 308
285 40
225 86
56 259
142 309
48 261
312 72
118 326
272 127
54 18
151 296
342 138
161 283
81 288
271 281
34 191
278 91
105 75
302 254
330 253
170 298
227 269
250 37
29 304
55 180
157 299
139 204
163 65
140 198
158 74
191 166
51 50
75 284
303 245
139 186
71 248
186 321
187 118
281 242
298 340
99 76
216 238
280 34
206 323
134 19
299 325
185 252
278 162
191 236
309 232
324 35
38 68
12 225
186 195
123 41
190 124
118 61
17 300
343 125
180 132
145 134
15 232
42 293
50 135
86 14
23 66
297 61
134 309
286 222
61 311
263 251
90 283
215 10
141 213
135 321
0 182
111 262
70 55
210 22
283 115
265 235
78 301
101 267
80 162
233 343
184 186
138 227
54 273
203 301
111 216
219 83
271 331
105 19
87 290
36 254
181 115
210 184
284 290
2 74
191 220
300 277
61 93
159 17
269 264
318 282
136 94
20 309
328 27
230 70
219 267
325 302
284 92
142 223
297 33
266 155
310 327
248 26
344 74
290 219
11 328
216 278
293 199
207 178
171 82
2 53
39 286
146 83
164 333
129 19
21 297
174 233
181 324
161 82
54 106
302 312
337 173
246 285
274 108
20 100
92 23
154 132
309 202
117 31
190 247
50 113
199 224
1 283
203 162
20 159
170 224
127 162
52 28
4 228
38 25
329 131
295 40
165 161
242 282
192 334
86 144
102 188
23 103
126 129
167 48
190 337
273 317
155 227
247 159
111 188
86 342
221 36
37 41
198 181
225 292
170 214
92 174
304 17
277 85
146 1
35 337
338 308
211 50
191 114
112 302
302 100
299 178
137 238
121 237
184 146
19 276
320 323
294 154
310 342
155 1
236 50
309 5
101 155
119 115
14 323
58 254
108 81
146 84
231 331
230 251
164 205
229 15
261 97
260 71
98 151
122 309
22 177
142 36
57 12
252 115
169 262
98 315
2 330
203 232
236 270
340 22
285 256
119 200
230 119
84 312
281 106
47 78
142 104
122 161
214 220
34 118
107 139
252 245
64 247
268 252
61 289
9 193
64 263
102 148
133 285
254 180
18 298
186 257
250 308
321 21
86 257
139 95
51 46
341 18
196 166
270 159
110 279
7 76
100 11
224 135
296 35
217 216
334 58
30 141
269 6
162 10
263 203
105 217
151 3
235 2
169 62
161 182
243 70
258 343
81 138
133 279
75 252
150 311
311 181
107 235
147 8
276 154
60 264
326 51
66 224
121 325
125 203
20 160
137 342
68 190
309 281
26 71
171 115
145 220
25 76
276 54
159 336
318 49
123 201
100 189
328 221
71 108
326 338
268 21
336 238
211 300
174 139
273 247
156 73
52 301
138 113
194 14
162 317
215 262
64 198
41 135
208 22
31 34
290 22
272 58
224 4
197 152
251 256
128 276
340 180
293 328
49 13
203 167
275 267
304 131
241 335
67 88
12 339
147 236
343 344
291 152
255 74
330 152
156 119
188 104
4 237
19 207
306 197
31 229
70 336
262 311
228 329
302 143
323 104
281 224
103 227
278 261
203 263
68 14
37 158
21 288
298 40
151 259
237 84
143 308
75 60
176 206
291 133
4 172
237 187
51 243
70 231
61 175
149 31
190 88
190 113
31 143
153 84
304 293
169 103
158 146
65 236
7 12
272 258
184 66
101 137
309 73
270 272
248 74
304 340
64 51
108 95
96 164
82 55
60 172
52 126
63 307
40 335
220 126
304 321
165 268
49 90
98 200
66 57
195 130
10 304
127 106
25 209
63 39
17 124
113 70
152 78
32 192
316 154
220 275
131 40
198 82
32 198
184 98
157 35
228 167
241 257
175 266
24 239
207 41
18 320
111 72
53 45
166 24
102 41
299 135
328 55
217 15
253 304
15 313
339 145
135 137
57 213
58 81
107 167
123 27
142 136
99 97
84 167
24 186
208 323
321 93
280 95
54 25
59 295
170 96
87 227
309 47
211 318
214 236
0 258
27 1
11 13
168 35
199 278
260 77
273 98
75 283
91 31
327 133
148 69
263 113
19 31
86 233
267 334
49 196
237 60
210 308
342 311
143 159
44 72
159 21
10 250
302 34
9 106
6 174
219 272
107 207
160 29
98 209
226 238
171 91
201 70
57 246
132 3
318 291
24 329
197 77
205 154
13 116
162 266
291 36
193 300
146 256
330 146
22 113
39 194
106 142
166 65
44 298
69 17
147 340
248 344
319 108
55 235
127 218
58 320
156 252
275 204
163 260
6 87
28 292
183 36
102 283
205 73
202 7
68 106
253 290
180 243
331 238
218 142
47 149
249 112
200 242
6 38
278 343
290 35
281 151
108 139
60 79
147 216
24 165
82 106
344 184
112 294
333 16
61 202
173 261
99 180
202 32
80 147
315 264
200 325
305 163
59 107
34 83
174 116
91 238
86 338
325 198
287 313
117 3
72 192
167 171
274 271
106 10
274 78
303 136
241 18
145 275
3 319
293 95
88 95
36 277
310 153
280 38
1 4
209 177
275 217
187 251
195 18
329 154
154 127
74 201
57 77
176 252
74 291
41 126
341 6
182 179
291 183
183 58
15 16
275 105
25 153
84 82
283 239
137 114
48 114
307 138
178 250
166 77
159 3
256 105
88 341
163 6
12 341
24 38
334 108
120 171
168 59
65 305
75 15
74 285
153 155
190 320
232 251
225 45
12 314
288 77
320 203
73 333
39 344
26 276
9 49
4 177
10 317
40 332
272 141
171 20
271 243
252 185
114 196
165 336
301 238
324 242
140 253
75 149
204 80
229 214
52 269
103 39
82 14
298 2
319 126
148 129
214 164
325 34
156 183
174 37
80 314
290 156
21 51
138 250
265 190
76 271
131 263
204 116
277 59
20 154
87 70
283 301
235 165
237 46
3 67
283 276
141 304
229 279
111 52
26 187
323 60
106 182
78 285
241 0
94 328
71 32
187 306
197 79
254 200
48 239
186 332
72 327
193 302
262 305
9 190
49 234
250 57
71 230
343 214
231 92
99 302
125 286
165 224
268 321
80 316
117 266
205 92
150 54
296 314
261 305
160 310
96 312
23 167
198 268
283 331
15 37
190 42
226 10
267 149
233 249
22 252
72 130
344 222
184 295
192 2
157 254
312 253
221 237
322 321
307 78
22 179
193 252
107 265
37 8
45 123
146 340
272 269
134 249
246 197
165 110
177 20
165 199
144 331
331 239
140 340
62 80
3 107
203 209
246 231
228 47
128 57
218 164
208 119
16 275
132 95
295 297
295 51
330 341
235 80
213 199
160 119
208 18
230 109
151 113
58 181
72 277
1 281
298 264
211 85
15 64
284 212
17 270
208 302
143 0
37 12
200 197
33 310
117 263
75 171
279 133
7 6
65 255
189 19
77 303
6 92
269 291
304 286
216 69
243 14
69 182
273 171
34 306
137 54
225 212
225 61
247 134
314 215
292 159
19 142
18 288
88 322
229 206
293 30
221 17
212 149
91 149
13 228
203 238
342 330
201 146
119 170
16 313
329 54
337 3
99 10
291 89
234 78
296 182
108 74
102 320
125 193
124 138
278 222
214 134
305 287
204 191
243 99
195 342
109 43
87 246
23 285
83 131
14 87
9 139
182 35
278 160
265 113
248 308
174 208
54 50
35 151
48 46
97 37
292 120
322 31
154 238
20 163
32 203
100 212
18 267
326 303
266 133
339 320
316 295
25 6
4 320
12 0
123 236
278 179
129 299
157 0
276 77
267 159
35 128
290 203
164 186
178 135
39 106
142 290
81 195
293 94
97 318
330 31
232 52
81 44
299 259
23 222
74 306
5 266
66 169
10 245
207 296
6 4
241 87
101 189
83 198
64 316
131 217
333 18
172 69
309 126
328 333
250 304
294 158
128 15
229 138
162 91
336 70
95 232
60 196
323 45
297 42
16 83
162 4
102 334
73 313
203 268
263 152
81 46
70 310
86 134
107 54
211 167
153 189
212 105
90 296
135 94
285 111
63 302
70 266
225 333
321 208
35 293
174 121
329 133
101 91
89 312
160 242
157 275
249 291
61 340
144 98
336 331
209 301
288 279
223 71
268 101
181 205
49 257
228 280
45 329
27 37
297 187
279 11
19 86
328 3
179 319
334 290
276 179
225 56
152 50
157 334
157 108
246 40
43 194
25 317
231 224
62 67
55 94
162 38
97 243
260 333
188 93
167 315
149 320
20 208
211 79
218 112
120 163
208 47
136 341
271 198
64 161
279 119
60 254
143 320
242 332
315 311
204 119
286 127
229 54
206 102
167 326
275 56
274 201
156 338
264 338
14 76
336 321
330 135
198 227
24 168
96 228
287 37
10 73
92 217
175 161
100 343
340 31
54 269
134 113
164 54
106 81
130 97
57 18
134 256
147 158
289 269
183 299
342 177
73 173
240 174
171 235
107 127
142 226
197 248
307 328
248 267
248 37
178 50
98 159
196 42
83 34
243 328
211 317
156 106
146 229
243 253
258 305
51 56
187 249
206 51
134 109
318 37
49 53
334 49
115 185
91 198
219 236
83 332
208 141
340 256
25 239
199 118
144 288
22 5
242 156
17 117
95 66
73 331
17 188
172 10
288 293
246 27
183 110
168 178
21 96
319 88
184 76
206 328
266 130
235 163
188 252
281 283
220 256
269 237
99 343
247 42
194 51
316 32
161 42
112 84
138 87
74 322
163 182
207 84
312 97
150 155
252 86
340 29
342 167
267 343
67 71
287 261
24 259
293 87
301 61
172 341
50 148
220 213
331 82
199 200
179 4
258 333
337 253
322 187
234 45
160 177
306 185
338 255
272 196
218 99
192 268
150 67
38 136
51 237
238 132
144 151
121 136
60 139
28 37
326 262
329 141
341 291
228 334
103 156
185 223
255 279
146 307
1 86
98 52
225 337
185 24
45 208
161 105
2 189
45 230
106 29
273 103
222 157
339 325
313 180
203 125
114 251
88 18
337 88
317 218
327 59
242 28
267 305
35 171
149 327
56 158
259 232
163 136
291 59
117 161
239 222
188 256
129 276
176 23
267 50
143 151
110 288
81 32
248 117
204 300
1 162
113 260
296 178
52 242
237 71
305 34
195 149
192 324
80 270
250 249
320 48
56 85
336 39
118 142
58 224
97 60
288 112
222 240
192 274
39 84
247 0
20 98
324 131
137 131
283 113
180 241
198 73
117 339
344 214
54 288
228 276
85 75
108 124
62 257
26 82
257 175
197 139
209 334
270 147
4 7
43 105
328 323
225 100
317 225
217 273
107 57
176 117
181 140
29 110
187 74
328 51
311 155
100 315
163 143
322 146
24 203
246 243
330 20
121 181
14 199
298 97
339 229
207 118
320 50
193 303
3 61
114 104
247 256
325 173
16 128
72 1
149 146
303 172
327 317
273 182
69 267
313 179
287 289
149 134
98 165
238 32
344 43
288 226
336 165
135 318
39 63
57 10
232 26
189 174
217 320
212 21
12 310
187 152
342 88
195 187
315 314
48 227
159 255
190 151
322 227
26 16
192 84
274 79
12 20
155 229
243 269
152 255
137 241
330 160
224 202
31 272
84 190
85 176
243 62
305 172
79 152
158 255
133 72
275 190
301 173
115 108
83 252
5 48
190 237
208 69
94 239
244 80
331 329
158 132
46 118
206 27
270 19
184 305
91 115
150 294
190 167
304 176
74 211
224 167
103 87
138 99
228 37
179 116
268 337
248 217
110 109
146 282
30 331
242 23
3 48
317 193
215 277
24 192
45 248
14 149
237 54
248 22
92 330
139 262
322 289
134 335
301 183
272 331
169 72
10 172
120 229
20 237
161 292
195 247
258 335
302 63
12 296
213 26
343 250
263 299
88 190
285 159
262 197
233 284
82 155
79 145
102 65
254 298
313 69
190 172
133 202
123 181
256 238
109 254
143 27
110 133
120 50
194 284
150 82
224 232
238 303
270 189
195 140
258 40
312 293
145 90
130 56
212 29
169 224
65 191
274 259
130 326
244 256
115 137
34 42
141 230
182 301
172 150
250 317
142 282
275 28
78 44
305 149
268 25
340 100
186 126
81 332
284 197
26 154
149 61
98 290
193 280
148 267
332 53
240 130
335 72
60 316
19 20
120 287
292 116
289 134
144 273
23 83
125 50
139 176
111 237
23 206
128 309
127 270
94 117
343 155
88 264
77 111
206 25
61 273
326 84
258 8
134 53
184 147
192 109
255 169
134 62
211 130
82 111
187 72
30 265
183 139
290 312
192 6
142 173
90 56
181 127
11 267
176 105
31 87
275 213
28 311
178 239
96 260
6 284
234 283
204 320
77 51
287 171
57 332
344 49
43 82
78 54
4 255
159 282
244 336
151 272
302 329
68 54
146 321
240 35
260 1
257 239
52 102
66 11
89 65
307 132
50 41
88 54
198 247
337 97
239 45
271 98
29 339
152 77
14 133
295 272
27 2
29 93
260 118
61 223
152 111
166 240
165 19
44 59
18 283
6 289
284 282
185 338
14 156
288 29
191 238
203 219
143 134
214 305
154 275
183 306
41 4
201 109
23 245
70 288
86 77
232 25
14 73
265 276
131 208
207 225
4 65
99 49
101 215
9 255
146 193
216 89
99 319
198 25
121 171
313 207
248 201
134 164
176 55
342 209
165 204
89 169
171 90
120 272
306 130
84 107
225 300
196 324
176 297
4 298
123 318
62 273
76 99
339 252
56 337
18 221
98 108
293 270
198 68
99 159
198 184
168 78
41 267
305 120
121 309
73 146
184 37
74 260
136 315
69 94
209 88
316 308
98 166
135 296
234 136
13 335
222 83
315 166
5 275
286 28
174 326
298 150
144 337
121 213
333 330
203 206
195 301
27 232
155 164
154 246
153 26
67 61
204 255
89 1
171 264
229 27
69 28
266 92
144 254
325 2
116 77
304 143
310 16
307 334
184 18
137 239
292 205
300 151
115 45
54 189
309 185
216 280
214 39
275 13
293 255
262 64
332 123
110 199
139 319
188 225
240 326
120 187
88 75
240 105
120 196
294 331
36 67
169 152
106 99
67 302
256 330
21 145
108 33
0 150
30 150
71 150
239 159
226 36
167 248
232 18
235 170
86 59
225 94
60 194
51 316
179 320
116 190
255 116
340 165
305 272
315 278
78 209
93 206
245 162
109 34
107 266
305 234
263 20
83 216
191 108
257 4
126 154
169 333
81 140
251 262
20 54
79 130
335 259
31 97
83 337
233 1
259 317
217 251
39 311
261 296
217 289
105 41
278 186
181 200
248 335
117 170
44 196
202 34
12 136
128 267
343 289
141 118
97 180
331 13
131 203
303 138
244 138
227 328
338 130
318 12
202 264
110 60
298 122
196 234
218 226
59 118
170 102
236 268
283 222
183 316
80 43
110 325
181 337
210 174
24 183
186 226
4 198
286 302
321 39
94 96
265 55
214 338
157 106
261 95
230 1
314 311
45 326
193 226
220 58
56 244
143 144
27 147
343 216
6 221
255 2
317 78
57 88
71 215
96 234
212 327
235 181
293 280
64 141
162 284
101 120
85 244
166 113
293 164
329 299
287 239
204 161
219 261
250 290
131 1
81 344
328 317
82 178
252 147
221 316
86 224
91 172
25 258
187 318
324 171
175 267
312 34
330 187
295 235
34 329
139 116
328 24
335 312
105 242
114 326
116 103
206 207
177 231
22 19
107 2
92 184
171 306
218 156
148 70
294 85
54 335
14 93
252 119
335 268
3 8
273 111
216 7
244 140
26 253
142 20
92 215
327 310
274 32
283 125
117 239
115 122
179 31
215 333
53 108
158 303
116 87
69 332
94 215
128 23
124 172
43 216
290 272
84 121
305 269
246 324
163 263
102 342
294 317
232 249
80 46
207 99
133 178
86 129
49 116
152 75
193 38
25 179
159 232
103 307
212 169
127 216
68 323
90 301
228 73
2 337
172 37
171 160
166 122
179 221
99 25
319 292
310 344
29 26
134 34
333 1
203 115
119 272
340 209
282 132
216 109
71 289
172 139
313 6
15 67
31 236
261 341
138 192
22 272
227 257
175 85
274 294
259 269
60 44
50 343
78 168
9 149
14 181
191 327
187 108
296 120
0 114
18 40
307 287
312 91
199 44
176 30
240 338
37 252
298 116
75 210
167 89
293 13
318 136
122 269
256 24
285 177
119 278
338 319
224 72
251 119
312 206
74 4
113 275
22 90
140 190
81 88
203 54
126 227
153 166
117 217
68 236
52 309
112 178
283 19
297 250
127 27
156 143
204 179
233 246
24 315
236 129
271 18
12 152
205 165
318 322
285 41
115 239
252 228
73 92
247 25
342 276
299 56
74 60
235 308
306 259
180 198
290 106
118 302
258 323
25 231
202 212
175 317
200 81
77 4
9 321
281 210
32 257
271 267
122 232
83 302
332 29
233 126
330 258
260 187
125 90
160 134
321 262
215 53
267 224
277 105
90 309
17 263
134 42
150 217
148 212
47 37
339 33
220 225
246 282
14 124
200 131
178 24
258 110
31 250
321 295
168 110
337 220
230 239
260 33
8 210
317 249
243 72
60 20
297 208
205 213
333 60
246 68
331 61
178 17
311 56
214 36
167 207
159 299
3 321
234 11
186 207
261 84
181 321
7 133
185 212
248 173
174 149
241 62
211 321
32 195
116 101
304 275
302 307
153 192
319 340
301 137
326 137
113 333
172 200
102 75
275 276
126 73
240 239
49 221
221 329
72 239
332 31
71 290
241 224
137 215
219 340
254 201
132 22
91 206
125 194
183 55
27 211
129 268
106 80
144 229
311 216
123 299
150 194
320 185
163 195
180 72
298 214
341 44
75 121
238 258
177 168
124 208
91 132
288 137
16 157
9 41
111 61
137 159
107 113
246 172
210 81
244 163
197 240
207 272
264 3
87 96
171 113
206 164
148 149
301 66
208 212
108 319
273 147
35 282
260 281
109 27
264 255
190 116
53 300
290 317
303 279
68 31
48 176
97 98
164 91
168 174
312 343
322 3
281 139
284 292
167 106
105 259
222 158
214 70
130 74
4 100
7 299
276 104
52 158
60 119
249 130
293 217
128 172
122 311
214 308
259 36
69 266
197 194
79 67
264 111
141 268
211 51
223 44
155 275
202 117
296 9
247 245
128 31
319 250
342 188
213 158
126 185
79 324
34 60
46 298
171 89
221 284
140 1
328 198
179 88
217 130
97 120
277 127
53 252
32 297
342 147
111 26
332 92
5 268
153 298
289 0
248 51
185 82
139 57
115 138
79 47
265 132
201 199
85 199
249 98
225 236
92 132
160 147
332 283
29 276
185 97
148 5
171 190
310 286
328 44
236 151
79 92
5 66
193 156
66 320
48 158
9 110
306 341
295 237
273 136
334 93
225 39
99 298
229 64
240 213
10 33
266 336
27 271
57 221
330 25
98 280
184 108
6 242
186 181
33 175
275 160
116 276
114 1
242 256
116 252
289 37
146 218
210 105
341 195
131 95
130 217
105 77
166 13
320 7
195 255
84 125
71 200
56 87
201 200
245 317
9 189
256 155
309 122
261 306
317 294
303 5
68 63
82 234
323 304
241 173
215 325
298 188
82 256
177 186
111 77
60 23
168 317
178 132
94 341
93 313
192 51
318 260
16 303
149 340
262 292
168 132
174 24
222 257
182 54
98 196
131 158
219 299
32 299
334 126
296 82
342 143
36 217
306 52
175 110
294 93
305 20
127 134
44 5
293 128
226 340
107 100
294 139
55 185
168 253
268 67
298 206
284 259
160 115
272 110
208 232
130 335
268 76
242 217
106 204
165 333
199 174
335 50
236 286
200 61
8 154
267 292
62 144
94 172
31 126
163 202
104 60
166 141
316 91
318 89
39 111
30 239
172 38
295 341
232 168
325 295
312 322
122 344
103 187
103 110
150 177
223 218
220 324
141 93
317 114
182 11
225 114
153 299
152 103
197 287
271 177
237 141
154 261
140 160
6 145
270 156
322 50
29 99
29 170
186 277
260 313
47 68
267 101
73 119
43 247
199 182
43 255
1 85
70 7
230 242
65 109
292 341
208 223
69 303
127 255
236 42
224 185
12 48
286 85
70 232
332 269
316 30
179 317
115 152
226 0
296 193
11 146
190 220
271 259
178 53
71 316
342 197
156 9
148 0
95 218
134 329
142 105
15 223
325 32
277 206
280 229
55 291
277 147
68 203
308 247
257 281
120 156
134 277
166 184
179 163
57 313
147 101
320 64
324 300
344 159
64 279
290 21
168 196
80 33
98 239
314 120
51 5
299 119
189 133
282 246
3 331
249 324
298 131
181 297
290 245
133 235
266 260
112 336
111 94
271 111
334 241
232 287
148 186
61 338
320 245
141 225
133 293
204 86
79 41
285 271
188 73
161 12
334 175
3 2
171 275
114 160
73 1
102 221
89 163
116 64
310 160
290 99
108 51
185 89
339 126
15 183
101 78
195 337
253 100
340 79
277 11
142 5
12 146
129 101
310 147
68 177
209 260
213 117
308 208
145 323
293 246
56 45
141 211
193 325
147 237
64 250
66 34
83 275
196 14
150 65
33 113
175 178
339 123
327 297
70 25
66 215
161 259
195 210
53 83
173 91
1 139
244 67
174 327
245 272
341 50
239 277
65 69
12 306
94 339
259 164
19 325
282 82
141 34
19 269
187 21
64 86
335 140
68 235
67 312
187 307
146 155
278 158
116 28
94 74
257 278
59 53
313 155
149 332
80 337
255 144
325 246
186 296
38 253
165 128
117 311
283 51
124 301
326 179
332 75
254 146
9 215
102 224
25 251
211 105
145 122
151 28
270 337
324 210
148 144
338 265
110 178
316 234
135 199
69 24
275 225
170 186
342 272
312 22
81 178
30 128
202 83
156 29
323 135
240 126
279 135
46 44
314 265
181 6
119 152
30 296
32 102
39 29
277 6
298 13
87 230
141 191
216 298
221 194
335 116
320 270
251 268
216 122
90 52
128 112
106 60
310 138
163 5
69 95
258 270
10 247
57 151
94 273
6 217
122 342
333 344
169 141
170 287
166 162
242 294
274 3
10 240
142 75
147 113
170 307
38 180
210 96
233 206
271 240
78 296
139 313
295 210
11 22
152 177
185 49
29 114
53 286
16 305
210 88
268 249
268 35
247 58
143 75
298 221
26 339
91 224
204 102
246 12
182 86
61 113
103 16
54 261
113 317
222 324
60 47
130 230
329 279
288 127
9 144
3 36
138 94
260 245
257 182
52 220
295 155
139 251
318 252
223 195
231 283
144 16
168 128
295 14
255 207
158 160
156 60
196 255
123 10
339 175
133 290
232 272
179 322
260 103
329 331
133 182
0 44
106 189
11 263
249 110
22 69
105 155
261 337
329 15
100 66
337 59
34 154
64 265
42 197
102 42
143 48
102 250
237 16
70 141
126 145
71 148
116 176
206 33
70 92
48 171
158 287
132 94
96 98
262 139
197 19
83 243
315 186
104 120
251 230
167 322
280 283
55 43
218 125
136 168
198 196
110 232
193 109
330 110
248 183
31 331
81 1
74 131
111 80
153 17
310 320
339 148
160 296
191 34
76 229
202 177
64 176
324 297
286 129
37 219
17 118
123 339
151 234
74 206
251 287
181 147
90 341
98 183
277 76
68 135
253 51
252 220
227 133
172 70
262 209
191 279
229 314
273 282
203 250
158 282
222 256
22 155
333 90
192 143
43 99
232 190
144 51
301 336
232 185
305 161
122 66
313 265
77 160
146 236
344 24
49 21
179 284
14 273
330 304
132 161
96 276
212 299
140 130
162 164
196 32
332 175
192 133
313 191
59 18
115 140
204 31
68 189
335 95
95 24
158 93
301 272
47 125
274 187
157 338
7 255
86 218
29 54
312 89
229 81
15 298
270 252
295 20
113 135
283 63
162 114
250 320
108 159
132 36
55 120
254 85
77 123
76 51
9 207
34 271
160 305
179 13
227 13
24 243
148 209
306 310
324 113
187 87
175 222
123 230
342 279
217 74
305 195
28 216
58 62
143 218
269 224
133 54
237 157
199 287
22 62
154 1
175 244
335 5
121 15
138 20
294 10
342 156
206 272
28 264
236 73
39 161
297 173
117 91
232 316
33 156
33 89
157 110
333 49
116 11
64 254
32 261
166 29
319 27
301 249
193 192
322 135
255 176
210 27
267 97
245 202
156 278
194 215
44 182
265 62
194 231
316 128
49 39
157 24
67 15
273 162
207 251
199 20
329 64
47 252
64 195
11 220
128 205
90 74
290 257
38 41
169 193
49 326
217 18
341 48
201 282
125 185
1 75
339 312
270 253
187 300
15 180
277 305
92 315
1 138
325 170
332 276
53 106
196 296
56 180
57 257
117 84
0 21
159 241
235 331
149 78
287 165
160 219
125 154
189 29
293 71
101 182
249 155
190 2
106 247
183 65
150 308
125 211
205 16
198 9
341 42
76 156
163 104
310 7
133 160
326 136
342 132
135 300
239 220
267 202
324 319
186 26
121 286
282 19
230 14
175 48
118 42
55 153
105 283
289 102
71 138
94 206
340 333
328 262
191 307
237 259
67 325
187 90
168 124
109 53
40 186
101 158
131 58
213 236
342 158
240 68
296 335
176 291
225 159
110 318
121 249
232 91
131 74
83 299
101 95
7 141
183 10
202 314
69 70
107 313
228 3
283 81
240 114
274 120
175 40
94 198
191 228
191 323
205 275
277 306
272 187
4 110
99 206
327 70
277 89
38 160
92 223
144 234
239 73
10 69
15 6
170 207
136 16
185 341
193 19
206 209
231 306
317 115
31 249
204 317
312 199
195 111
88 90
184 0
61 102
6 231
309 45
150 149
288 343
70 148
21 277
259 154
140 231
269 73
38 128
292 5
327 143
18 318
135 202
304 227
330 170
272 135
221 215
35 292
265 56
126 81
210 266
215 134
165 189
332 178
22 24
282 341
122 144
314 52
144 191
169 82
138 90
138 166
73 4
87 288
40 328
98 205
172 258
255 61
91 277
273 110
173 53
119 44
105 166
235 275
248 275
267 288
96 340
292 85
284 333
316 37
95 45
198 5
9 289
283 341
8 295
167 30
340 272
98 132
202 1
310 124
191 308
120 139
49 306
29 267
245 124
312 98
32 321
220 67
83 228
18 250
80 258
294 282
309 8
223 331
147 174
292 78
96 192
104 63
193 136
287 40
8 162
107 339
292 27
244 108
287 324
21 237
164 183
53 128
191 276
114 240
7 308
220 103
57 324
69 152
18 258
192 273
75 300
267 22
327 69
130 172
295 54
64 114
237 117
144 330
296 160
127 303
25 2
309 83
235 148
193 330
77 268
285 344
192 169
315 225
341 266
279 60
282 73
80 329
58 278
46 87
236 72
89 102
57 317
37 194
121 230
179 100
153 119
99 248
289 317
128 187
238 62
150 77
37 230
61 342
163 108
84 301
82 173
306 139
47 343
333 70
229 168
170 284
189 172
187 35
144 315
223 284
279 28
16 316
258 325
215 323
88 299
181 72
29 142
211 324
141 101
49 272
269 122
211 114
294 301
271 274
279 108
326 215
177 197
95 167
53 277
321 105
309 19
109 13
291 33
37 60
49 331
16 101
228 189
30 64
297 333
262 181
105 94
280 103
282 58
318 258
66 184
278 175
198 126
110 137
186 160
163 254
47 95
319 246
330 138
82 91
96 298
253 33
12 128
291 78
313 126
155 68
253 265
205 94
327 231
199 47
43 246
143 17
49 128
155 132
121 289
51 217
243 206
250 157
237 99
137 205
175 35
114 282
32 97
169 231
144 212
34 189
220 188
117 341
34 71
116 179
179 268
336 71
22 128
178 150
322 8
87 92
291 119
91 17
252 137
131 188
229 164
174 104
7 193
2 41
166 20
123 1
289 114
72 213
145 153
18 24
63 8
18 256
127 109
149 306
27 33
125 201
39 34
297 41
323 118
62 101
119 253
215 94
121 262
149 140
287 212
50 305
124 177
317 299
16 121
261 291
56 288
49 95
323 1
38 301
120 2
57 141
255 174
137 32
92 286
74 34
56 124
339 180
203 311
36 122
334 199
68 45
143 117
42 23
21 328
324 43
330 283
184 143
14 224
77 106
165 53
42 221
177 284
303 282
250 340
306 142
194 29
89 239
49 132
262 70
115 143
15 2
328 199
145 343
325 222
6 146
275 49
269 9
333 130
194 140
27 155
282 221
87 27
18 38
61 182
10 78
326 25
80 211
126 128
111 107
252 118
155 85
167 79
94 57
111 190
99 138
1 37
262 335
311 280
28 274
117 38
7 0
310 87
114 91
117 225
343 8
110 67
335 106
124 3
297 224
142 200
163 59
190 31
241 120
305 260
60 214
261 25
203 30
116 321
157 217
1 156
127 111
223 19
217 250
23 169
31 67
271 96
126 116
127 269
236 334
203 2
223 61
279 242
16 285
150 143
51 28
65 171
180 88
242 113
155 169
209 183
107 326
227 193
179 332
196 305
296 32
124 218
176 274
263 129
205 328
202 287
71 2
171 265
159 320
241 288
71 323
178 267
283 129
201 140
19 228
260 97
59 80
129 264
64 331
207 37
68 61
332 281
224 146
257 120
337 328
152 283
325 122
138 240
122 198
223 251
19 287
139 128
226 30
293 294
338 281
231 217
329 45
240 223
275 240
48 329
179 151
239 61
274 33
204 51
133 82
204 152
24 343
281 152
275 131
102 171
67 235
43 299
280 185
177 210
81 128
194 162
279 335
125 110
23 329
63 58
66 267
211 337
168 49
145 0
180 247
171 248
137 117
202 319
302 281
184 285
64 280
4 344
270 130
11 196
114 75
156 181
342 22
173 67
71 318
68 252
122 239
57 161
11 161
135 216
97 221
156 162
58 161
63 231
193 74
329 307
51 140
45 49
163 219
18 136
94 86
290 119
326 249
280 239
65 318
110 65
194 169
129 155
330 94
41 80
168 25
171 132
209 91
269 205
178 116
324 61
21 260
300 86
135 313
53 329
137 182
41 24
276 82
104 2
9 48
124 324
136 197
111 247
288 35
108 121
152 87
84 75
161 39
255 117
271 294
299 312
220 231
297 324
233 208
27 259
187 66
313 54
236 323
78 290
313 162
20 217
104 84
257 261
201 85
210 155
299 85
288 251
311 78
17 241
337 204
60 177
60 199
58 40
144 26
202 165
243 209
151 57
125 7
64 97
225 255
250 192
333 267
335 326
29 297
31 293
190 89
333 335
115 93
57 261
302 208
318 329
117 18
222 181
17 5
338 267
99 327
92 89
288 98
14 319
311 282
97 328
30 154
244 332
264 120
219 36
138 96
119 57
101 113
324 200
342 318
289 207
341 134
305 11
118 322
305 124
173 107
14 92
227 233
30 267
231 51
324 235
66 205
337 63
179 184
172 77
318 35
335 82
289 10
59 38
127 267
65 300
29 326
214 324
80 2
31 306
237 97
68 230
63 149
69 235
227 289
270 119
27 117
130 333
115 186
5 64
344 121
44 326
124 322
189 16
321 258
148 39
62 119
177 191
64 102
311 338
121 96
255 41
203 25
129 111
90 31
232 36
259 11
13 104
275 334
17 325
276 326
100 108
173 66
210 139
59 234
137 189
68 47
230 173
73 262
284 65
293 74
101 207
85 114
311 262
5 230
243 281
212 245
44 40
213 157
81 272
46 218
18 16
265 249
91 240
166 278
305 16
7 61
223 92
77 92
257 83
19 91
302 311
25 114
344 71
234 17
334 57
168 80
297 236
13 160
252 20
221 33
15 299
125 272
284 102
329 303
194 286
171 227
13 196
244 12
169 133
29 158
190 100
141 45
336 56
205 244
324 81
277 339
282 304
168 221
61 152
82 157
340 155
287 8
7 186
267 176
237 314
298 280
14 290
336 219
91 315
202 270
211 140
229 34
263 192
88 247
252 330
58 194
240 65
282 162
143 158
16 35
29 216
217 43
161 209
262 154
179 22
79 46
162 210
58 318
230 310
303 288
61 101
8 343
263 53
336 88
300 208
33 18
72 198
173 154
220 154
102 284
20 331
266 325
304 53
290 165
266 251
251 86
305 211
170 296
201 125
61 235
88 316
190 210
278 317
28 140
26 220
305 22
274 281
214 136
147 39
334 4
66 50
239 210
86 229
83 276
94 111
125 243
61 306
117 336
101 143
211 308
166 241
91 342
177 207
35 325
149 24
231 117
74 27
327 63
256 313
79 22
52 43
34 331
313 246
196 36
142 189
33 222
51 68
202 102
339 88
220 68
115 104
33 273
72 28
180 54
297 134
97 280
303 131
168 173
209 324
208 144
201 161
264 108
48 41
79 65
145 112
240 120
42 322
174 339
111 173
274 316
206 97
145 43
18 9
22 226
56 125
43 170
85 209
279 35
152 13
2 199
125 242
319 70
219 50
64 232
223 241
203 332
240 250
30 259
260 299
42 316
79 85
43 66
196 322
101 3
203 18
247 79
335 23
130 54
157 255
295 15
266 174
7 83
128 49
301 109
37 344
175 233
224 276
281 244
36 85
81 167
168 278
85 312
124 253
142 33
238 172
83 96
282 120
95 112
255 221
291 296
338 129
195 29
117 76
56 29
86 137
99 254
317 184
124 344
339 168
32 232
340 17
328 179
137 325
194 295
202 42
246 97
73 344
126 190
75 182
122 63
220 194
60 344
193 301
69 127
145 320
146 184
202 340
134 59
284 283
58 12
184 185
203 161
269 325
126 48
103 1
144 163
247 239
21 316
21 111
283 166
86 84
253 288
326 289
250 265
227 210
277 313
50 37
129 222
264 158
270 22
159 69
87 309
308 108
280 231
121 120
300 109
204 208
300 87
152 107
7 282
317 285
250 23
224 282
147 144
95 72
166 156
43 156
120 253
166 303
78 341
52 185
204 7
272 259
16 182
196 334
122 3
259 248
187 61
47 184
133 116
243 78
174 265
331 340
223 125
283 204
122 238
291 228
147 120
142 164
302 338
55 326
244 314
230 86
30 179
173 65
197 71
143 26
22 117
156 207
223 180
100 169
64 150
289 108
314 247
4 271
228 248
240 15
236 172
195 64
237 47
37 282
74 276
313 343
48 26
207 208
342 173
13 188
281 229
337 285
155 123
90 297
138 327
124 333
293 263
283 233
200 259
164 70
257 114
96 19
287 303
227 186
33 142
29 315
273 22
157 83
145 248
35 185
230 61
174 80
324 14
273 34
53 185
148 150
204 337
10 334
178 44
261 60
132 73
45 179
321 328
19 108
44 95
189 271
109 59
94 308
124 242
113 231
235 25
220 315
69 253
80 330
313 114
306 261
293 282
244 215
46 190
212 137
116 224
196 273
163 290
236 288
90 251
76 227
276 296
204 180
135 75
294 96
336 145
34 137
262 327
327 129
119 1
255 217
274 74
264 57
71 340
186 249
291 285
152 52
29 317
286 20
59 34
204 42
65 225
43 321
0 219
297 65
39 216
122 12
150 316
13 173
161 43
145 4
310 164
227 25
100 333
67 165
116 12
43 116
231 340
181 172
113 205
86 226
70 249
187 220
122 201
48 185
146 95
190 111
259 319
136 14
209 105
82 325
19 125
343 152
23 81
324 38
286 312
167 258
217 9
36 339
112 331
82 258
82 272
25 243
148 63
258 12
240 188
22 238
341 292
320 222
233 163
190 55
77 309
64 15
1 287
337 330
116 17
229 264
81 142
179 152
39 74
242 308
312 140
158 189
18 46
8 110
101 332
74 67
2 279
146 3
222 139
334 338
58 120
160 139
164 339
193 203
68 91
68 282
231 226
127 151
122 335
343 26
270 144
276 49
185 167
42 244
287 202
285 106
196 134
211 166
127 280
104 260
63 133
314 336
168 292
123 166
220 295
213 151
344 300
319 41
199 261
146 140
270 244
176 136
313 205
318 72
120 37
107 89
275 277
222 98
126 0
167 1
295 282
152 196
237 28
139 92
290 285
134 117
87 212
253 55
72 129
29 94
166 136
86 343
68 210
112 165
97 309
102 249
160 340
278 299
334 125
142 25
242 131
237 52
88 211
181 117
207 249
155 195
247 125
60 246
221 74
66 220
38 169
124 100
66 304
331 99
327 130
132 121
183 220
234 266
239 96
73 49
194 222
74 171
163 100
272 229
60 229
88 293
79 17
93 164
237 327
332 131
325 60
82 76
283 158
233 308
259 21
55 333
192 218
88 119
4 50
250 92
344 135
64 325
54 59
144 291
288 33
324 269
247 279
121 135
144 282
58 102
270 251
320 14
272 227
64 178
319 63
215 286
43 270
0 89
118 289
123 98
115 119
61 17
300 85
55 99
201 293
266 79
209 194
306 273
274 182
239 144
25 184
316 273
176 90
217 201
90 234
320 53
153 177
40 208
276 63
224 35
258 145
16 24
241 322
199 170
217 87
82 188
15 258
180 134
114 270
270 336
226 78
168 266
189 1
329 315
283 144
115 299
168 12
178 23
84 240
265 301
229 2
47 146
260 227
182 276
55 107
267 281
87 337
202 276
339 89
246 277
233 264
134 304
178 312
229 262
109 149
219 338
152 168
41 314
50 223
246 105
330 70
288 73
63 146
251 304
235 55
138 25
319 272
329 152
240 115
316 4
265 92
260 188
288 311
318 299
64 164
274 127
310 181
333 102
236 126
127 112
54 14
166 196
31 137
102 296
230 249
172 145
93 18
13 62
109 234
16 75
53 193
104 265
29 92
22 167
219 51
181 175
312 249
273 344
41 30
197 173
280 272
221 275
290 234
337 301
25 255
32 325
103 136
245 34
229 169
103 5
123 284
82 90
188 10
336 132
40 91
305 222
18 181
152 210
318 144
166 245
226 60
237 126
95 23
275 321
40 12
66 130
269 305
262 211
51 125
89 316
208 143
190 249
329 147
5 210
207 242
238 204
167 91
305 97
67 0
11 36
32 280
341 295
48 294
75 137
265 185
183 3
269 28
252 253
175 257
20 284
56 258
144 223
252 6
222 221
6 233
257 38
70 155
235 119
6 212
158 173
53 341
176 224
132 101
243 152
41 300
312 87
178 121
93 56
343 1
191 255
313 79
283 319
291 96
148 246
93 324
125 19
310 159
121 209
311 64
66 181
151 244
302 146
202 300
147 49
113 88
213 81
167 151
302 16
149 105
262 144
332 290
66 297
104 187
63 318
153 129
154 206
216 154
84 231
144 199
252 171
132 57
277 296
103 264
241 169
118 248
258 84
221 66
213 277
272 144
192 279
180 63
335 166
196 37
268 65
153 175
237 285
134 71
138 238
335 35
309 10
94 61
289 210
338 119
53 338
53 291
160 249
328 330
315 38
160 207
323 197
278 18
337 170
53 301
82 238
201 26
289 96
145 200
184 100
194 237
141 276
241 13
216 303
122 96
155 55
115 49
127 70
6 112
309 87
191 67
164 160
335 3
261 86
142 209
342 283
43 140
297 259
99 74
11 156
32 126
206 61
196 212
173 62
201 266
130 315
56 196
130 294
199 293
35 341
158 280
181 201
75 35
17 174
12 275
233 291
56 94
7 155
208 83
119 64
281 308
2 314
257 201
262 194
99 75
129 281
218 98
183 230
28 71
176 332
67 86
142 275
71 163
242 75
315 178
285 317
49 99
76 312
294 175
289 325
13 123
87 134
123 173
19 151
244 98
138 312
184 182
144 255
1 288
232 218
24 173
92 73
272 168
40 123
246 330
6 161
10 93
295 133
168 315
284 68
68 325
282 154
162 328
64 65
174 198
185 198
273 278
173 103
101 116
226 249
3 232
66 13
228 16
48 51
233 234
21 203
116 205
12 181
189 323
246 265
177 334
267 193
110 270
309 337
175 312
126 241
227 256
159 177
210 48
67 133
153 183
339 68
19 85
46 168
5 125
157 25
133 326
218 243
251 85
137 81
299 166
224 84
324 39
261 91
334 230
225 142
69 219
210 335
206 159
60 211
284 119
138 319
120 7
343 159
88 298
325 313
37 207
298 243
86 178
287 57
299 153
47 62
214 10
273 153
129 66
30 230
325 150
237 225
309 227
178 192
195 117
54 104
318 7
249 59
88 192
18 289
247 65
7 116
322 182
171 107
151 201
337 33
6 131
258 218
13 339
65 111
111 21
117 331
275 22
292 265
116 310
210 18
278 119
134 255
203 305
264 9
64 256
289 70
289 203
190 303
197 157
316 210
178 88
197 11
12 46
276 128
12 141
48 192
162 182
102 21
45 22
277 109
180 222
81 125
80 174
330 179
331 301
291 67
291 45
78 206
92 9
334 6
53 285
198 215
122 300
138 69
224 71
178 307
293 162
334 275
336 319
11 224
177 302
291 25
3 24
231 95
34 123
101 87
63 201
204 87
156 343
157 283
69 237
245 264
301 234
194 292
110 107
172 189
64 118
116 314
45 3
64 79
28 67
170 174
80 327
167 143
32 314
309 235
105 60
183 215
167 257
306 232
277 77
201 224
327 168
303 10
137 273
3 308
103 84
192 177
125 261
321 157
48 335
248 133
107 70
292 68
47 61
6 30
131 211
287 170
140 193
133 145
179 227
224 304
143 102
19 28
290 314
265 193
4 27
263 296
342 123
324 45
184 330
322 217
197 264
42 239
14 78
286 193
305 165
153 6
268 172
281 213
141 202
61 145
229 226
343 227
4 322
174 90
210 151
307 309
317 5
105 332
330 46
180 290
113 235
296 283
62 233
151 105
337 114
152 221
5 0
91 142
232 300
106 205
207 211
159 274
138 272
211 129
126 264
137 20
281 289
242 277
342 149
179 274
231 172
318 118
30 79
323 237
192 72
85 253
2 125
180 167
18 293
198 47
115 335
67 51
280 211
230 179
16 311
20 71
309 246
308 58
318 48
311 320
75 48
44 94
233 110
312 70
322 99
151 240
65 161
44 106
46 64
177 257
212 141
217 186
91 183
63 69
232 10
163 33
253 108
294 43
218 261
114 97
337 327
329 283
336 277
250 168
92 117
211 309
148 269
274 282
279 339
315 89
4 264
132 222
82 148
222 344
316 214
228 202
153 219
134 58
290 226
191 283
165 241
109 341
237 50
34 241
216 68
119 298
119 341
199 90
292 167
204 328
127 149
210 205
109 303
45 275
101 154
271 279
99 164
231 35
60 102
103 81
302 222
324 58
214 92
161 246
47 191
297 159
298 62
19 343
239 120
54 165
301 153
231 187
188 292
191 193
275 50
318 255
108 89
249 150
153 65
299 200
158 251
261 111
215 280
11 109
55 65
120 63
100 210
257 193
59 188
243 279
98 253
23 249
305 176
216 259
278 30
166 96
43 36
31 55
146 333
120 323
246 241
41 248
106 299
343 67
44 241
1 44
51 272
293 12
5 164
271 284
96 92
35 140
31 314
195 79
204 315
304 8
113 0
256 122
189 147
53 93
191 105
267 139
19 272
206 290
211 302
285 149
97 218
20 194
67 256
232 180
158 46
204 262
203 296
64 158
44 256
165 311
297 184
140 158
130 7
18 317
58 115
190 78
212 142
204 279
300 92
16 113
40 221
30 243
172 95
56 118
253 222
331 205
308 126
19 93
35 37
312 93
54 157
73 266
201 278
200 156
272 217
172 312
340 104
210 69
199 168
187 9
292 75
215 256
201 234
251 237
173 219
232 227
51 135
141 251
193 315
25 20
282 267
125 49
336 226
119 178
236 67
253 106
225 12
151 70
252 285
199 186
148 250
321 191
59 169
161 331
92 0
254 217
49 147
0 169
228 138
138 136
146 18
50 43
15 304
142 117
145 192
22 121
39 328
192 200
217 284
103 28
58 152
175 306
223 58
99 263
97 246
183 147
191 235
251 109
96 295
226 241
142 150
264 181
36 13
298 42
96 111
121 222
72 221
140 169
24 226
218 117
116 124
226 212
321 107
10 119
160 274
202 196
287 43
104 142
332 287
303 331
300 79
208 27
300 250
98 226
131 317
344 149
343 127
263 320
94 297
104 198
50 294
242 56
91 229
343 296
215 298
31 325
228 233
17 264
200 16
316 199
143 234
174 280
65 170
23 184
20 167
240 14
299 140
310 71
341 243
52 224
132 87
107 149
253 308
67 224
64 112
16 238
48 328
54 235
171 75
336 259
109 301
330 105
200 284
231 234
26 338
38 280
203 7
61 267
119 77
62 69
60 27
154 17
165 325
92 125
293 330
39 57
286 271
64 43
113 295
277 41
191 217
223 49
224 285
317 344
264 281
315 227
211 124
244 31
6 238
58 300
223 344
270 226
110 285
176 289
327 269
162 205
319 288
47 193
189 312
31 160
194 242
186 93
175 193
50 111
232 211
177 60
92 287
0 171
232 229
95 296
90 316
239 39
164 331
6 196
146 102
340 332
97 171
82 330
96 292
7 338
118 254
164 5
139 162
203 131
133 0
331 79
51 132
181 46
21 279
217 6
264 277
40 263
126 286
192 35
182 310
191 248
218 330
65 323
18 199
323 91
54 309
170 105
343 253
53 267
187 173
273 9
272 133
157 21
70 339
233 261
144 106
149 210
85 167
64 310
258 118
275 330
125 273
239 178
6 25
337 13
241 166
196 76
282 340
84 86
205 71
155 171
37 316
289 312
301 316
142 97
52 240
81 305
167 320
221 310
142 269
290 116
215 219
20 25
46 57
341 237
271 200
209 69
297 261
309 280
186 116
245 297
0 115
73 20
140 21
325 39
259 251
239 25
320 191
188 186
127 311
220 285
311 219
240 137
253 323
34 153
177 281
170 251
204 212
272 184
251 88
90 145
113 66
239 203
154 268
170 276
208 38
52 5
175 93
333 83
318 270
138 151
206 308
304 65
175 133
249 329
222 340
31 237
308 270
193 168
296 303
206 3
308 36
343 297
21 317
222 61
25 330
24 231
51 101
19 202
332 143
99 19
283 309
289 281
329 40
104 182
245 212
185 209
150 184
63 171
58 187
232 330
172 158
118 125
161 137
230 149
183 329
294 14
57 180
301 63
17 202
275 104
313 80
190 278
153 150
135 194
100 253
320 261
293 205
312 33
91 135
154 287
52 113
122 8
176 41
146 327
88 336
260 241
142 35
183 179
230 185
335 107
3 185
214 316
8 27
248 60
140 272
316 218
314 330
226 17
313 314
8 228
112 52
166 295
134 298
135 26
211 176
11 84
38 20
327 153
18 200
273 332
186 154
4 154
123 259
284 235
214 7
87 250
276 169
164 142
247 176
226 286
31 80
294 49
281 222
283 122
31 189
178 56
6 19
193 220
27 280
125 234
59 56
59 125
198 306
301 326
149 54
220 83
37 169
34 318
293 318
342 324
282 70
96 130
290 25
312 317
162 273
28 221
84 257
109 136
311 231
219 3
55 253
223 3
128 122
229 193
101 166
263 198
198 111
125 67
83 287
340 14
65 296
44 150
208 154
188 76
40 62
327 343
217 107
248 1
230 133
96 331
201 261
86 302
27 114
24 13
56 267
274 24
218 318
29 17
306 317
326 288
315 198
298 218
101 183
253 99
71 110
16 60
67 290
174 91
205 132
260 134
156 35
10 232
18 39
151 325
11 34
170 228
135 123
102 236
208 257
336 182
22 254
242 336
199 318
330 307
7 245
343 66
281 8
200 201
295 7
83 208
288 254
92 78
279 96
217 143
325 278
19 124
269 120
344 254
329 6
57 328
96 286
182 180
150 27
89 144
106 23
240 225
335 295
83 256
74 8
278 73
164 263
327 221
246 54
116 139
229 213
328 313
48 133
341 39
62 74
229 33
224 219
328 308
32 305
218 310
33 37
130 15
259 31
317 30
73 103
145 56
72 193
91 68
319 197
344 203
230 125
324 115
88 11
75 208
223 109
246 9
26 62
287 245
92 15
4 140
333 64
293 221
334 267
320 235
125 205
263 104
320 253
17 51
117 240
62 18
151 335
80 94
138 74
11 44
214 330
22 105
296 315
326 286
139 203
78 166
63 341
172 285
250 189
238 22
331 202
287 138
95 22
134 233
277 115
32 201
220 329
172 212
306 152
33 24
51 205
211 203
296 7
127 282
322 304
338 111
94 238
159 26
8 93
129 228
331 53
316 292
108 4
218 159
111 332
17 309
339 144
247 105
115 126
65 108
140 61
1 299
335 257
294 119
140 274
322 127
229 293
321 337
200 97
53 213
178 325
116 327
85 133
108 150
143 248
212 145
104 202
57 54
223 99
230 200
128 114
51 105
9 153
104 62
21 90
35 199
70 53
181 155
187 290
208 330
193 322
32 200
81 336
254 304
338 139
62 121
155 15
128 66
168 232
322 313
44 294
21 127
105 110
319 215
343 70
192 277
270 175
171 179
220 98
285 277
113 316
344 281
28 83
32 266
101 39
279 76
254 277
209 71
178 282
152 215
101 27
313 42
304 82
13 205
265 118
235 293
103 135
267 38
304 271
324 238
2 136
170 50
139 281
219 175
90 320
104 58
264 310
42 179
171 308
200 308
158 205
1 328
243 305
254 223
198 158
14 23
110 55
206 133
275 80
210 20
326 124
279 23
206 105
316 47
277 67
277 186
192 130
246 108
55 11
163 261
144 94
244 9
16 104
323 244
228 159
268 336
265 58
299 236
7 123
208 284
92 140
125 284
172 26
47 227
284 210
143 83
206 42
339 125
146 219
24 277
34 194
170 299
253 125
92 260
150 202
102 242
244 129
181 71
58 130
200 342
242 343
81 6
288 322
131 336
197 57
170 231
252 341
87 62
224 271
283 326
70 84
111 251
57 169
283 257
166 180
255 149
186 100
127 317
92 324
277 262
160 199
246 183
280 27
11 218
9 81
204 22
234 261
191 172
173 259
8 330
311 194
86 93
69 80
319 1
244 86
87 60
285 235
243 220
262 255
340 271
336 101
293 226
17 41
53 190
203 308
77 169
158 65
164 129
145 138
130 45
126 119
105 66
9 250
188 271
160 85
100 54
186 295
182 203
337 235
295 97
266 161
93 85
290 140
125 322
185 251
219 105
98 62
147 131
214 333
82 51
93 321
189 43
73 192
317 241
8 312
228 298
10 8
275 195
161 273
33 290
97 311
105 146
98 222
36 82
175 129
305 266
74 280
113 293
176 121
321 173
314 251
67 114
62 66
81 70
212 81
292 248
65 24
279 25
193 255
305 208
203 136
330 268
97 306
343 313
115 269
0 196
41 67
213 104
133 196
76 247
277 23
52 342
269 44
143 229
253 1
267 238
172 266
101 170
234 118
341 234
217 38
203 85
44 336
281 120
140 115
45 192
14 241
178 185
286 321
69 194
224 238
334 298
61 337
111 22
86 230
307 191
84 153
28 224
170 320
71 86
217 151
271 60
29 242
156 253
135 145
109 196
39 135
48 52
157 36
227 154
209 57
92 281
279 163
22 53
314 293
113 343
92 171
227 258
299 275
310 112
213 150
232 342
304 162
210 169
219 302
105 56
120 30
109 336
225 125
334 318
296 45
102 170
209 330
330 164
162 295
178 31
100 312
275 307
129 141
33 251
98 138
307 219
70 71
210 296
98 102
269 50
49 26
122 258
11 107
324 76
304 157
26 284
269 156
80 302
342 271
300 68
169 288
295 120
216 72
34 130
81 260
206 40
73 215
2 99
154 173
157 235
32 121
316 277
47 271
0 194
338 266
94 65
111 44
185 229
116 121
14 197
37 122
139 12
337 44
111 49
119 171
186 152
292 157
84 242
330 331
91 225
131 33
154 66
1 93
188 42
86 119
132 206
290 318
260 139
32 344
36 264
232 29
144 41
116 337
306 247
25 12
51 81
78 299
5 330
93 246
12 8
288 291
254 324
210 43
9 256
84 27
248 45
275 175
58 326
159 38
183 334
305 180
73 310
67 30
4 63
71 121
209 228
233 11
286 136
303 216
214 263
100 28
302 283
264 262
20 337
130 87
22 36
150 103
300 124
126 66
254 129
43 276
93 232
314 299
5 183
119 105
113 76
290 32
241 310
25 273
300 294
309 7
52 264
33 179
331 287
210 276
272 156
109 20
43 325
221 48
66 341
56 179
212 215
214 237
143 71
186 108
325 141
274 14
222 162
340 130
145 104
53 90
172 97
330 147
0 197
264 116
336 310
187 80
320 70
221 249
84 0
314 189
334 309
222 135
316 177
8 266
109 83
132 266
194 298
37 87
263 127
167 238
197 43
45 183
290 261
225 151
70 196
328 197
154 239
119 263
322 39
260 11
207 11
309 245
98 228
113 68
309 59
329 238
339 112
45 311
210 275
163 20
169 184
185 48
126 2
59 333
13 24
233 14
252 162
182 275
190 295
246 154
48 250
244 340
216 110
270 282
32 342
121 217
45 247
220 105
138 135
129 273
51 283
91 233
213 183
86 114
338 342
149 288
150 48
283 21
60 110
303 339
107 327
114 153
131 236
26 289
198 78
227 191
213 95
29 299
112 22
212 4
211 52
272 174
163 133
168 172
115 282
227 246
173 42
171 102
331 271
82 213
117 295
211 146
152 225
71 253
43 283
257 156
238 86
330 303
219 154
130 236
338 260
302 211
73 289
137 155
59 156
7 172
204 61
52 275
216 95
116 30
154 256
117 139
214 336
195 246
161 268
160 21
36 233
310 75
290 271
231 199
99 90
163 53
268 34
51 286
65 205
197 182
344 66
75 195
312 205
286 31
128 3
52 66
138 264
141 330
190 274
184 191
20 249
245 190
284 296
131 4
88 57
296 163
154 263
271 342
196 301
0 248
23 40
167 164
25 260
94 112
106 16
16 253
108 202
204 239
108 262
124 196
222 75
262 31
276 92
144 178
242 167
219 65
234 146
227 230
246 177
144 256
34 3
168 176
241 292
251 158
323 48
248 156
140 295
335 285
19 209
5 253
257 134
40 73
122 188
172 249
231 242
80 128
189 233
188 69
282 92
226 324
289 216
264 308
327 171
119 141
305 159
3 21
153 102
208 227
254 94
26 236
222 117
27 66
187 211
60 315
92 4
88 12
85 333
148 328
180 53
4 235
57 212
20 213
209 293
7 86
54 253
245 16
223 337
20 311
251 235
223 51
89 273
281 171
308 39
55 328
154 264
277 161
253 343
195 209
153 342
226 278
237 148
146 45
38 331
186 164
37 275
339 221
101 321
262 119
295 71
135 96
29 330
305 84
230 88
17 122
237 65
167 177
51 9
341 336
186 238
212 190
214 276
157 33
297 107
139 141
236 168
29 197
253 259
285 172
283 79
238 7
257 289
16 155
280 105
48 49
295 164
325 107
116 106
320 157
326 80
64 136
339 251
308 179
331 103
187 243
295 105
300 132
210 4
182 62
168 64
169 170
244 188
178 220
0 327
87 228
63 53
206 132
139 192
235 228
337 185
333 293
318 199
297 57
261 22
121 333
192 21
78 25
143 78
255 132
87 130
81 293
262 122
141 153
5 133
240 339
81 115
172 11
205 294
344 52
217 324
325 262
58 235
49 169
299 93
84 119
216 225
174 221
261 69
215 244
87 310
82 259
224 287
110 223
339 327
203 221
111 293
234 123
331 90
119 71
209 335
198 38
113 16
10 329
196 245
11 75
187 122
201 83
6 306
305 251
26 318
101 260
344 88
5 118
10 161
178 67
9 341
164 206
241 78
183 330
102 286
68 108
261 175
249 265
337 248
255 245
268 316
17 278
34 74
56 114
142 66
174 155
286 12
140 43
201 209
54 5
139 315
137 322
193 47
222 116
265 141
49 300
118 106
316 260
74 329
123 248
139 65
10 265
293 64
271 87
282 256
33 321
233 128
245 289
146 174
204 20
336 278
4 115
83 45
82 246
227 92
68 175
59 241
165 243
152 100
219 288
228 145
203 128
337 259
227 40
60 327
267 64
344 5
12 81
153 141
76 222
317 135
118 39
280 173
139 56
18 22
104 221
53 96
37 280
136 28
268 197
258 190
163 257
98 77
241 153
219 317
277 191
132 191
126 271
247 144
195 6
267 248
4 304
235 256
240 50
3 305
209 101
38 105
157 257
77 89
5 333
179 70
116 160
335 38
311 340
245 51
38 135
307 278
87 213
140 296
314 178
57 28
90 36
118 342
25 62
134 204
133 99
188 249
162 81
288 128
81 16
225 291
196 214
165 30
72 124
59 64
161 177
62 186
239 98
292 274
100 38
179 262
21 24
292 344
114 28
262 241
319 113
6 275
66 325
302 125
45 118
204 9
107 55
28 109
93 109
273 114
133 220
15 149
151 277
45 125
292 57
161 299
234 227
279 191
254 226
309 113
235 72
113 245
128 43
9 123
152 185
238 187
60 155
336 211
88 283
239 35
340 302
236 230
184 73
76 340
299 288
108 92
15 221
239 143
267 319
335 62
217 55
164 305
339 58
243 334
15 36
121 101
109 198
96 311
141 106
58 156
300 52
4 124
273 340
186 90
46 58
48 112
266 42
73 66
278 335
102 55
92 212
155 90
80 296
99 40
9 329
239 309
36 243
88 309
238 176
302 186
299 305
196 274
26 129
264 128
86 11
242 241
4 224
94 103
264 104
87 158
315 25
304 306
236 197
137 95
286 274
2 142
234 198
71 162
230 335
193 218
249 337
115 155
217 111
258 136
215 247
197 186
174 156
49 312
255 186
63 196
18 65
240 154
166 311
317 298
204 165
171 108
300 78
315 72
227 167
258 56
225 209
23 135
51 333
234 316
301 129
66 148
212 126
337 130
304 194
110 274
266 239
96 82
295 223
291 220
261 244
111 150
215 67
181 243
91 179
144 68
36 113
141 12
280 100
206 292
186 28
210 38
252 58
161 168
303 272
220 75
339 56
220 332
236 20
302 174
35 75
325 176
88 260
276 294
110 208
324 296
237 91
335 144
214 108
325 89
85 221
145 306
110 283
15 263
142 340
341 132
157 174
82 267
38 308
219 275
55 111
66 92
117 46
181 202
169 228
65 279
69 293
1 84
113 45
79 109
178 236
186 162
159 224
125 280
56 82
293 279
189 14
26 306
307 109
164 131
239 229
312 308
80 215
260 28
205 93
265 293
255 326
172 283
163 130
20 111
311 210
27 337
73 334
3 139
22 242
271 334
206 6
106 155
101 21
184 208
17 6
156 272
262 133
65 228
245 92
122 220
328 125
15 5
270 286
241 33
292 2
188 295
270 274
159 287
280 217
117 169
103 229
221 20
264 188
249 164
280 26
287 263
54 302
170 324
243 313
259 92
315 102
42 143
279 201
321 202
286 79
87 64
1 6
73 90
179 15
256 135
219 81
114 117
50 275
209 267
65 213
330 233
255 173
214 342
251 47
40 202
143 296
337 17
283 245
154 217
300 121
333 212
174 318
2 332
48 216
329 187
87 137
137 110
18 177
312 161
30 206
80 309
116 214
196 54
16 5
173 317
28 161
86 105
36 89
92 84
305 323
174 294
116 311
59 36
45 273
100 75
134 180
39 250
297 235
206 215
187 171
276 37
167 23
23 127
1 197
324 19
65 38
56 110
312 58
185 3
156 92
308 160
299 52
331 300
130 164
239 297
187 164
80 90
264 59
110 329
344 68
342 213
126 84
217 266
211 28
14 229
292 224
44 149
178 277
104 309
96 245
261 283
64 341
28 328
302 40
215 204
108 114
72 136
198 289
58 65
219 319
294 69
198 240
218 31
172 224
340 268
124 257
108 90
155 38
321 15
79 191
219 89
305 291
138 284
125 259
258 74
328 13
314 201
327 189
311 8
3 74
99 158
113 75
75 192
45 162
90 183
3 118
344 163
94 230
176 64
333 123
9 316
312 321
324 217
50 78
30 65
55 8
257 125
204 96
155 249
160 148
334 66
266 236
121 61
326 109
86 336
80 300
214 307
172 264
287 104
232 343
123 219
142 181
123 205
231 15
271 54
251 155
316 27
118 200
38 106
93 21
61 307
328 135
128 270
170 254
62 294
30 106
32 154
311 263
71 139
219 224
295 190
153 315
45 191
77 138
212 40
100 195
176 131
23 318
129 110
44 160
217 76
216 183
241 287
225 115
166 175
208 221
47 253
67 124
294 182
67 296
279 243
118 131
151 247
241 195
62 15
174 278
199 317
122 326
335 190
58 198
66 105
8 36
132 204
218 199
156 152
344 140
110 117
173 163
260 329
332 336
309 189
69 299
34 127
54 3
169 159
121 227
311 120
22 323
237 196
43 158
168 304
142 155
295 209
244 161
53 215
115 334
343 71
337 231
36 278
339 176
87 208
296 11
109 132
248 179
237 288
157 38
105 210
253 122
199 251
194 94
39 132
274 94
337 269
270 326
132 123
213 251
7 19
85 98
289 124
262 49
236 171
171 337
77 20
86 19
152 16
113 46
274 319
64 71
194 278
297 62
202 166
287 146
192 204
195 83
30 269
322 10
191 64
29 246
327 44
330 124
143 50
328 172
96 182
136 299
3 78
2 195
185 100
180 117
24 157
127 215
123 58
116 105
103 213
274 88
337 319
214 23
163 310
107 201
166 12
207 22
171 289
139 195
4 169
312 127
129 331
135 232
199 311
223 93
286 263
182 155
189 247
22 198
103 189
211 285
260 320
307 86
265 4
183 171
173 150
298 302
136 88
92 237
55 217
330 243
135 167
53 226
316 75
80 75
166 291
15 328
266 323
69 88
327 252
259 57
305 115
14 343
105 8
236 62
225 123
305 263
193 260
144 164
238 126
239 306
72 255
290 241
169 48
174 31
65 90
1 167
233 226
291 95
46 139
258 191
303 151
219 198
112 292
10 57
319 223
262 45
173 338
76 238
64 233
273 199
115 121
196 63
260 109
254 120
162 129
323 230
234 315
30 110
95 194
155 269
187 231
64 75
337 30
308 167
131 325
190 328
44 105
339 200
127 157
231 3
334 111
233 125
328 166
236 79
15 46
250 203
180 314
180 74
0 143
241 131
26 333
16 317
93 11
172 122
70 306
125 59
72 261
184 56
82 322
37 97
24 189
202 204
158 284
278 60
330 76
94 11
64 110
328 59
23 57
83 93
18 209
152 338
27 239
49 109
216 333
108 142
177 213
248 237
152 83
200 137
61 294
50 27
306 33
86 330
338 170
78 11
281 133
4 308
274 300
319 145
190 329
190 22
99 93
162 252
177 17
291 140
311 342
168 272
159 270
326 140
184 164
273 188
29 202
46 250
249 236
235 94
161 334
90 323
143 169
340 90
309 208
334 132
289 197
337 180
337 167
23 268
271 316
174 175
208 64
172 24
300 164
249 99
333 244
91 199
9 327
332 46
150 178
243 146
5 137
326 342
304 252
266 132
223 342
210 86
61 284
12 263
103 261
192 71
239 179
118 45
303 75
229 85
82 162
96 45
101 10
211 204
272 130
197 236
43 44
210 282
126 328
229 40
148 225
305 106
300 223
271 184
210 223
193 195
142 43
202 8
41 1
267 84
292 132
268 320
17 55
16 166
280 321
174 137
101 100
223 312
225 71
64 167
263 206
112 120
117 261
151 158
164 320
144 112
108 314
334 27
24 5
95 206
229 270
343 330
272 221
199 55
195 263
222 15
27 335
37 46
251 90
65 250
219 321
103 146
327 198
7 113
98 298
129 298
255 226
241 145
24 278
93 178
270 199
151 336
6 138
313 128
114 318
274 343
74 183
111 99
189 112
299 221
65 209
244 246
231 268
81 226
3 7
81 154
343 334
194 213
117 309
187 293
209 261
132 223
262 223
42 129
5 273
57 303
93 138
15 338
29 209
207 147
75 296
95 285
114 129
65 278
8 55
52 107
259 283
113 301
314 118
132 269
107 189
130 200
229 145
96 258
9 205
60 85
272 172
187 337
105 195
205 208
343 318
164 312
339 198
139 101
42 171
203 271
316 299
185 227
61 147
214 217
107 43
44 197
282 52
294 133
210 154
341 110
30 63
324 271
261 20
274 206
191 132
132 64
334 219
194 50
269 63
170 278
9 116
130 193
327 280
136 225
288 272
339 107
292 268
313 139
303 2
203 194
124 52
244 48
18 316
326 274
335 14
122 158
94 104
330 288
201 175
215 97
184 65
21 152
204 226
57 309
75 181
264 221
131 184
15 85
126 137
243 122
144 141
255 31
332 13
206 104
110 46
169 33
100 275
259 157
142 236
113 26
147 208
41 162
293 167
201 93
192 247
137 102
278 124
17 42
228 127
335 53
161 90
230 75
312 45
335 327
319 137
190 15
201 40
84 305
207 270
280 43
296 297
85 180
135 241
67 20
218 217
48 87
165 38
69 139
78 259
154 181
141 237
72 251
64 7
294 16
207 34
196 189
109 233
253 205
296 203
293 116
242 17
157 222
179 213
58 35
8 200
272 327
8 337
237 302
8 99
336 106
288 2
241 275
178 149
135 31
8 83
49 152
3 108
276 182
217 232
91 47
214 99
39 8
56 294
107 294
302 297
296 198
129 32
63 159
250 15
311 253
337 2
134 210
234 127
159 5
129 100
261 185
49 270
37 253
223 333
267 257
248 285
137 26
85 130
28 121
242 164
150 56
72 279
156 333
22 107
258 59
262 38
47 270
84 24
105 58
253 8
246 46
281 233
176 310
9 320
31 61
31 5
341 187
240 18
196 56
77 113
94 26
38 289
243 24
216 3
83 124
258 329
72 195
217 150
62 128
125 93
189 156
1 87
105 343
297 84
111 294
140 256
76 258
260 61
38 75
45 12
270 164
163 332
194 288
328 285
28 149
127 133
148 327
218 259
178 231
311 318
142 289
5 172
35 297
86 305
116 249
195 212
193 178
152 97
64 82
246 93
216 49
75 336
309 253
129 168
23 165
128 28
239 65
272 343
230 122
112 325
77 168
249 323
262 22
28 239
13 239
50 39
71 81
207 341
24 140
302 251
120 230
151 5
330 14
84 62
182 235
288 99
257 316
241 172
210 291
211 183
27 74
81 273
258 188
56 311
96 212
229 328
226 215
8 236
65 265
109 306
93 221
154 304
306 181
280 42
109 247
147 79
73 307
268 31
273 266
243 59
249 125
176 99
91 184
335 58
105 1
267 100
222 76
59 183
258 340
225 269
144 274
4 119
236 174
150 66
95 48
27 246
75 204
248 166
290 238
240 147
150 19
125 112
203 38
260 214
174 53
290 324
274 147
188 5
253 91
171 199
232 298
151 29
2 204
48 128
316 251
68 227
237 278
282 54
49 111
281 266
179 27
173 87
20 0
200 340
183 203
233 72
40 301
299 179
137 236
233 186
249 243
181 143
311 206
144 140
196 165
42 39
319 242
2 135
292 235
207 234
94 161
299 204
72 105
273 117
238 72
257 89
139 201
129 114
0 65
174 3
201 121
140 63
10 234
225 326
22 81
186 95
187 190
250 337
320 178
109 116
205 292
124 334
308 125
30 256
160 72
221 73
209 3
54 231
85 142
228 174
333 36
214 80
326 269
3 187
78 82
122 334
193 282
61 70
10 270
73 65
157 60
109 287
234 97
323 303
38 191
19 288
280 138
220 261
221 179
198 343
168 47
280 230
19 193
155 92
160 214
153 269
157 289
269 135
227 250
33 163
43 155
335 179
66 158
97 101
240 257
217 295
83 29
239 7
67 44
141 297
133 271
104 68
89 50
224 317
118 214
151 185
89 220
223 322
247 95
272 330
27 69
338 94
113 36
209 53
5 343
270 123
114 324
308 290
259 299
165 94
42 43
319 289
41 246
275 68
315 170
162 330
108 110
36 318
65 155
173 70
55 1
325 59
114 141
14 182
235 56
127 209
1 168
13 178
138 230
250 202
118 260
313 154
135 280
6 266
212 102
90 94
161 106
235 175
134 318
139 37
43 54
215 84
284 22
282 156
113 320
186 0
147 53
49 165
246 186
243 91
115 32
311 254
69 257
210 186
208 184
341 125
22 335
6 208
335 154
163 241
293 114
308 96
300 206
90 71
140 56
227 111
215 93
199 113
145 309
298 58
12 294
85 281
47 176
148 112
72 343
227 282
95 84
144 185
57 186
143 285
200 14
280 54
29 327
19 327
40 278
276 126
116 117
195 170
168 60
107 165
144 153
252 202
44 96
312 324
151 341
208 72
226 248
5 59
276 121
187 274
99 45
327 108
112 126
230 157
318 176
254 285
57 307
183 265
34 64
169 286
309 203
54 151
132 275
73 133
222 55
84 59
257 314
119 230
146 275
72 203
237 255
26 173
222 97
114 248
99 78
106 153
230 140
84 205
176 208
261 319
100 0
34 12
216 55
144 264
330 216
123 222
29 149
50 251
246 164
154 0
144 162
56 276
302 42
137 35
250 53
10 6
265 171
99 65
91 331
281 116
208 310
167 160
118 315
226 174
217 25
315 341
231 221
49 241
129 251
187 49
77 188
16 70
174 298
88 284
165 255
99 284
225 227
15 0
253 7
273 112
108 336
269 59
135 53
4 289
315 21
15 144
331 41
261 332
227 141
215 243
43 123
152 317
137 257
118 245
150 42
342 269
67 248
269 130
83 47
136 69
336 52
304 218
95 174
18 139
199 72
13 336
236 37
224 319
21 193
222 136
132 49
169 216
96 305
187 334
259 48
208 9
222 128
50 76
201 63
67 87
96 205
124 73
47 323
99 172
17 134
221 186
252 219
48 341
209 307
45 319
218 267
4 171
344 205
136 313
195 233
127 158
259 129
330 276
263 108
19 170
327 314
166 93
178 211
314 51
134 319
124 35
81 261
250 276
51 326
153 259
15 182
319 274
311 304
107 229
314 126
95 123
292 273
334 262
226 25
138 6
307 121
169 115
53 220
343 108
290 11
189 159
290 187
324 247
41 321
249 261
54 33
189 192
286 53
314 110
70 269
232 69
279 170
82 126
83 174
285 301
125 133
45 7
328 307
223 135
125 278
70 314
27 11
270 243
23 340
167 157
64 3
327 49
130 66
223 317
269 250
105 314
257 42
4 180
278 130
15 3
1 43
261 271
286 284
343 135
261 325
86 46
293 309
266 119
117 273
88 276
74 320
30 254
7 45
257 9
335 173
182 277
14 253
190 12
240 32
55 188
244 223
210 16
151 200
194 24
247 80
178 254
125 338
165 18
68 250
197 83
158 42
342 104
50 237
137 7
328 36
230 193
299 284
48 148
308 98
319 210
178 55
22 206
48 187
224 116
92 76
101 251
20 1
238 296
325 123
332 112
218 286
51 169
267 311
29 3
111 316
239 237
335 233
313 338
207 135
250 187
258 140
202 132
328 253
301 320
72 125
189 102
30 210
84 294
33 74
183 248
138 62
80 248
90 12
144 11
103 2
30 78
179 60
288 333
104 274
184 39
3 22
288 71
149 328
35 229
231 232
117 224
244 145
73 291
59 78
195 46
254 225
124 335
188 314
225 194
244 65
334 78
122 40
309 157
270 97
291 289
223 191
337 297
39 51
30 234
17 25
177 107
241 304
301 42
24 91
192 261
72 314
301 283
127 128
35 73
73 259
166 312
18 45
342 17
134 261
42 213
23 185
172 226
228 99
219 75
15 193
291 316
131 73
2 69
49 322
230 117
289 245
226 79
138 170
292 63
10 22
289 140
121 65
215 136
259 162
9 292
137 11
16 88
206 179
48 333
320 250
243 170
198 313
224 69
6 40
133 262
333 172
176 4
163 66
55 271
148 103
259 93
344 26
167 222
276 312
294 146
25 43
207 224
293 264
29 328
181 17
57 259
268 220
326 323
82 307
124 328
333 291
107 166
259 56
214 284
1 76
163 259
65 13
178 341
243 262
13 301
176 281
78 59
260 127
90 244
89 215
129 325
161 237
146 322
195 16
111 306
243 192
302 141
11 315
344 187
154 78
149 69
107 239
215 196
109 344
78 271
236 225
248 334
143 67
88 39
50 199
1 195
336 304
78 336
49 232
316 198
203 78
176 104
30 113
37 180
102 180
150 190
121 102
291 24
297 142
230 288
101 210
181 52
344 54
34 245
177 211
23 281
264 60
142 168
113 263
172 307
288 124
104 75
315 107
187 53
160 186
108 312
290 142
212 122
255 118
175 278
301 95
338 222
18 37
301 120
244 2
123 116
109 310
170 269
53 180
237 343
224 6
120 135
125 197
315 328
292 211
248 153
247 106
273 145
154 74
147 179
93 158
144 263
83 99
0 222
97 224
228 119
261 255
317 134
239 264
0 1
34 150
154 281
159 329
148 54
289 194
219 274
294 219
151 293
0 281
68 164
94 40
298 235
206 200
236 241
5 293
79 164
277 63
35 238
95 85
292 286
181 166
215 130
287 268
79 288
107 49
336 307
91 197
162 229
340 167
177 322
234 12
256 100
226 339
168 96
125 111
267 106
301 276
155 310
132 146
272 125
245 89
158 89
120 294
101 309
1 278
255 227
273 79
226 300
92 50
308 48
326 20
13 15
166 187
42 313
276 298
111 336
42 133
286 45
97 308
201 1
144 111
130 319
176 184
232 93
159 147
108 227
236 150
195 167
6 209
61 48
341 244
212 197
147 258
308 277
232 56
93 63
240 303
202 30
145 316
115 341
40 121
107 101
71 6
5 67
250 120
166 52
33 32
232 266
335 325
329 230
162 139
7 242
202 153
115 317
51 155
159 164
134 317
284 300
271 318
332 158
141 322
40 125
110 128
116 174
267 124
318 124
277 88
343 328
244 338
43 305
60 109
124 194
81 311
149 8
186 39
68 327
263 11
9 28
139 126
203 61
250 176
88 84
167 333
314 313
273 42
23 299
138 105
265 287
15 106
228 330
88 147
341 98
77 37
224 280
1 31
14 89
17 181
324 233
51 208
147 324
152 170
278 290
177 199
207 18
80 198
67 76
296 145
114 77
327 115
10 341
106 27
79 332
162 32
196 309
11 3
134 192
196 312
293 331
61 155
251 141
8 319
120 206
119 136
185 101
0 259
124 326
14 344
152 25
250 287
217 101
156 165
334 119
223 240
214 283
74 180
90 227
31 337
43 57
318 191
246 332
93 53
13 343
340 132
1 53
200 335
173 78
132 336
211 2
176 108
335 250
289 327
34 222
319 77
181 293
170 82
280 263
136 195
328 66
87 85
303 162
65 91
55 276
93 231
287 330
38 133
215 72
51 191
39 123
176 320
72 9
0 302
76 87
42 281
27 206
286 22
92 228
8 130
16 223
202 273
314 155
21 9
279 197
231 223
232 165
163 210
154 205
147 306
215 174
167 156
99 162
286 107
292 204
132 103
207 153
14 43
253 245
168 72
8 56
139 171
266 196
278 315
157 148
47 226
206 146
43 147
155 238
6 42
290 138
194 62
307 266
76 217
224 118
43 48
314 322
18 126
27 65
254 234
36 21
93 290
310 38
330 13
339 179
75 339
183 284
261 162
157 42
280 102
90 249
326 11
277 9
323 186
243 92
41 181
15 134
126 326
74 112
241 69
193 316
63 32
157 226
96 216
171 31
319 163
280 300
76 114
309 55
147 244
291 162
280 319
45 257
86 286
228 182
159 193
116 317
75 212
90 148
243 64
20 43
0 149
243 147
295 189
211 231
65 257
45 54
100 273
236 260
121 7
134 98
219 126
246 19
191 115
99 113
158 293
344 158
344 144
207 197
333 73
83 301
232 30
10 235
303 246
52 79
155 88
178 29
214 79
48 60
194 49
75 254
244 322
314 243
121 78
95 12
152 80
313 286
110 323
176 68
126 228
50 281
316 228
212 186
209 162
148 306
211 224
215 110
201 87
255 322
165 6
333 204
161 99
182 239
69 308
25 119
249 111
331 114
175 135
75 41
261 192
151 19
279 62
243 2
315 135
221 303
339 284
304 177
81 276
42 106
297 189
251 202
202 238
218 33
74 93
42 128
92 10
226 62
267 42
191 129
307 261
280 259
18 210
326 138
243 256
333 317
4 278
2 18
157 94
29 285
58 76
191 326
118 37
12 239
309 319
58 146
135 65
333 56
275 314
194 173
128 85
48 132
18 50
53 77
47 82
264 105
333 81
148 247
222 14
123 182
63 259
248 298
217 80
267 313
156 297
332 318
156 40
297 105
24 216
211 84
229 199
67 279
4 192
293 127
29 11
41 277
211 160
260 36
129 71
333 84
177 320
305 235
15 257
341 286
31 109
273 260
210 340
194 214
187 44
342 119
303 285
101 213
284 194
118 18
71 78
254 334
238 152
275 171
261 203
86 126
341 190
128 338
309 86
278 263
131 18
68 318
114 89
167 147
77 307
299 7
133 117
113 121
244 214
205 142
59 334
135 24
287 135
154 320
293 170
213 187
258 36
334 237
245 191
245 281
308 260
57 207
129 263
251 188
154 288
161 303
267 315
279 225
94 129
50 308
316 211
246 306
103 48
152 250
329 17
165 42
127 196
207 33
322 56
49 138
262 218
108 98
0 104
227 51
314 199
62 169
264 214
322 150
231 44
94 260
241 203
294 183
121 271
141 73
311 58
193 321
80 286
147 50
140 311
167 202
37 333
318 14
139 106
59 233
22 300
92 218
40 115
144 181
188 12
142 37
333 200
133 68
43 280
20 85
148 188
189 185
78 162
200 217
8 95
117 14
337 208
26 36
147 14
329 182
215 5
268 18
105 173
177 305
219 301
0 335
303 215
229 41
185 157
77 332
73 118
169 57
301 39
62 126
238 65
331 317
25 279
222 147
339 186
319 125
227 160
184 206
325 219
315 281
160 279
62 22
92 202
87 325
175 14
63 298
79 103
295 320
101 171
331 285
279 36
100 259
157 70
97 219
4 61
241 343
264 230
323 341
245 41
339 276
252 257
214 255
330 200
97 265
138 197
81 197
169 179
72 174
240 313
172 61
199 53
304 1
94 157
113 336
88 82
280 242
241 51
54 129
252 152
296 292
251 32
145 76
211 119
250 9
87 324
317 188
279 277
91 276
89 205
267 177
189 104
156 31
214 310
183 165
257 337
100 304
68 213
78 220
222 68
101 195
158 36
29 250
214 118
12 38
197 201
142 174
286 200
206 58
165 291
125 325
283 225
186 253
94 265
128 218
235 230
315 48
168 344
200 37
117 212
75 217
46 257
320 154
217 140
3 342
120 286
223 209
195 317
31 225
190 266
110 161
62 72
217 82
299 255
67 247
304 188
84 307
185 107
150 310
316 247
184 2
128 277
170 238
340 41
74 57
139 300
141 340
243 83
54 202
271 138
164 13
245 216
324 118
119 163
120 247
95 290
42 337
332 18
50 2
212 91
204 8
87 316
20 330
301 74
89 227
212 155
241 15
26 122
187 156
47 283
101 337
177 335
10 227
240 222
221 99
132 308
318 54
195 176
128 284
306 243
160 22
226 293
168 68
104 117
109 86
0 22
215 240
146 91
242 181
54 117
235 151
293 266
337 254
66 86
13 226
11 141
76 179
210 83
198 20
93 210
106 93
134 322
236 280
68 35
18 25
152 156
78 2
77 71
159 45
59 74
271 70
216 249
249 328
332 5
3 80
215 12
76 4
334 312
186 304
249 205
231 303
305 340
287 95
343 115
166 116
19 317
334 94
16 312
0 252
279 187
114 85
294 247
43 212
109 150
272 51
148 172
166 216
288 87
90 289
341 315
294 233
311 212
200 214
22 37
56 38
122 252
285 166
119 55
107 246
181 255
74 249
336 119
209 333
336 60
221 302
272 76
15 129
234 138
36 175
206 57
132 180
187 239
81 270
150 57
174 178
322 166
154 190
148 75
174 271
6 63
140 172
249 272
7 91
167 335
17 219
48 191
299 272
15 68
247 49
271 314
84 277
280 50
123 75
222 27
250 131
21 72
121 285
193 71
33 147
343 293
203 13
324 178
188 310
12 123
15 38
101 237
65 6
270 86
325 46
273 173
118 307
222 18
255 81
279 173
284 12
241 93
231 220
174 322
185 186
2 102
224 103
109 166
180 89
213 109
164 233
71 42
251 228
25 185
303 211
198 200
304 331
322 133
308 65
222 311
167 101
316 311
132 31
72 247
140 237
135 113
181 42
341 206
72 229
56 278
216 34
67 81
1 289
47 168
292 19
36 143
2 169
76 74
71 118
231 49
53 129
157 182
67 42
19 324
323 314
49 172
235 86
315 237
157 293
213 228
66 329
33 292
81 93
130 67
224 197
37 334
215 301
174 264
129 64
203 64
295 319
303 89
216 336
37 297
331 167
266 211
266 277
155 205
168 134
337 240
303 23
304 210
25 163
177 222
137 27
238 95
116 109
333 153
309 222
222 230
88 45
65 145
152 233
181 218
113 34
244 124
137 323
1 176
5 142
173 122
251 64
177 117
249 315
76 57
105 258
177 181
215 186
213 304
340 214
37 1
11 211
25 165
177 104
282 20
308 89
296 213
306 27
172 314
187 4
150 176
196 21
265 17
321 280
249 14
183 163
127 208
230 206
215 69
226 178
46 120
106 218
89 294
124 142
27 320
163 292
338 103
327 216
285 232
132 124
297 161
22 104
251 248
283 65
327 329
105 79
285 131
221 312
9 286
162 249
291 144
120 232
278 155
258 230
316 147
67 339
252 221
144 190
188 29
76 276
20 181
258 207
174 224
323 238
128 269
38 150
58 316
305 316
104 277
119 73
173 273
118 138
248 194
316 170
278 229
32 148
266 109
274 244
2 57
70 287
109 129
259 70
2 265
249 23
296 288
198 316
328 102
68 201
174 1
86 109
51 254
218 227
153 122
186 125
65 295
156 226
146 171
84 139
248 283
329 4
254 214
106 322
225 59
291 178
313 164
189 246
50 254
99 207
135 21
193 7
322 343
290 209
2 200
325 10
79 51
193 305
12 41
40 227
108 101
152 297
249 203
206 250
65 243
272 333
242 305
118 188
71 23
290 52
5 128
231 18
170 272
245 278
275 53
230 81
158 338
332 223
138 259
113 219
281 10
81 301
70 210
43 203
130 115
32 31
295 307
75 180
269 213
334 277
294 71
233 50
126 115
95 331
30 67
98 320
271 229
338 205
162 288
70 50
96 3
196 20
217 192
304 108
81 259
205 207
276 301
193 208
23 194
184 196
78 177
57 240
45 288
52 143
335 169
181 263
324 263
79 185
125 11
43 221
219 313
70 305
165 148
290 160
153 137
110 198
327 162
235 135
263 72
53 242
335 132
341 308
225 63
13 265
327 242
244 92
342 226
157 142
73 47
277 336
21 330
136 11
117 120
29 163
50 169
133 210
130 100
7 112
244 251
107 143
35 264
285 108
213 119
2 235
104 40
148 123
188 210
2 173
158 37
85 169
171 92
184 317
246 291
17 183
210 204
323 195
137 19
108 298
98 296
65 2
125 126
39 66
197 125
137 271
119 223
243 267
169 163
105 281
22 201
262 1
330 189
44 152
292 11
56 319
137 96
123 79
261 144
303 61
314 127
126 321
311 149
177 130
262 37
222 218
33 266
25 227
201 317
79 143
209 104
151 82
335 120
112 117
96 78
208 220
307 27
159 184
245 192
321 88
156 177
60 137
222 171
144 100
198 295
84 189
317 196
208 315
176 31
146 39
251 10
314 312
62 5
94 2
216 56
41 340
228 185
95 328
278 282
325 110
51 121
39 267
89 135
39 151
91 235
134 209
291 175
205 76
263 202
60 300
284 134
212 120
230 40
220 183
64 259
50 47
108 93
179 199
328 215
292 269
253 210
126 313
68 313
102 280
88 174
29 220
117 249
58 83
66 313
138 18
15 246
111 96
2 94
311 313
172 259
139 80
26 266
295 94
136 53
29 224
129 58
99 148
210 59
28 271
294 290
42 324
292 130
169 87
211 196
255 63
192 46
18 124
172 148
198 294
232 332
160 76
108 137
38 52
116 341
307 310
127 34
132 209
303 324
103 82
27 188
255 127
39 45
16 167
207 177
145 217
216 86
171 332
82 36
297 111
317 252
6 104
83 274
91 89
277 71
147 316
116 164
40 225
341 186
0 212
272 171
101 256
109 300
109 276
87 226
45 171
57 136
260 315
156 94
41 304
312 59
123 8
285 21
194 187
135 23
260 138
93 204
8 105
38 96
233 83
267 290
260 278
80 204
139 294
263 262
185 53
292 222
323 208
19 143
116 57
239 4
43 63
294 165
98 129
315 140
79 136
337 189
22 217
52 285
130 187
330 314
11 225
288 169
182 220
191 319
289 87
21 183
276 44
55 230
329 88
72 182
42 305
151 53
185 26
108 30
97 327
270 279
104 197
236 119
202 82
94 48
170 115
133 3
61 189
234 292
179 208
31 221
168 182
176 255
110 284
286 207
169 113
44 273
310 280
295 168
265 291
216 90
308 5
340 25
96 131
219 177
340 251
300 65
335 131
321 3
318 164
210 142
277 156
317 145
339 267
313 259
213 86
338 246
104 336
33 323
70 275
131 25
340 24
59 218
27 32
37 139
174 217
296 48
17 192
316 232
106 184
220 12
16 116
258 120
1 80
123 132
105 119
58 164
239 85
98 179
127 174
51 78
223 315
172 194
104 278
280 226
290 199
342 105
319 7
299 222
87 77
257 94
161 240
303 259
74 85
336 27
65 214
244 237
310 3
170 245
99 129
122 321
136 323
198 125
303 12
219 303
328 282
198 286
26 188
201 91
304 100
230 269
5 55
71 137
319 171
266 343
49 304
322 149
84 182
140 47
143 241
333 242
70 261
332 174
254 291
274 139
117 182
96 188
319 317
261 240
315 212
199 194
17 185
31 81
128 188
315 18
181 319
116 90
167 293
131 284
130 129
30 104
101 193
246 71
61 2
168 325
187 199
61 134
175 189
225 145
109 212
88 290
89 106
35 256
197 128
92 298
321 338
271 37
242 94
17 331
196 325
121 26
169 248
17 64
170 160
18 127
213 327
244 306
62 99
105 326
85 203
307 108
132 33
11 206
214 29
172 339
37 244
57 55
73 142
170 219
103 254
342 206
265 59
305 26
40 293
131 249
303 263
26 152
148 198
0 105
293 216
70 20
91 75
274 335
282 195
296 144
123 238
339 254
143 298
75 328
72 3
135 220
104 183
307 104
32 139
61 217
178 335
207 17
298 156
22 96
11 97
79 83
2 116
205 106
202 168
175 145
89 54
248 150
271 328
42 35
95 65
123 264
145 37
120 266
243 326
297 226
281 90
320 38
145 223
70 240
190 312
289 314
232 337
253 150
119 28
71 264
256 1
169 307
43 121
189 328
65 27
320 60
98 281
76 168
136 23
39 270
75 36
321 49
203 134
297 27
344 340
50 90
176 253
52 176
92 30
199 38
308 112
88 285
236 155
2 188
84 1
183 135
91 63
152 208
165 328
19 120
62 13
52 62
86 153
2 280
294 212
294 284
152 247
250 291
57 252
134 142
254 220
277 247
185 331
13 253
217 279
28 279
292 327
341 33
136 245
215 85
112 67
24 166
314 176
112 26
330 247
70 239
24 249
44 209
236 57
336 47
42 185
30 285
120 68
185 237
153 297
304 79
118 175
157 133
35 174
284 306
79 328
72 217
287 92
41 269
209 140
139 296
32 194
150 239
175 170
303 173
32 240
250 316
201 231
299 176
103 143
268 330
76 309
254 343
283 20
138 324
218 72
76 23
311 251
193 283
141 54
196 263
144 53
149 0
229 252
143 54
139 121
18 48
21 301
315 159
281 188
133 12
165 307
285 306
36 114
69 268
329 298
176 29
7 217
52 273
266 73
134 314
80 268
270 49
57 112
257 320
65 196
90 184
278 159
108 165
15 186
194 269
197 226
320 231
20 12
200 2
280 84
195 107
133 155
143 122
273 324
282 283
25 84
142 125
213 20
11 233
32 211
235 214
295 332
223 330
142 344
180 175
185 323
297 15
204 136
298 3
237 226
244 263
311 41
43 81
308 54
216 340
265 106
111 118
340 334
5 40
333 185
66 69
91 270
108 292
176 0
173 75
263 41
18 306
24 327
262 240
224 183
248 336
203 244
186 216
274 285
189 284
134 20
285 210
153 16
343 231
73 124
316 322
115 76
123 343
116 138
169 63
57 0
250 148
187 40
169 127
152 68
134 305
84 5
138 329
139 212
109 110
89 214
124 276
327 240
316 151
205 28
53 111
78 240
53 149
218 306
287 105
320 51
118 66
182 204
138 164
99 11
217 207
39 172
318 19
315 273
35 42
246 316
210 188
323 87
141 96
55 221
205 237
80 245
303 81
256 77
288 197
152 163
217 122
33 231
239 145
233 118
216 288
241 76
83 321
322 288
305 233
21 248
86 173
314 303
197 307
246 115
238 231
285 173
19 179
318 341
299 108
115 170
52 258
246 135
235 223
78 97
14 1
247 100
76 216
305 273
81 108
291 221
241 231
49 260
313 269
257 267
33 274
92 332
187 338
122 324
119 102
76 133
104 324
135 180
11 178
105 302
54 248
90 5
163 58
275 75
325 210
4 72
197 94
313 319
73 87
323 150
122 329
129 257
67 226
156 78
307 163
282 16
66 27
22 229
86 199
207 313
64 211
288 261
305 256
245 17
86 269
2 117
83 69
245 239
49 207
57 331
126 123
260 50
254 248
249 116
217 215
230 160
33 190
318 170
89 114
44 91
133 127
62 34
268 13
143 325
246 269
5 162
319 259
65 125
278 184
340 163
246 28
255 219
100 284
241 190
183 187
67 148
123 335
161 266
217 63
191 124
225 67
39 192
193 317
279 90
119 292
302 121
231 198
213 285
139 52
29 108
200 152
1 263
73 120
245 108
234 284
203 329
158 137
74 195
219 95
142 176
217 276
277 332
216 318
81 141
299 329
307 274
105 288
96 5
299 330
191 59
101 317
41 145
51 160
76 328
147 194
301 89
243 284
230 197
269 192
127 276
38 125
281 239
12 127
298 326
33 51
173 36
270 214
29 62
206 79
158 162
168 57
4 53
156 273
148 185
204 88
310 42
229 322
205 6
135 34
42 307
284 180
89 145
259 150
210 329
207 214
37 18
44 87
106 150
192 306
296 263
45 156
269 82
92 213
45 243
142 329
325 232
31 141
284 143
125 146
12 64
66 303
152 74
108 229
146 300
93 97
120 138
155 44
221 248
159 266
48 302
152 28
91 85
169 30
78 143
260 46
102 67
121 210
199 169
68 194
168 188
332 323
135 110
128 294
278 176
153 85
106 244
73 177
176 302
28 254
2 289
203 104
258 226
217 14
50 285
208 218
128 98
98 263
208 129
213 142
207 21
129 314
168 202
146 344
156 311
21 261
70 279
142 287
294 192
227 59
312 258
157 312
176 21
343 291
65 206
215 194
77 38
299 125
284 262
300 342
258 201
158 55
45 9
149 175
88 128
331 264
51 231
211 116
92 328
268 68
233 152
205 116
278 118
76 265
249 225
95 219
244 183
249 132
4 300
18 117
318 111
100 88
182 23
156 34
133 44
89 240
63 22
260 184
15 336
104 264
217 199
40 18
150 289
245 168
308 121
181 64
209 266
202 122
214 193
264 179
215 180
18 132
171 123
298 43
224 241
308 66
186 113
257 333
184 220
109 267
186 220
90 176
45 293
141 120
340 259
300 13
293 28
38 149
72 165
45 282
133 231
121 137
167 133
59 256
8 52
334 300
0 189
214 43
211 111
204 68
27 55
97 312
204 71
34 151
8 167
114 60
98 184
193 60
95 104
59 14
175 176
304 289
287 66
12 216
184 227
82 218
33 91
288 219
52 304
279 53
143 30
15 140
36 29
126 95
290 204
173 249
148 116
217 62
234 338
74 73
122 156
194 57
149 137
96 113
282 81
103 64
176 48
170 5
23 72
35 257
312 109
233 337
266 82
49 70
219 228
341 233
14 41
122 312
15 88
107 117
308 130
189 343
10 178
50 276
260 100
248 36
328 325
253 226
115 268
267 325
122 291
292 287
146 210
327 142
286 171
229 52
311 182
230 226
282 134
164 167
16 73
48 131
243 315
111 309
171 290
218 153
87 160
324 129
293 110
84 260
292 314
43 131
103 208
298 21
183 1
153 328
218 166
250 36
127 263
1 200
110 121
183 234
130 132
247 214
294 194
184 337
228 287
102 181
85 19
268 205
87 75
242 117
240 243
266 228
104 105
117 235
139 19
104 335
116 288
327 344
133 85
82 344
272 69
265 98
173 172
273 316
317 246
129 328
245 148
168 126
276 186
317 161
185 105
148 169
6 75
239 173
173 169
82 249
220 117
61 98
81 60
240 201
1 310
328 180
151 300
341 238
307 144
63 215
121 204
43 295
275 27
101 173
187 321
290 248
74 104
340 58
164 236
161 68
201 46
248 8
248 244
246 210
43 309
327 66
70 272
16 0
173 44
340 20
293 317
125 288
30 191
179 93
140 162
61 192
156 6
59 138
73 129
313 336
130 170
11 205
214 253
128 64
8 157
1 89
251 261
27 46
336 42
68 147
295 29
188 270
60 58
164 92
228 175
298 344
83 81
236 319
23 237
310 176
153 338
124 134
213 18
78 183
165 28
114 255
299 175
313 20
169 98
195 122
98 180
105 64
293 243
38 250
145 77
227 14
95 305
236 116
291 288
112 17
42 209
140 42
44 147
106 338
212 331
198 164
79 344
241 307
260 336
169 261
154 307
32 129
54 225
72 68
243 16
277 285
87 66
217 35
14 331
21 115
150 3
114 294
310 29
285 36
192 341
344 225
125 300
105 100
24 3
18 203
190 324
82 180
45 201
117 307
187 41
77 240
44 93
189 9
24 31
292 216
28 193
96 55
149 104
57 75
278 200
55 263
35 2
211 307
193 190
104 237
283 293
148 307
226 96
81 254
191 177
212 340
281 269
317 291
0 153
71 83
305 190
235 171
54 331
17 158
223 202
25 148
46 216
325 258
114 164
183 333
12 85
141 60
43 114
45 250
305 182
323 261
168 242
322 47
321 167
122 248
217 71
21 99
329 37
263 69
26 177
57 167
139 100
184 86
269 230
307 92
30 186
41 32
74 264
101 98
167 318
169 91
72 154
128 238
224 112
184 63
198 91
109 122
224 318
117 254
160 60
325 42
234 49
15 59
140 334
227 142
325 298
325 204
169 165
256 278
190 37
291 216
22 134
7 249
176 143
104 341
82 121
265 212
264 148
67 244
7 34
310 177
101 123
12 291
160 68
155 106
284 80
142 193
329 220
239 185
215 343
182 200
120 4
67 286
152 134
185 62
239 171
274 153
118 336
124 273
0 310
255 142
159 240
18 53
80 233
298 262
88 320
267 57
261 321
191 101
38 261
88 330
333 108
321 14
283 321
324 194
21 40
89 39
340 71
236 165
269 158
222 88
36 316
134 245
254 222
132 144
232 11
158 171
234 40
267 255
329 26
272 220
93 196
186 317
188 278
80 203
102 213
3 335
224 63
63 15
103 330
50 89
5 45
263 29
159 106
331 42
214 89
157 119
326 283
182 291
299 188
276 225
274 76
249 91
205 202
180 112
51 16
174 260
27 160
205 143
151 17
262 132
301 99
78 255
189 256
37 118
234 286
209 342
143 291
11 293
314 213
113 267
132 287
85 61
103 290
204 254
289 165
75 312
83 14
85 317
203 197
216 248
143 228
96 310
184 130
154 269
191 159
316 176
171 260
342 196
86 319
65 169
236 52
249 162
244 295
292 96
309 44
308 148
174 117
72 21
277 188
318 150
20 47
65 264
243 53
140 308
15 71
274 167
233 174
117 181
172 328
127 135
132 203
154 106
126 333
295 100
138 217
147 105
38 292
159 80
14 172
257 288
339 47
19 111
228 191
342 257
228 129
137 144
26 87
146 67
206 293
172 244
142 233
325 52
74 241
225 331
86 121
34 106
135 164
297 132
163 342
121 300
141 49
290 190
116 151
40 289
51 183
79 278
235 154
76 17
42 162
41 323
170 176
45 25
210 24
108 28
268 229
328 311
327 197
143 280
35 222
115 172
278 191
92 321
8 133
201 81
211 246
106 323
172 214
6 95
98 236
62 278
67 218
230 296
317 28
231 254
153 1
82 86
94 76
62 4
111 166
85 224
67 191
202 240
60 208
75 126
19 294
155 152
204 210
55 286
296 149
264 261
56 30
254 149
235 111
291 295
319 86
258 222
40 154
291 17
280 212
312 337
20 73
202 75
14 154
70 183
210 152
324 119
203 214
230 52
67 106
328 80
36 176
0 316
44 312
211 311
40 68
41 301
124 70
136 96
150 135
22 9
251 154
308 220
162 101
102 145
181 40
224 83
12 170
50 125
136 337
95 79
195 220
150 233
95 158
280 249
312 243
124 129
246 129
177 329
169 303
68 83
128 20
208 264
260 206
245 12
328 297
246 201
258 37
61 312
207 88
97 108
217 176
93 288
36 63
274 164
83 39
330 245
245 132
258 228
85 159
85 343
98 212
155 196
164 137
148 177
241 143
22 277
206 296
343 191
336 328
115 252
120 102
313 107
319 256
165 151
30 231
289 335
296 92
69 192
137 91
26 343
290 24
91 281
254 183
74 271
337 96
29 305
203 31
27 80
189 94
325 77
111 178
71 180
25 208
108 119
322 200
55 133
285 31
59 278
128 335
238 233
313 113
261 102
333 143
81 99
321 153
182 248
103 27
130 80
129 87
115 69
20 77
2 148
314 241
63 154
7 227
256 340
272 240
341 151
48 178
301 213
91 60
42 271
210 158
235 245
281 204
43 220
98 107
30 7
236 188
249 65
83 245
216 33
326 173
149 319
98 275
218 210
263 182
316 334
339 207
80 243
272 65
45 46
99 273
219 248
248 107
96 1
284 216
211 275
57 153
294 291
115 253
180 86
293 225
221 122
290 169
168 291
97 289
96 247
298 193
150 238
311 17
70 201
31 29
9 325
223 124
233 58
210 33
160 258
84 8
201 82
329 53
48 135
193 14
215 332
194 224
3 102
33 115
136 70
175 198
230 260
70 63
199 71
263 183
26 311
220 219
227 176
286 98
163 38
224 32
12 130
135 45
245 173
17 323
26 248
140 135
118 112
198 317
183 18
57 210
329 180
331 113
258 273
113 324
213 338
25 146
271 172
221 288
52 248
93 192
38 113
304 138
85 143
156 45
255 42
127 241
155 40
71 269
19 284
164 31
79 338
263 301
106 179
65 46
292 25
86 280
70 242
186 107
221 243
147 195
2 103
226 81
343 145
284 84
18 292
263 83
240 210
10 326
145 80
125 27
60 311
36 184
281 181
155 317
70 157
76 198
140 321
343 327
60 263
274 323
249 170
91 259
53 138
340 179
166 55
47 202
141 159
341 0
50 313
157 28
166 298
4 67
182 65
330 111
149 237
77 144
318 243
101 20
2 145
180 193
222 176
193 174
144 6
104 310
206 109
32 43
56 268
154 142
207 205
281 284
251 254
84 255
274 86
279 179
187 128
9 233
134 15
199 242
26 133
285 4
53 243
40 135
217 223
321 26
132 60
281 309
146 238
320 328
72 65
111 328
298 147
188 133
30 143
31 205
155 319
197 218
301 232
180 237
130 320
211 104
40 224
335 241
273 334
295 219
261 40
300 143
260 197
171 14
317 127
148 152
266 246
222 149
29 295
60 204
186 258
79 4
200 333
198 188
332 91
253 60
8 225
90 156
33 11
212 182
22 172
1 298
24 309
158 210
124 139
127 314
70 304
25 57
297 278
117 305
117 340
23 77
311 235
259 334
309 162
189 333
198 250
132 171
284 202
130 309
259 82
144 278
200 66
41 68
203 202
304 167
266 149
151 255
200 195
224 234
21 163
91 53
29 252
135 173
88 327
33 131
291 233
99 234
301 302
338 261
124 260
312 181
210 118
91 312
313 315
202 236
36 195
289 65
5 327
239 93
309 272
126 256
62 225
47 265
84 41
83 110
203 50
291 68
169 284
282 39
254 41
276 290
237 122
11 144
104 152
237 69
79 18
227 43
145 274
308 229
217 47
339 75
45 168
110 282
24 41
130 163
163 43
209 170
195 101
141 176
21 23
219 68
297 72
147 229
282 193
52 310
150 4
105 280
70 171
323 279
341 75
283 137
28 261
323 38
133 277
128 211
342 278
117 102
115 187
24 73
70 307
210 321
338 310
59 206
266 284
23 301
217 53
69 214
233 187
218 3
96 300
122 166
262 235
44 333
64 145
86 57
111 314
77 109
12 3
313 229
56 37
126 316
293 58
13 45
15 178
280 60
107 252
206 120
124 49
60 205
204 28
66 89
108 192
152 230
152 166
275 70
246 112
221 121
260 0
170 108
202 231
215 308
161 206
322 159
342 31
197 221
219 98
235 251
67 151
293 289
272 208
218 48
133 335
196 40
79 146
79 303
305 76
334 252
127 89
30 249
89 266
57 157
72 5
101 246
148 235
341 281
133 76
197 212
170 332
254 61
150 269
188 240
92 245
299 66
153 302
215 268
249 18
202 286
304 335
265 157
202 44
88 274
31 245
335 172
282 43
344 27
283 91
272 139
60 80
96 275
251 0
195 312
50 52
155 9
42 75
166 146
120 157
75 151
304 313
324 143
11 323
170 196
316 97
335 31
80 86
306 331
333 59
200 38
111 10
295 154
202 108
77 180
161 36
148 42
179 61
102 149
137 36
317 125
95 74
66 206
331 16
262 319
34 22
82 112
202 146
188 328
313 13
252 238
17 196
270 161
221 257
79 40
231 114
62 216
128 264
17 178
63 139
120 298
266 274
191 99
256 71
69 175
267 165
288 193
228 66
105 308
106 238
324 169
88 275
285 260
38 4
301 60
204 125
224 50
23 196
41 146
109 243
286 335
67 298
228 285
317 168
191 274
131 50
301 23
2 180
73 26
31 200
271 13
96 62
98 274
104 97
332 333
284 304
135 189
82 338
174 89
13 107
290 232
245 302
180 208
311 43
14 311
64 206
68 67
36 105
257 20
99 26
7 175
116 20
282 308
252 143
81 54
100 261
164 67
280 81
200 344
189 209
250 257
276 188
18 188
208 19
117 216
194 135
138 33
98 46
79 179
100 179
148 204
285 201
330 129
312 137
289 243
227 209
334 91
228 8
143 2
259 241
295 338
75 298
173 72
120 223
209 20
126 97
234 341
336 117
205 227
110 335
235 221
125 130
29 199
226 51
324 59
74 189
80 200
188 132
293 77
96 137
69 108
127 304
329 245
30 169
88 56
76 19
157 204
70 137
165 144
228 245
279 194
50 309
35 49
3 104
157 32
64 44
277 57
56 210
128 144
266 204
65 79
310 135
181 1
278 82
319 213
276 24
79 311
73 83
71 133
115 37
177 48
258 124
279 81
231 344
36 180
327 217
83 261
299 57
31 230
98 304
95 71
92 113
10 269
161 6
59 321
131 240
239 22
115 177
202 98
49 286
261 250
245 292
37 229
304 38
189 55
168 120
108 231
28 167
109 159
63 68
78 204
337 194
284 97
194 235
38 110
141 283
304 80
70 263
118 259
220 130
97 290
152 205
78 180
275 187
340 240
158 320
1 52
71 285
149 265
277 219
28 236
201 0
57 320
259 277
7 258
125 159
339 296
293 236
93 106
212 94
158 283
106 15
52 38
234 327
177 90
327 234
166 319
57 193
133 325
52 30
276 0
266 271
8 35
267 68
221 204
278 327
121 331
215 99
3 100
333 217
243 57
94 202
250 129
182 302
159 15
286 212
18 111
281 141
217 214
25 339
102 293
251 220
47 156
320 283
340 123
323 147
7 314
78 211
297 266
326 217
32 164
280 286
244 38
234 52
258 184
209 233
8 19
263 331
166 72
49 173
40 142
295 21
262 328
87 178
135 22
119 281
60 256
333 220
337 266
230 105
133 173
134 75
218 85
315 85
313 105
107 334
41 70
147 29
129 105
165 121
26 303
279 82
188 200
239 322
177 112
62 175
162 117
39 171
143 156
259 336
301 43
343 23
164 24
327 98
8 49
164 196
171 138
60 321
73 222
93 14
342 94
161 256
332 19
201 330
42 20
256 271
21 264
116 126
146 192
109 318
330 169
293 191
196 219
32 227
31 233
212 320
155 25
264 307
56 262
285 42
334 136
249 184
328 126
83 179
0 323
93 32
167 319
1 323
344 150
56 191
55 330
41 112
149 228
56 138
20 305
225 250
87 210
331 334
189 79
22 296
173 255
69 74
265 140
125 44
175 144
315 195
6 195
2 340
307 333
330 151
314 254
5 223
0 178
133 70
252 96
98 75
236 101
298 263
48 288
95 223
334 65
320 340
336 124
212 321
178 83
230 85
202 72
93 300
49 231
304 2
150 7
192 245
230 181
212 205
79 276
84 70
302 296
293 135
220 144
140 70
15 135
272 311
269 133
216 321
123 25
245 335
132 324
168 216
296 125
69 244
163 252
226 285
51 93
228 94
229 240
209 153
28 327
129 169
46 154
96 193
74 214
2 25
340 319
171 60
226 52
0 180
47 228
274 113
28 158
255 140
122 245
9 168
55 106
263 101
237 337
316 141
264 213
17 90
44 175
326 339
306 255
129 86
202 154
332 114
45 14
135 263
33 75
47 208
319 339
333 247
112 342
261 268
71 20
134 301
249 9
1 196
270 137
115 328
94 50
58 141
259 279
37 200
136 25
4 150
22 142
134 185
165 340
150 69
252 151
190 283
62 284
235 120
328 149
301 20
251 92
46 157
242 315
300 279
156 169
139 17
18 207
259 168
178 68
221 1
148 67
186 210
6 77
233 236
226 189
257 35
184 303
192 328
175 49
262 331
121 304
250 139
166 165
209 344
135 85
54 89
149 308
166 284
199 295
128 111
330 214
316 79
198 147
31 115
35 152
74 286
193 142
8 57
44 143
44 292
82 1
36 133
309 105
55 102
177 287
317 50
197 299
106 164
76 201
208 331
160 252
129 205
108 40
148 319
39 200
225 118
142 99
169 65
171 268
20 260
58 28
326 36
230 190
22 292
344 152
167 162
43 316
136 90
93 176
192 220
221 267
301 47
191 223
154 191
283 210
233 185
264 288
188 334
305 144
223 300
222 317
78 320
243 66
249 336
290 114
142 1
207 232
0 175
233 166
155 28
111 17
74 236
220 296
110 298
252 71
39 156
62 231
172 205
232 35
339 76
83 339
154 218
161 174
196 218
202 209
2 111
31 112
311 205
332 218
276 273
160 104
101 294
41 95
273 26
337 82
244 153
256 342
273 16
108 66
194 12
177 226
26 45
86 13
287 98
258 4
104 14
200 146
172 4
112 319
59 24
218 332
287 229
54 38
241 133
179 252
183 0
0 332
278 104
249 134
152 261
164 325
167 277
201 226
203 321
115 47
205 169
85 4
205 252
174 286
61 12
286 135
287 188
123 220
190 323
327 12
157 85
140 262
61 255
309 267
271 187
301 100
14 218
55 203
61 80
79 8
9 237
10 101
117 337
15 274
324 57
191 41
308 197
107 136
286 63
138 316
230 54
189 286
258 250
268 239
160 180
131 171
281 249
65 199
80 45
256 272
329 296
334 264
57 127
181 326
130 94
231 54
333 294
234 22
22 72
173 253
34 332
82 22
113 67
220 339
60 209
160 117
336 298
307 75
181 92
71 315
329 286
10 59
275 183
170 297
234 186
266 110
221 144
1 115
344 308
190 181
55 163
151 104
125 317
41 11
258 51
70 90
137 187
55 209
50 307
204 34
190 80
179 191
56 287
261 112
106 314
118 231
286 159
243 101
192 3
57 149
212 98
341 165
307 200
101 153
183 182
246 33
263 303
223 81
317 329
51 90
249 262
341 17
35 90
267 92
104 55
240 205
208 78
43 12
289 189
123 242
181 142
39 85
60 282
5 95
27 272
306 315
140 202
176 250
280 121
262 294
231 134
88 175
323 113
320 61
256 14
49 316
198 54
313 225
228 304
48 95
44 10
65 184
212 143
336 49
290 334
130 171
5 105
232 261
21 281
134 219
237 102
1 121
208 183
93 322
27 50
5 88
164 135
161 169
142 296
332 163
134 121
284 27
223 187
50 187
138 168
194 2
6 288
324 137
28 253
188 171
83 193
161 248
230 323
176 307
190 310
83 31
337 209
120 42
51 258
210 245
162 119
90 142
256 20
297 1
93 36
96 255
284 326
135 160
8 311
24 100
276 108
33 171
317 153
115 270
67 228
2 163
273 160
85 128
64 179
89 5
142 126
165 52
92 190
153 270
200 186
96 74
340 212
246 309
95 318
95 344
38 271
61 124
54 125
303 218
286 294
125 330
75 290
37 190
339 139
279 338
107 16
42 104
237 137
103 275
301 266
290 161
139 133
110 264
118 87
112 155
58 51
248 300
191 84
293 208
260 55
225 302
159 117
341 164
47 209
130 77
67 172
210 80
91 328
167 105
41 128
59 191
83 152
275 31
15 92
333 240
296 49
259 194
115 209
58 0
115 189
16 190
262 9
76 332
210 100
228 140
131 145
134 21
41 332
317 300
181 87
164 240
334 279
331 314
19 249
160 281
258 236
170 177
255 187
253 120
287 38
162 320
184 296
341 127
283 215
329 21
204 149
163 194
330 149
65 251
53 127
90 214
18 260
46 175
103 202
295 45
142 14
21 326
310 264
10 150
135 340
46 237
337 278
42 58
185 342
185 275
113 106
92 160
183 97
264 36
45 61
290 263
315 269
295 44
166 341
282 60
118 17
223 206
194 239
214 188
54 299
281 41
304 88
182 274
260 34
319 328
43 110
39 64
29 164
172 223
58 288
313 14
234 233
44 171
176 245
52 135
236 136
311 53
171 187
36 104
0 326
292 243
106 21
23 164
309 336
81 109
50 315
244 94
141 75
242 96
112 35
134 78
88 305
266 26
64 168
254 278
78 216
223 101
282 188
340 18
199 45
334 98
173 185
220 165
265 210
236 92
257 146
250 6
140 128
9 77
343 72
198 332
170 240
266 245
80 297
87 203
19 8
343 207
138 157
255 313
81 160
221 123
288 230
103 162
39 101
136 237
88 307
132 256
109 115
110 197
220 129
107 288
52 216
263 307
86 246
122 307
25 313
95 128
130 134
26 219
130 61
32 142
339 298
272 101
241 5
108 196
75 102
151 170
132 281
104 232
39 137
279 26
214 175
324 44
276 123
296 39
319 322
313 132
90 45
217 165
335 181
206 196
99 311
83 138
5 279
111 186
305 326
310 223
135 284
50 191
13 99
214 3
280 76
101 281
289 86
321 196
20 88
37 228
69 300
70 341
51 35
121 186
221 224
192 96
287 183
244 59
88 81
37 91
18 228
80 339
79 100
82 18
230 53
220 202
296 271
237 73
112 15
297 206
112 25
6 54
110 250
15 101
233 52
192 251
148 261
275 132
265 137
80 59
112 95
301 187
337 307
143 4
114 159
105 3
113 200
156 49
310 304
92 147
22 180
301 189
317 284
248 332
34 323
299 237
165 193
99 216
25 205
121 40
60 278
139 302
6 220
313 209
64 286
148 214
175 84
193 31
224 260
126 225
99 53
94 47
39 195
289 237
329 295
14 297
160 325
140 210
194 217
197 42
248 76
205 29
157 58
40 144
94 237
121 35
335 66
263 188
173 325
93 17
307 239
268 167
170 129
55 327
187 342
127 271
33 221
256 55
123 85
178 41
273 7
125 115
15 213
307 322
9 132
46 180
162 5
276 35
67 342
190 225
299 215
310 133
42 180
236 167
197 252
282 61
131 292
193 80
29 109
84 191
115 85
38 293
290 212
233 147
82 198
280 241
339 224
46 78
139 73
79 235
153 108
344 139
202 16
224 240
212 247
247 157
114 135
206 99
236 43
242 230
267 220
17 215
200 304
3 340
32 82
230 87
93 131
226 295
50 105
190 262
7 339
25 268
153 51
31 171
142 63
254 274
52 2
297 12
286 44
176 195
38 153
219 70
238 146
338 268
319 15
23 45
162 54
216 206
20 125
135 72
29 97
6 228
12 292
272 188
44 213
283 38
312 179
209 283
129 183
228 17
207 2
125 129
127 260
201 59
259 109
287 271
303 117
17 3
330 162
169 268
4 312
321 134
286 183
95 50
179 214
135 283
273 297
47 118
125 253
235 142
256 220
207 80
45 310
277 342
86 329
173 27
69 269
325 254
46 159
124 84
36 47
170 161
300 307
206 113
182 68
95 130
280 213
82 212
210 168
98 286
97 168
112 324
324 158
139 103
242 138
156 180
342 289
57 275
173 152
60 108
222 35
212 222
321 212
292 335
191 272
51 232
30 293
273 88
31 262
207 312
242 110
319 205
120 144
179 19
121 58
133 316
48 226
114 175
295 289
166 228
158 68
205 111
255 65
126 336
331 149
49 119
120 0
247 265
1 16
96 198
207 262
81 69
39 211
334 176
264 194
287 178
243 202
7 42
250 29
42 152
295 291
71 46
210 226
249 69
22 191
182 12
22 101
108 212
213 79
289 304
210 198
249 17
228 291
72 80
139 143
28 284
165 228
209 89
74 46
49 210
112 231
199 326
285 325
244 189
342 29
38 69
109 177
114 137
18 93
277 183
223 141
175 199
89 276
197 138
43 310
271 242
193 139
288 133
119 89
225 18
118 165
88 129
342 202
168 16
197 2
101 75
45 276
176 134
110 276
174 153
143 101
298 336
142 143
124 163
181 252
71 171
283 316
276 8
234 128
10 237
106 55
71 282
189 181
236 11
21 189
234 29
228 121
28 156
138 311
127 69
319 263
100 231
155 206
286 226
45 32
298 201
172 319
292 77
40 182
8 268
303 190
235 234
248 29
102 277
0 324
195 100
210 6
208 54
134 254
86 99
168 286
300 242
163 247
221 203
331 229
28 290
322 264
81 225
195 183
162 255
198 275
329 51
315 317
52 40
259 7
185 324
156 61
182 143
291 112
335 170
278 71
50 30
254 110
128 319
151 184
289 135
137 260
202 170
149 255
104 233
53 297
122 181
114 74
212 270
87 340
146 10
321 297
194 265
334 234
78 187
71 177
229 221
87 235
11 140
89 12
85 211
96 199
188 308
26 275
285 181
27 36
3 264
270 333
165 251
175 236
83 306
14 72
197 26
114 286
285 199
55 36
53 145
344 326
322 204
56 164
287 331
200 193
250 28
181 70
279 258
219 223
336 318
304 217
128 259
264 29
142 241
136 101
60 325
87 260
173 239
190 9
169 74
290 44
199 281
97 149
310 217
58 108
113 96
209 173
77 198
336 250
92 181
162 303
277 134
337 295
41 182
31 40
332 232
167 297
6 128
307 22
126 171
195 203
24 88
11 18
172 75
223 282
308 158
337 241
93 137
167 26
258 247
8 265
30 218
44 39
262 316
30 175
236 104
250 115
41 214
175 33
110 271
265 105
63 334
131 143
45 292
46 300
114 323
173 303
37 120
244 300
338 274
32 229
344 321
54 76
257 66
2 177
171 313
166 204
111 113
151 157
68 265
38 144
125 75
166 25
201 310
43 137
150 290
113 204
21 25
270 24
337 172
202 5
285 9
65 256
176 103
55 302
80 123
327 260
282 85
127 325
222 277
270 238
165 210
218 270
208 112
97 65
117 285
321 182
196 55
187 153
276 241
85 213
326 212
95 106
144 268
344 84
117 66
294 237
336 157
4 336
124 23
276 3
58 295
120 113
115 205
228 343
72 225
6 118
50 5
202 167
319 151
59 212
210 310
203 237
334 36
240 97
65 200
262 91
275 47
336 3
175 343
23 225
250 226
295 224
222 295
284 113
234 81
112 299
281 61
104 257
131 268
3 309
218 339
312 48
24 300
37 116
2 161
274 105
269 288
306 107
19 136
236 269
2 11
165 314
306 60
108 136
205 129
262 131
84 201
248 333
17 119
176 193
224 100
136 185
207 140
153 226
178 291
52 180
51 165
179 160
289 218
73 275
263 338
186 221
194 322
308 56
20 18
211 138
281 70
10 332
235 92
49 192
33 240
312 106
170 289
82 335
282 326
84 26
104 180
3 68
138 23
333 322
124 200
115 60
270 28
294 161
120 344
162 312
68 244
302 6
128 289
279 232
124 184
300 263
208 289
142 234
46 258
294 316
188 145
132 210
144 42
265 286
265 82
253 235
229 112
143 12
56 77
146 181
262 102
99 27
293 241
261 339
56 112
310 146
257 0
258 304
42 81
245 209
163 55
100 294
69 243
208 126
223 10
307 140
14 308
167 209
106 330
105 65
97 317
113 9
317 27
108 115
28 173
72 30
25 142
176 135
268 54
145 132
194 61
342 263
270 5
248 277
70 0
250 184
256 124
113 127
288 221
144 317
296 119
2 321
261 178
14 86
134 159
123 117
148 295
24 51
228 95
298 35
181 112
159 294
141 103
72 285
322 270
59 226
149 222
322 330
327 2
4 130
298 29
84 181
26 37
216 207
51 277
58 192
282 32
133 259
302 94
171 182
101 51
70 83
53 74
116 6
103 200
89 129
139 207
238 191
42 198
38 324
230 73
239 90
168 282
98 42
287 270
126 43
127 29
173 243
98 27
308 237
137 103
204 24
158 336
97 299
236 82
7 140
222 328
336 251
259 66
149 197
343 149
288 264
213 274
98 72
200 158
311 199
113 47
22 251
129 35
85 38
175 209
268 69
115 183
135 264
282 35
315 64
187 230
333 42
291 299
144 59
249 166
212 280
103 199
319 279
63 242
174 216
231 319
130 117
235 219
249 224
164 195
80 308
156 231
31 24
167 134
285 71
269 21
112 171
42 74
162 74
179 113
342 161
76 154
48 107
143 205
258 212
185 221
121 297
294 309
140 238
286 205
215 34
160 164
181 339
166 315
124 309
78 29
216 101
126 259
241 314
119 111
250 279
177 87
175 11
70 156
28 266
103 105
206 181
100 188
191 188
133 88
157 252
101 310
88 279
52 263
278 194
56 208
18 159
215 224
341 252
223 343
342 285
217 189
31 252
179 90
159 280
55 149
116 9
314 309
131 22
227 64
118 283
174 136
0 45
15 341
199 140
339 196
328 114
40 14
21 219
104 83
57 160
232 173
71 202
137 203
126 266
169 244
107 344
283 107
5 243
341 344
341 324
338 37
120 117
159 254
291 231
111 330
89 139
154 258
39 261
159 322
270 105
177 275
250 75
176 247
54 192
284 294
229 344
294 251
117 108
241 174
197 330
146 254
231 94
313 311
271 218
41 103
120 343
197 306
306 241
234 325
252 296
290 148
36 94
51 182
3 122
44 137
217 259
5 143
148 253
193 0
117 141
328 78
284 217
305 93
71 152
242 196
196 278
192 149
17 98
272 308
235 46
223 142
91 258
68 186
240 185
327 126
165 168
245 125
164 316
168 31
82 160
25 250
302 248
63 287
289 132
128 86
317 12
212 138
180 113
165 246
307 154
278 105
170 15
167 185
272 193
338 229
343 287
278 62
229 124
96 12
211 68
24 325
108 107
8 80
176 218
234 109
225 306
26 48
49 298
241 42
183 141
329 116
203 116
241 299
128 9
270 55
334 33
65 287
290 201
298 171
65 325
219 114
278 17
156 18
158 278
218 189
287 45
244 178
326 61
163 92
133 130
35 326
234 235
152 299
215 273
68 51
290 126
69 103
168 106
286 143
73 130
188 219
309 169
182 29
262 315
62 199
198 296
152 207
278 220
160 125
1 131
229 71
140 153
202 81
212 289
113 331
9 277
33 57
269 25
310 76
134 145
271 199
327 155
210 30
204 64
208 318
8 259
298 23
203 254
34 236
213 205
163 178
282 297
226 135
237 131
209 312
253 74
342 14
40 107
234 48
269 187
319 72
315 96
193 36
333 58
266 137
210 60
268 74
27 78
50 271
340 91
34 229
41 303
72 15
277 124
94 160
112 312
295 259
319 102
136 248
181 187
174 176
278 110
307 221
315 34
237 247
60 233
309 172
102 123
35 7
15 28
189 178
281 165
313 19
7 44
155 59
63 125
341 202
91 239
264 68
103 280
96 4
246 187
84 274
252 267
94 220
286 3
166 285
190 321
0 254
102 243
111 279
299 104
75 332
55 303
209 78
240 293
254 147
216 4
314 149
9 318
252 248
236 327
323 193
187 155
247 51
233 44
344 142
48 18
11 326
201 79
336 109
327 118
339 120
2 317
314 91
29 118
208 158
79 142
117 90
25 77
318 304
46 77
38 37
58 180
290 307
54 259
54 330
279 196
149 344
240 259
157 206
73 236
250 190
229 276
169 104
181 176
253 269
1 213
6 291
175 307
292 42
81 343
288 223
258 3
84 233
239 335
32 207
38 176
40 286
44 46
233 219
256 341
104 203
285 87
104 229
212 264
232 199
301 161
186 333
23 109
103 62
285 45
3 231
339 138
105 250
10 322
198 114
265 335
25 128
172 113
18 195
124 24
159 64
197 63
105 303
69 226
340 227
138 178
124 58
168 198
316 95
327 45
209 247
142 333
271 204
300 243
269 152
208 29
12 79
171 329
305 192
154 202
321 292
35 100
252 203
201 183
170 65
332 214
300 259
73 157
59 244
212 267
1 249
110 306
97 264
66 73
113 101
76 20
207 277
145 63
17 217
30 4
87 232
165 160
45 126
307 159
38 297
289 149
161 41
17 84
230 340
272 152
57 191
24 87
97 13
320 263
76 267
291 38
81 340
78 21
195 22
170 11
238 328
127 25
323 133
118 152
187 175
343 114
165 95
127 42
260 105
309 207
143 45
66 299
146 139
212 112
182 7
95 211
33 73
246 53
225 336
130 125
105 295
337 38
240 301
147 285
248 251
64 315
108 210
11 222
322 193
230 319
306 263
47 109
316 174
2 101
299 9
299 76
46 291
16 286
150 163
128 53
317 192
270 327
304 281
204 183
31 89
157 337
254 204
4 127
280 6
131 136
213 309
278 131
250 83
295 280
39 169
30 309
151 334
246 10
173 277
286 27
84 72
66 249
59 279
213 337
65 20
323 262
301 17
86 331
326 237
150 50
62 54
283 234
212 277
312 153
206 298
127 272
203 186
108 318
81 76
338 295
323 327
183 304
121 60
336 173
13 53
227 296
189 95
228 58
150 89
258 278
264 18
21 27
337 102
103 331
63 344
183 41
326 21
248 4
328 239
194 60
194 285
343 208
316 158
43 235
177 311
164 71
304 34
169 142
65 226
154 295
22 332
194 118
295 43
58 7
270 56
214 160
33 293
127 197
22 12
140 53
285 162
287 134
280 139
177 240
147 4
296 264
245 68
327 180
16 11
33 283
11 55
261 292
149 186
305 47
175 100
2 115
165 290
249 2
243 133
333 96
300 136
164 184
316 83
97 4
21 108
307 184
55 13
25 262
60 201
265 63
316 332
107 36
277 95
133 134
318 105
80 318
45 37
233 70
271 122
259 145
109 169
268 0
312 30
125 170
33 259
271 253
323 30
316 305
251 16
343 139
334 200
335 162
322 249
320 230
333 288
162 25
89 190
97 25
6 271
278 25
37 159
302 8
119 110
272 19
250 261
121 142
78 98
47 288
86 22
75 322
212 238
249 302
330 2
327 336
175 260
16 212
321 220
220 96
331 147
17 138
280 44
139 229
252 309
104 9
323 89
327 88
123 245
300 1
97 9
147 191
156 329
137 295
214 26
78 121
142 244
235 255
230 218
344 255
118 201
257 141
150 62
253 84
184 292
282 53
220 15
76 14
258 98
45 51
8 276
269 254
88 289
111 0
86 292
159 138
9 87
338 164
74 177
111 11
132 233
248 276
230 63
114 285
109 38
194 197
230 207
100 316
155 259
109 164
231 322
181 244
333 215
325 283
193 211
1 125
44 116
56 161
252 286
24 7
159 81
147 72
49 259
278 38
129 313
202 12
251 297
125 252
270 291
224 327
170 34
288 330
17 111
183 233
198 135
49 131
75 81
1 277
93 252
131 218
61 111
289 332
57 168
201 41
3 144
26 20
158 84
185 243
318 108
252 319
287 0
226 321
274 46
187 266
37 115
189 97
102 276
341 224
216 29
50 189
40 303
163 229
205 291
205 326
292 312
143 82
14 159
320 103
219 171
12 321
102 220
311 128
12 31
13 218
224 120
101 15
315 295
229 113
174 254
2 58
71 221
132 330
99 136
259 81
255 225
210 268
159 125
43 38
245 144
300 117
341 184
132 29
185 85
267 158
143 209
92 38
312 6
22 222
134 232
145 293
12 90
233 159
136 189
277 133
28 64
162 111
273 249
98 97
63 306
151 108
170 145
152 169
262 286
303 309
115 308
324 144
28 43
157 203
195 158
300 160
268 94
153 317
133 305
141 50
148 1
262 186
316 317
113 3
65 130
311 292
176 241
335 236
99 87
49 301
247 70
309 171
164 118
325 187
250 31
188 167
119 62
65 107
265 278
54 96
175 291
332 176
34 36
133 281
9 97
9 173
117 55
28 0
242 279
278 332
101 52
49 143
89 16
152 9
7 274
54 340
105 88
278 140
272 189
18 257
336 293
159 135
129 339
123 231
47 74
276 136
338 330
47 190
93 54
296 126
267 312
74 62
150 339
319 44
190 36
30 204
107 324
279 285
17 272
270 64
19 265
21 138
68 317
104 186
75 179
248 225
75 125
269 265
63 6
240 93
210 2
320 46
288 337
220 115
304 239
36 325
279 6
199 101
114 304
189 91
40 340
218 115
120 45
283 85
298 178
80 65
112 272
48 234
43 254
129 326
234 310
332 335
66 3
294 256
341 334
251 214
105 273
161 290
13 16
82 107
51 194
35 99
83 325
255 114
306 46
80 195
36 48
198 331
320 112
287 29
272 202
45 297
296 127
307 249
223 244
250 209
224 160
206 305
282 242
9 37
130 215
231 8
230 98
30 75
104 326
132 328
225 37
93 305
280 277
104 191
314 235
145 193
103 37
21 132
104 298
109 124
83 214
99 233
154 193
239 253
213 102
293 286
11 257
105 48
194 28
83 298
326 192
324 64
61 332
181 160
220 335
8 16
145 176
153 260
278 125
135 129
66 146
205 146
60 54
175 143
254 58
237 136
25 201
123 206
263 245
99 272
163 244
5 317
160 185
97 197
314 65
245 10
76 105
61 136
83 218
194 321
9 219
177 132
328 95
32 329
269 97
130 176
69 290
44 233
35 290
146 112
297 205
150 14
341 136
232 92
112 241
214 191
275 197
188 209
181 15
306 311
191 278
159 110
248 105
246 284
298 250
56 5
264 299
141 53
46 155
196 260
1 126
107 198
311 200
33 27
132 114
63 76
81 156
73 223
209 21
88 198
276 227
296 38
327 262
238 16
191 106
200 323
63 185
301 300
206 284
64 320
203 0
282 42
184 272
154 93
257 293
55 103
55 255
82 177
135 47
18 338
3 224
277 16
337 264
342 176
306 83
198 160
197 6
199 109
201 254
213 256
66 197
89 103
96 149
233 276
273 60
17 172
138 323
329 10
305 181
263 159
192 119
316 307
31 37
159 22
141 306
31 139
12 166
70 80
18 245
72 181
261 229
325 245
239 187
328 157
249 175
277 220
40 210
257 101
62 165
95 322
331 165
304 251
66 2
189 40
183 7
172 65
154 313
155 137
126 59
181 254
170 340
296 222
26 293
199 12
113 159
166 81
63 257
24 148
213 320
164 270
14 192
329 130
152 165
287 224
63 200
85 14
307 179
26 322
306 303
6 330
106 74
83 319
49 149
147 310
342 131
95 51
199 284
178 262
139 165
178 119
277 42
298 205
266 193
299 227
151 207
281 99
133 232
249 280
197 246
314 194
199 70
198 67
294 32
11 247
237 277
342 93
62 148
202 78
307 40
178 96
272 82
278 26
230 247
317 158
117 206
334 217
175 283
249 186
119 85
38 83
136 240
161 98
280 339
96 109
76 277
37 306
179 159
46 54
220 65
162 209
282 240
49 88
81 137
33 102
125 71
185 261
261 50
243 13
61 222
192 98
85 26
159 33
327 34
0 47
145 184
287 195
272 270
332 207
275 14
266 94
98 67
9 159
289 201
129 221
310 14
157 212
52 250
153 324
77 42
187 7
57 22
25 234
71 193
230 71
260 239
133 106
285 127
70 152
141 228
19 104
186 71
256 241
298 333
283 42
243 242
64 170
132 37
18 17
11 181
159 144
283 311
281 326
194 203
332 282
274 243
178 129
134 18
171 32
261 138
104 295
175 24
214 88
134 297
185 30
328 25
254 92
25 241
276 201
140 11
331 176
29 157
110 290
295 214
240 28
238 110
40 153
183 281
153 179
173 30
205 104
232 0
115 218
78 46
337 228
57 134
256 198
146 274
82 54
237 24
1 243
333 76
273 194
82 62
96 99
280 175
146 213
343 323
78 223
332 277
233 281
237 125
270 196
45 202
163 142
301 1
142 114
117 219
270 195
344 257
29 311
247 24
290 12
209 284
316 254
141 135
298 0
102 252
312 147
21 84
268 193
280 267
105 309
233 237
129 37
261 74
50 328
191 161
70 311
200 271
311 336
243 65
117 166
52 287
14 234
100 344
160 229
284 76
205 334
150 131
117 122
344 317
295 212
308 49
182 108
16 202
302 256
113 305
157 176
189 96
252 50
332 116
247 121
64 246
113 303
313 327
54 144
297 101
236 157
117 71
82 208
168 237
160 57
8 164
187 161
58 182
175 73
270 10
154 224
328 292
283 242
199 302
313 281
166 38
173 326
338 137
256 51
320 333
31 297
275 303
179 331
85 64
279 270
306 133
228 176
316 49
117 145
326 227
210 222
267 121
11 202
63 290
154 240
150 235
227 235
299 63
98 291
338 69
242 12
214 174
127 98
304 337
222 226
15 52
25 27
254 335
219 310
231 24
200 113
162 56
78 323
218 176
147 68
126 17
17 103
148 141
231 164
193 158
93 5
149 312
315 35
238 73
50 55
206 106
117 8
174 145
272 319
301 191
324 105
332 211
171 181
186 75
110 273
131 62
329 261
190 166
264 51
273 283
60 4
330 332
323 287
179 205
294 68
318 120
286 337
320 321
298 332
249 84
247 240
302 68
194 132
6 156
45 17
181 126
222 130
152 1
94 93
241 316
316 194
304 122
180 9
160 83
151 117
53 247
249 60
58 287
299 6
304 37
132 83
167 229
278 319
231 275
314 29
125 107
211 305
18 26
290 170
143 344
319 294
237 162
199 320
182 268
205 17
144 338
292 15
202 49
105 315
9 124
103 170
337 311
105 131
128 293
269 313
152 31
331 198
24 180
213 293
178 317
342 284
287 253
63 284
110 259
331 221
81 339
7 111
340 113
144 93
247 168
175 17
334 15
293 277
269 258
118 281
74 2
52 60
223 35
54 132
271 44
12 280
275 341
227 105
14 246
114 250
261 62
84 87
320 105
24 296
107 323
12 233
13 313
212 193
205 127
30 201
186 305
99 68
66 15
216 180
145 252
220 22
319 120
124 233
255 138
201 275
200 316
26 60
98 56
163 284
264 263
254 330
278 126
67 101
161 114
9 36
137 21
85 13
141 209
246 51
229 203
165 320
115 329
161 281
247 71
99 236
184 260
5 193
198 44
57 258
148 303
211 150
308 342
255 185
56 76
161 172
108 111
48 277
193 147
70 32
309 75
127 163
22 342
157 249
285 23
302 150
21 114
335 324
92 151
67 79
341 261
195 93
290 323
256 312
222 13
47 34
164 234
304 23
39 227
138 29
207 230
181 260
187 212
324 254
291 222
72 75
190 268
169 38
148 80
5 272
340 299
208 62
332 227
297 125
159 61
223 2
109 105
229 231
33 322
56 202
184 20
280 82
320 143
144 65
293 313
159 9
29 319
223 15
70 144
267 103
121 225
207 136
331 294
59 168
311 77
110 294
296 171
145 111
38 270
126 298
307 99
344 131
104 23
12 312
61 245
261 120
56 282
271 58
167 283
254 119
110 115
2 157
226 40
83 255
338 45
9 239
78 15
262 337
327 324
140 145
1 111
241 58
295 69
116 118
8 25
237 20
177 171
279 260
81 174
207 337
68 188
7 233
284 115
86 181
173 284
250 191
217 196
180 161
90 13
332 271
175 315
2 285
209 70
128 217
205 210
11 319
88 295
90 174
33 263
110 72
1 229
268 84
45 260
344 280
186 174
152 188
16 17
161 46
234 21
257 245
97 333
76 131
251 339
317 263
304 95
152 303
277 241
35 84
331 298
101 49
0 237
318 159
61 137
204 39
170 12
33 44
276 100
264 325
322 293
84 254
91 21
241 325
320 342
29 320
36 274
120 97
313 226
136 40
141 170
84 319
172 251
14 18
335 8
40 231
333 262
139 21
267 175
197 289
73 63
108 214
135 95
90 307
1 291
275 280
125 192
200 116
200 142
59 133
154 276
123 202
322 196
266 85
312 303
180 57
168 83
3 98
290 121
147 47
263 51
235 323
185 245
78 241
176 107
150 299
309 127
52 132
115 266
338 197
323 161
183 229
259 103
260 107
224 309
154 143
15 45
23 200
192 101
344 23
110 149
225 322
179 277
199 4
48 79
165 133
187 116
89 341
288 86
120 91
190 221
95 140
203 163
274 68
194 332
230 248
192 76
236 55
113 326
163 174
17 65
70 40
163 154
56 21
317 330
337 117
53 186
6 237
273 236
214 279
78 328
162 241
59 246
312 290
19 25
108 182
81 164
106 53
51 98
170 6
186 176
145 114
315 188
137 184
24 117
69 186
261 129
335 136
108 204
328 29
229 338
113 311
59 219
317 339
116 60
170 164
7 214
129 31
332 198
119 150
327 109
268 100
165 37
256 332
326 255
74 268
40 127
261 274
79 210
145 267
105 16
93 28
65 84
287 322
318 81
238 103
256 215
27 254
198 314
145 265
53 224
32 100
146 137
116 141
166 134
204 133
218 146
110 192
129 22
49 22
126 207
237 55
18 91
24 302
108 169
124 63
295 157
163 343
151 190
293 163
284 77
195 239
269 115
330 195
73 340
266 197
305 216
116 206
208 157
58 276
271 6
95 210
84 281
150 197
325 321
313 213
171 288
110 92
42 71
210 299
97 326
138 285
41 98
217 313
105 312
80 91
150 83
79 202
280 59
174 4
343 136
90 10
338 152
217 33
92 258
132 211
128 139
178 209
194 309
87 129
270 265
182 100
171 177
287 71
215 200
83 207
112 76
14 329
110 9
242 144
220 26
137 70
186 233
34 176
17 206
343 101
279 52
45 149
252 129
12 19
205 273
3 217
282 148
16 115
24 104
69 181
24 179
253 303
329 268
61 190
197 311
309 134
114 228
194 92
84 112
207 109
217 210
316 54
35 287
235 59
122 45
246 175
50 230
99 111
322 296
78 287
85 94
170 182
89 254
294 296
64 139
123 99
328 260
60 105
306 226
114 207
56 165
339 155
106 158
259 94
155 331
276 244
142 127
195 310
196 161
162 334
136 124
5 111
108 309
178 103
119 259
75 128
72 236
124 227
222 302
84 224
231 182
287 237
58 105
129 97
131 126
237 107
101 318
210 122
152 206
78 276
89 202
233 117
51 116
291 180
115 77
306 113
220 119
144 208
174 296
69 252
130 60
178 37
140 76
294 198
262 0
83 331
188 291
47 222
228 23
209 27
231 39
225 203
193 10
263 205
276 96
242 71
75 191
93 42
103 78
275 193
25 277
54 319
154 184
343 18
211 131
57 92
334 251
4 155
111 280
153 255
254 228
221 343
123 324
77 300
232 128
225 41
313 223
257 19
75 148
270 80
303 283
262 112
340 98
97 277
327 22
202 207
310 72
333 25
55 245
45 131
295 217
113 254
58 277
268 153
104 165
252 258
284 251
92 185
259 113
150 18
320 116
337 210
141 47
110 88
208 193
126 42
321 132
207 130
292 48
234 167
167 50
280 318
68 158
89 60
23 132
221 90
344 331
283 118
154 311
160 130
98 269
261 45
220 199
331 11
269 154
61 106
127 31
264 118
338 190
250 2
92 127
14 278
147 168
244 209
201 245
35 117
192 255
218 81
168 44
235 131
151 264
37 155
162 189
158 290
218 152
319 232
85 121
303 232
232 159
34 268
178 226
178 51
35 149
265 100
121 302
49 315
33 267
244 166
75 278
89 155
160 169
207 24
73 205
26 109
151 21
120 200
239 56
342 78
65 319
11 56
130 73
226 239
98 201
1 124
212 257
317 323
191 123
323 141
270 2
330 140
37 327
218 5
203 132
61 333
205 189
46 130
231 258
289 204
327 139
252 208
182 79
88 156
79 209
309 262
335 195
54 217
318 284
304 161
259 131
234 240
340 298
80 238
114 306
58 94
39 15
311 12
139 250
221 0
66 264
325 227
50 215
123 293
70 203
186 50
14 85
246 128
135 7
258 76
269 126
336 125
5 130
277 128
33 245
130 251
46 200
11 134
250 273
122 54
56 70
218 93
324 34
170 248
160 161
196 226
10 244
142 138
291 290
128 204
326 280
76 110
184 55
206 304
319 38
148 126
296 158
25 93
198 269
268 46
116 51
103 223
333 19
136 132
178 244
91 152
222 86
147 76
146 74
71 246
343 339
194 114
45 1
113 279
188 118
157 23
199 145
43 336
137 270
193 153
131 111
316 202
330 144
110 1
78 200
21 235
224 221
282 169
114 116
292 251
289 222
229 137
277 292
35 63
59 253
168 318
125 20
82 12
164 94
13 243
60 318
244 174
336 93
320 150
61 257
116 22
165 284
340 290
206 77
303 25
171 218
170 23
98 215
81 245
291 72
338 176
255 211
264 5
221 23
57 82
2 262
99 193
41 99
310 24
96 338
335 6
106 279
187 182
60 116
47 183
139 6
265 44
268 275
120 305
12 121
55 300
220 268
324 220
82 75
115 319
329 221
155 122
247 244
207 209
16 254
48 57
162 215
101 85
47 123
292 59
244 3
14 120
271 338
242 255
316 12
131 202
233 286
186 88
247 202
342 295
161 61
67 263
146 115
288 94
76 188
344 91
210 172
331 9
82 204
61 156
194 144
31 343
195 65
230 41
37 11
263 36
4 30
39 94
195 307
21 265
101 117
312 35
115 215
213 310
182 205
227 67
143 185
75 308
339 233
316 280
327 166
145 191
227 166
14 328
265 53
98 133
265 281
339 147
250 44
211 48
230 188
259 8
267 253
90 126
307 137
220 189
303 234
75 143
129 18
53 25
68 304
25 168
323 256
335 69
284 200
264 211
185 295
131 238
320 101
197 291
50 112
306 254
320 199
225 259
54 333
321 247
269 70
241 90
183 81
40 216
221 262
318 74
83 160
172 260
71 199
93 144
165 264
9 299
171 168
213 144
242 323
204 227
142 265
66 116
120 203
314 136
48 156
30 43
203 195
307 319
61 218
274 7
175 37
146 319
263 252
201 304
185 246
224 153
17 246
37 307
292 67
5 150
165 313
124 128
186 300
135 11
295 103
285 115
10 44
321 97
290 103
251 209
4 262
97 42
224 44
11 230
100 123
206 188
78 244
101 36
69 52
96 293
149 41
51 302
250 55
220 3
344 1
294 258
133 46
238 135
169 2
246 80
185 111
299 232
203 5
190 109
307 312
14 209
313 210
122 4
256 262
139 327
132 165
276 135
199 342
141 282
159 95
170 17
2 15
28 212
327 289
76 197
155 100
201 66
17 341
49 282
114 83
102 215
55 281
6 157
145 166
258 49
181 287
261 65
231 337
263 288
92 119
10 12
17 306
294 132
249 1
158 316
305 155
321 28
154 60
315 71
125 103
310 43
47 305
65 304
317 82
167 168
116 113
121 21
276 175
33 138
232 148
145 110
176 300
273 296
53 140
241 2
100 306
44 30
142 160
45 166
83 62
228 15
237 261
55 26
64 201
136 142
58 307
190 331
160 244
28 56
265 110
5 211
42 148
26 88
150 99
27 289
15 82
315 327
124 243
229 130
89 264
289 9
29 196
344 148
62 215
160 114
314 89
58 232
74 28
116 259
36 240
158 254
112 42
286 130
50 295
188 79
147 63
53 146
114 17
264 176
266 91
269 340
119 40
183 67
214 295
12 155
81 116
88 131
67 276
112 214
262 258
89 119
219 257
210 45
252 232
86 162
192 269
131 61
219 143
118 202
162 108
235 229
287 3
0 86
344 305
326 122
248 192
167 155
326 155
219 173
79 253
136 201
265 196
246 207
101 148
195 321
313 194
281 216
184 263
240 334
12 309
68 101
174 204
204 128
15 165
145 182
263 47
291 266
97 141
242 65
335 178
281 77
343 78
66 10
43 113
3 65
282 71
166 111
177 273
141 193
93 287
277 258
236 224
179 333
20 76
54 258
254 237
335 155
316 303
165 261
319 71
326 256
44 49
322 66
317 70
8 249
230 146
36 149
140 90
62 297
230 299
107 103
257 174
19 231
245 0
296 67
69 274
133 41
246 43
91 321
196 127
120 336
191 5
290 200
10 104
238 177
4 93
58 39
36 305
329 228
92 75
204 190
105 133
84 225
132 69
174 309
171 314
251 67
133 158
160 192
197 98
152 84
326 146
61 88
336 166
221 323
46 1
155 80
317 90
222 48
17 97
201 269
66 335
82 226
182 181
226 236
265 207
197 275
50 74
155 344
322 213
79 294
303 204
245 259
88 324
248 170
107 332
254 333
223 174
195 162
92 11
24 150
10 248
18 336
99 321
97 344
137 154
164 50
67 252
276 217
325 38
204 234
310 123
244 271
73 238
282 344
247 308
87 2
186 185
241 165
275 308
320 206
180 300
244 286
23 56
296 169
327 271
309 166
271 255
15 173
77 60
92 326
285 333
48 118
198 23
324 280
323 126
298 146
126 151
315 10
78 279
177 4
91 94
79 310
99 157
272 191
81 186
232 279
112 114
214 90
240 90
62 95
236 90
149 108
100 227
290 277
133 36
248 28
173 175
192 203
55 79
40 167
193 254
159 335
247 123
213 137
149 216
148 301
32 77
70 281
8 244
13 130
112 205
235 69
285 275
138 35
87 200
323 163
300 178
174 15
79 207
340 51
197 58
35 212
264 172
183 106
5 322
43 92
79 316
81 57
134 12
53 336
191 18
114 267
31 276
49 76
181 148
262 301
290 101
325 105
42 59
38 72
7 131
337 23
300 273
21 332
204 70
63 40
120 100
158 38
56 104
139 20
301 119
126 246
178 7
271 196
22 211
268 29
342 261
300 298
187 198
293 250
140 68
253 299
106 309
305 147
232 163
168 260
64 1
267 336
100 289
221 102
88 176
302 180
152 144
296 173
70 106
29 79
318 236
226 205
302 50
120 21
259 300
226 109
121 314
187 325
51 241
26 331
243 224
331 91
295 304
230 78
66 187
208 231
130 123
186 265
142 67
277 165
47 335
263 73
322 161
199 39
32 185
46 164
308 14
6 240
102 117
126 134
55 186
35 332
253 221
8 300
212 173
275 91
335 129
217 64
180 137
161 282
156 288
72 200
256 29
263 98
70 271
2 230
275 337
262 307
163 134
201 157
140 36
197 302
245 293
111 58
224 301
55 223
160 317
143 337
211 60
299 30
96 326
151 297
40 194
151 112
148 298
307 161
258 186
328 74
290 298
85 7
271 130
0 137
190 299
69 286
182 123
140 223
317 31
115 25
143 165
225 105
291 99
204 274
173 51
59 303
290 59
95 37
260 67
225 98
190 21
321 162
299 338
89 98
159 314
203 140
107 52
228 217
265 13
279 226
316 127
187 314
164 102
283 292
319 281
267 35
77 259
327 219
29 210
91 294
126 25
77 97
152 264
313 219
166 26
254 128
107 228
311 277
165 216
32 189
116 62
54 109
258 180
37 336
180 91
310 81
302 33
10 238
316 264
49 235
258 214
107 120
111 41
309 228
103 265
239 17
101 276
255 183
233 235
51 190
171 61
331 44
325 255
25 276
145 185
145 154
196 171
41 201
218 95
114 128
278 39
275 149
259 3
47 92
57 73
23 202
160 70
259 121
326 12
194 270
213 188
108 334
117 118
262 117
187 94
266 101
248 46
27 305
21 50
64 182
205 251
176 106
95 83
63 114
202 227
232 291
223 153
89 197
269 116
157 192
69 123
29 91
4 136
342 241
93 173
16 80
207 248
26 86
303 320
308 47
172 134
66 231
327 135
10 258
226 261
157 45
299 62
283 216
308 259
129 21
46 88
244 10
37 71
46 103
303 275
238 215
189 22
131 43
148 190
88 4
154 26
220 20
246 84
8 325
21 252
237 305
323 284
64 183
214 204
300 305
3 276
179 91
281 235
19 58
32 157
291 311
291 111
108 184
71 87
123 37
172 239
144 128
200 272
106 295
99 289
88 118
2 343
227 34
57 76
247 147
277 194
160 41
280 232
30 58
171 202
330 301
145 102
62 153
299 161
181 99
41 64
36 0
50 221
34 210
262 314
344 292
150 31
43 37
332 90
139 49
243 94
112 340
136 294
342 79
327 302
120 32
178 57
273 242
192 105
315 244
136 260
282 123
6 76
72 187
147 111
136 46
92 51
326 74
255 3
106 336
307 251
148 83
341 20
328 34
280 265
157 188
243 232
340 316
322 44
329 113
90 76
67 318
151 224
223 257
163 8
77 213
92 320
135 322
203 58
260 180
102 244
195 94
67 127
44 193
286 161
34 7
170 13
122 262
235 258
239 146
231 38
214 294
327 319
8 243
154 110
142 252
205 118
169 174
147 115
22 336
277 303
245 102
316 22
266 108
254 315
2 26
265 329
0 273
227 57
285 25
309 145
45 35
222 95
151 146
105 331
87 323
255 8
87 93
317 243
63 319
269 328
158 186
113 95
146 158
32 23
170 241
70 177
129 59
314 144
35 286
290 98
329 219
288 44
307 74
135 6
215 291
91 287
89 64
161 93
223 98
34 168
98 197
285 82
71 130
127 33
205 172
10 276
19 145
282 235
242 101
302 20
180 20
15 305
31 216
149 316
201 122
101 230
57 208
57 67
42 77
114 226
214 206
157 195
289 54
296 148
322 33
208 242
145 64
266 148
196 323
12 254
292 301
233 62
182 102
170 242
199 114
198 151
164 175
86 136
70 327
226 163
156 336
61 301
56 229
7 252
63 155
222 296
217 59
300 42
301 155
208 124
232 196
260 204
81 43
35 331
215 103
147 325
24 113
136 246
64 255
305 267
200 262
324 160
319 89
285 206
285 102
313 21
48 336
259 83
224 257
15 125
238 15
285 205
29 27
311 255
188 285
344 128
49 284
132 17
208 180
255 24
165 36
281 45
32 296
73 256
237 213
73 99
324 4
126 291
259 216
133 258
101 308
116 258
229 327
238 13
171 67
92 146
166 318
151 194
313 300
226 214
39 228
248 43
191 20
301 80
204 251
250 88
135 273
46 275
188 217
342 280
253 71
162 75
39 130
277 167
344 218
50 150
261 143
72 120
125 178
273 30
266 63
205 214
240 48
333 238
328 254
205 138
227 22
54 294
335 54
168 40
106 331
85 178
11 281
142 179
246 2
49 142
50 284
282 280
95 44
146 23
41 137
79 183
344 67
263 8
277 274
289 75
109 93
324 60
137 30
212 342
320 87
182 121
111 125
160 90
236 142
176 235
209 94
271 337
118 35
85 0
95 222
277 341
338 316
235 215
306 72
239 72
99 54
64 237
98 142
237 175
6 163
100 252
26 195
93 327
5 87
302 161
116 196
135 215
153 200
107 251
342 136
116 136
311 24
201 35
50 301
53 318
202 91
136 305
121 251
94 159
121 149
14 130
302 258
169 73
297 37
97 153
73 50
12 262
29 65
138 115
114 340
109 152
50 324
53 46
195 54
214 278
226 166
222 43
275 234
208 206
224 218
243 333
36 322
327 89
23 120
68 120
76 177
273 192
110 56
281 138
26 212
274 136
320 130
137 199
250 282
89 178
38 126
155 20
215 81
201 20
17 129
213 29
138 196
76 113
228 213
313 134
150 304
214 91
85 271
13 203
7 56
43 111
323 308
142 191
337 230
320 4
254 144
289 294
242 20
135 277
162 188
279 322
204 292
250 126
89 22
252 298
333 63
344 277
12 242
298 322
270 88
276 48
267 112
273 126
60 10
240 310
38 120
96 29
143 74
13 297
16 273
278 28
170 133
5 342
124 162
233 302
70 138
184 32
244 89
4 341
70 132
99 344
133 115
272 313
46 0
102 298
342 128
115 133
85 228
190 155
258 334
64 302
119 65
301 154
122 31
130 126
329 30
254 2
163 242
230 8
52 55
38 44
277 198
33 243
115 265
222 251
146 178
60 131
308 84
162 94
113 49
124 269
51 287
166 183
197 121
140 137
165 72
335 198
217 105
118 102
186 242
255 235
21 285
302 86
34 317
241 88
249 63
173 102
184 313
6 160
237 124
165 79
268 75
216 343
293 237
283 152
225 220
124 262
280 20
330 327
189 71
198 83
224 141
215 230
203 108
256 23
89 179
1 305
79 196
99 265
3 325
140 127
144 322
49 299
64 282
281 253
255 134
337 135
177 109
20 36
119 277
306 208
111 307
168 191
158 170
111 63
52 153
92 196
130 44
150 195
326 334
5 138
25 244
273 203
9 196
141 128
128 102
239 141
312 309
234 27
338 186
55 85
285 88
129 337
185 12
326 190
53 7
337 326
112 1
177 253
31 207
257 270
251 126
235 140
56 271
43 49
36 300
80 274
268 133
183 260
17 197
163 96
206 166
269 112
293 61
154 251
332 99
300 2
100 336
302 337
59 250
70 140
81 338
175 264
155 94
18 220
191 25
191 142
66 41
203 220
292 191
320 247
141 151
314 200
56 39
242 39
279 320
205 336
69 223
113 162
214 341
129 182
38 333
58 330
81 33
135 274
257 276
327 226
33 285
324 102
55 184
341 124
62 109
96 58
209 226
241 149
116 201
134 197
136 171
28 48
296 344
118 276
102 173
115 98
199 178
207 43
292 206
102 156
87 245
305 105
302 139
70 330
187 75
243 18
15 195
18 35
126 22
110 143
22 309
223 229
255 171
327 79
159 190
86 64
89 43
203 159
276 292
136 174
212 53
24 132
88 52
56 100
196 78
312 74
136 130
184 197
222 270
261 213
216 21
215 66
223 329
119 248
117 110
202 173
112 53
154 79
30 19
301 177
191 86
135 9
277 229
153 147
197 31
132 316
181 151
328 39
339 35
301 34
104 80
28 313
289 122
302 79
33 256
85 311
42 140
15 239
113 255
200 343
196 82
19 223
108 123
303 38
339 149
62 296
229 96
207 216
309 152
293 86
276 61
243 131
60 342
115 56
90 37
130 109
260 238
135 120
277 129
269 339
80 55
272 301
183 290
272 114
253 72
147 215
69 263
174 159
202 304
171 117
237 32
90 63
26 170
119 19
14 293
222 258
134 60
76 13
35 224
131 7
44 305
166 337
265 266
298 59
298 290
148 130
338 25
43 127
333 148
63 28
92 194
282 136
56 103
284 223
343 106
144 198
165 0
227 161
235 30
193 131
160 290
257 252
83 4
3 20
43 60
25 229
185 23
336 231
231 170
150 113
331 288
45 82
74 3
69 27
47 304
34 73
90 121
8 24
289 239
255 83
165 260
205 40
52 56
65 75
24 326
50 318
187 331
163 116
316 9
257 68
104 69
53 290
272 218
90 167
242 82
56 129
181 4
309 289
198 29
39 219
140 45
289 193
335 118
66 98
250 128
160 243
295 317
301 242
289 259
26 125
166 237
316 19
267 278
91 208
55 231
253 246
19 47
176 306
180 272
123 137
170 68
298 98
95 119
336 67
139 160
247 230
23 204
117 178
7 98
225 26
146 26
100 224
235 71
252 317
344 31
109 71
169 96
84 160
65 223
222 313
11 245
74 30
325 82
128 206
10 176
84 308
244 330
241 255
338 305
288 59
85 165
66 250
28 293
332 59
56 245
235 191
257 291
156 263
326 52
196 49
256 108
150 244
273 326
232 271
190 121
232 246
21 122
339 279
315 14
177 28
80 106
98 276
58 263
23 216
273 75
115 202
57 13
0 191
186 190
214 73
339 236
170 315
343 182
63 326
190 64
159 248
229 84
120 158
160 235
150 262
212 336
10 81
317 311
239 44
281 144
294 181
228 259
162 73
323 224
322 110
308 344
268 123
136 87
144 287
251 11
180 261
93 49
167 312
259 198
10 208
34 238
24 99
213 3
225 190
15 188
91 185
214 228
272 13
25 252
342 20
301 164
71 287
11 8
180 36
286 234
141 301
77 233
18 315
207 90
148 134
342 47
154 201
114 43
74 144
192 146
56 169
141 312
120 82
201 262
52 81
51 138
272 59
149 81
162 263
26 237
310 218
285 299
77 243
123 218
210 146
203 66
148 17
225 79
334 276
217 51
280 144
127 175
250 154
314 117
127 17
243 330
330 208
30 35
115 116
89 332
34 328
11 63
60 164
217 29
281 147
185 255
55 239
7 84
158 250
316 143
81 240
257 196
258 248
85 327
175 119
212 88
183 273
252 302
302 91
6 45
1 309
284 255
48 98
62 20
143 77
75 132
332 161
16 64
182 228
152 20
156 307
225 16
53 231
113 146
0 77
154 337
75 248
62 309
311 325
275 148
71 267
45 198
185 0
84 148
203 182
50 218
328 298
344 104
43 171
34 20
321 343
338 88
147 311
257 192
164 97
94 150
147 199
53 269
268 299
136 102
209 23
87 186
80 235
54 337
329 120
271 139
180 160
239 155
79 203
148 10
123 110
278 333
77 24
215 59
52 146
45 291
127 316
332 307
33 227
19 313
76 1
172 225
258 48
56 36
158 236
24 95
17 4
119 134
63 281
59 17
82 104
308 111
73 257
80 340
226 58
341 300
283 254
132 217
158 52
123 179
17 245
106 1
251 316
112 130
169 88
43 249
83 171
308 79
126 148
235 129
45 180
299 5
131 77
86 318
166 104
145 120
59 315
208 4
121 291
175 331
135 162
332 82
244 179
161 101
86 293
178 173
266 344
179 288
173 186
217 319
208 179
191 71
183 312
119 336
73 304
188 234
60 275
182 238
140 86
294 313
174 68
189 38
247 35
109 333
151 204
195 182
279 268
141 123
157 103
341 207
247 38
293 98
254 24
69 98
62 316
36 74
206 286
5 12
145 276
185 242
15 119
165 156
144 224
259 1
23 158
98 305
271 7
8 47
214 44
23 75
330 28
335 32
207 175
176 222
196 243
281 243
122 195
255 257
319 9
45 24
315 77
236 202
8 226
136 215
303 312
92 57
210 28
126 250
64 159
292 184
306 211
288 6
265 10
322 59
212 330
102 48
218 194
105 84
125 209
319 251
189 179
318 39
18 279
188 191
69 316
317 257
305 193
170 312
179 295
214 195
234 291
122 288
134 165
320 238
152 292
209 26
33 16
123 209
71 226
303 188
323 330
30 114
57 137
302 144
91 98
86 39
263 267
212 296
62 159
118 267
2 344
154 279
334 171
125 157
167 330
301 56
243 294
56 281
48 142
164 152
228 128
311 249
51 215
248 205
149 16
95 40
187 123
198 256
10 56
253 23
91 301
67 216
207 236
186 91
340 318
269 243
80 320
161 78
16 251
103 214
162 113
172 130
21 80
55 15
37 123
231 207
157 93
0 245
86 267
299 81
240 125
226 223
100 43
294 306
232 111
143 342
140 101
259 177
286 185
141 287
85 227
111 39
211 7
132 166
37 335
296 170
247 272
230 45
269 273
48 184
105 174
231 294
14 274
138 1
158 8
175 302
84 113
190 282
185 92
40 36
246 88
122 6
165 8
83 342
267 109
34 186
204 209
224 236
226 311
230 337
284 270
28 185
261 52
64 148
96 147
145 47
75 314
156 11
57 15
122 5
206 1
312 126
299 10
339 215
62 88
287 164
173 285
332 289
91 45
300 51
308 77
325 199
158 194
325 139
3 181
51 245
298 16
333 53
41 275
215 87
239 104
278 331
184 94
194 244
190 76
258 337
341 113
8 329
167 296
162 40
315 279
39 307
98 91
344 37
279 290
207 128
91 299
50 19
23 293
133 278
230 342
242 102
37 312
210 36
149 185
163 258
313 254
212 75
286 165
341 211
113 129
331 277
34 26
303 249
118 11
31 25
229 82
340 328
204 110
305 145
177 301
259 192
7 174
163 212
325 211
208 99
222 141
26 106
126 40
56 23
23 261
133 328
308 212
187 222
60 175
183 103
51 76
251 306
173 231
232 296
326 160
304 107
201 263
131 224
179 166
110 44
34 297
169 341
29 7
99 80
331 241
288 139
104 18
272 276
301 160
129 282
222 89
7 78
303 88
146 68
267 301
211 177
278 197
321 221
238 80
239 165
259 97
227 290
282 105
183 288
209 43
278 10
93 280
171 269
133 284
38 325
190 276
307 332
84 226
167 268
54 72
294 263
115 129
97 269
311 171
95 100
69 149
326 259
80 289
246 79
67 233
306 234
156 194
240 211
31 284
220 109
315 220
280 183
46 278
185 58
279 254
207 261
71 190
107 317
171 174
107 132
311 264
229 108
32 150
199 310
336 74
75 306
294 257
47 242
190 232
301 125
44 65
41 115
255 50
334 82
224 97
116 92
162 291
278 139
52 202
27 242
89 328
22 35
150 206
15 42
190 142
139 306
136 304
209 239
156 164
195 318
113 265
258 67
122 285
309 114
170 234
51 120
199 202
228 117
244 73
161 285
244 146
93 55
275 322
12 267
321 224
283 146
113 335
169 214
331 240
126 49
180 310
249 326
13 342
36 225
188 213
104 163
159 249
199 73
74 176
224 65
249 48
280 245
101 168
140 129
218 222
341 122
203 9
21 141
10 338
275 71
243 129
207 97
231 87
135 246
36 138
317 79
169 190
301 165
214 62
304 179
186 104
309 331
323 73
330 209
160 49
247 296
296 186
336 268
167 161
15 123
326 131
268 291
23 173
61 229
7 248
136 311
292 121
78 107
72 227
305 23
68 297
15 110
143 3
301 67
142 258
209 149
63 100
23 199
313 217
222 46
226 294
220 244
284 303
81 200
105 158
117 151
153 312
281 122
86 158
70 312
154 327
146 97
298 85
187 159
219 256
53 161
148 72
312 92
154 23
59 90
142 165
169 342
152 126
278 241
285 341
337 159
252 293
320 302
20 190
50 175
213 11
265 260
59 71
32 74
343 206
68 185
202 61
0 11
9 222
216 276
314 266
106 84
344 238
214 133
330 15
63 104
231 238
276 131
317 204
308 219
216 219
150 313
255 159
52 89
233 99
25 120
16 335
224 150
229 58
281 329
188 268
127 306
44 126
295 96
94 205
255 48
197 343
2 82
235 137
83 260
258 100
251 39
250 135
21 57
227 26
73 271
152 270
23 148
131 278
197 328
312 69
52 138
293 196
150 192
307 33
218 282
206 273
208 131
76 241
65 273
126 146
30 340
215 269
292 102
323 247
142 318
8 317
66 301
168 119
50 33
217 260
197 327
47 175
125 14
104 251
160 36
207 96
282 87
343 79
60 6
52 127
246 260
155 300
86 275
117 185
80 22
93 240
58 340
75 167
254 238
91 314
244 143
343 11
168 146
174 323
101 162
155 121
3 315
255 268
288 3
65 248
245 140
54 226
33 146
195 278
191 96
191 14
242 267
240 246
85 50
267 209
256 79
34 101
330 100
273 99
104 306
245 201
141 338
255 195
255 150
96 242
102 118
229 143
6 264
146 336
266 52
124 310
275 52
64 34
260 211
138 57
205 90
187 104
2 171
98 90
280 7
256 81
245 177
36 24
44 311
323 109
248 239
222 288
33 145
1 221
249 168
61 251
43 242
12 323
249 268
2 342
76 46
57 16
304 296
264 239
343 266
115 247
56 233
1 99
33 13
324 184
281 187
87 313
231 200
172 191
216 172
126 77
123 292
316 23
172 107
68 228
242 316
229 275
115 167
298 6
7 287
221 140
142 295
331 260
122 14
337 147
209 210
199 343
333 169
63 26
25 80
95 323
334 102
167 210
63 33
333 159
329 60
138 85
58 127
157 187
260 199
102 323
128 127
59 223
160 275
42 223
308 168
311 258
287 299
72 173
261 211
160 320
338 317
64 155
74 68
327 105
44 210
281 107
140 225
232 6
48 198
264 335
163 316
203 324
193 98
198 257
253 272
325 288
31 77
38 14
126 21
246 226
175 294
79 94
333 5
7 191
191 332
161 241
290 193
318 230
109 58
116 137
79 110
306 325
336 38
177 70
35 19
8 23
271 15
117 158
117 308
47 131
212 208
27 157
56 248
289 67
205 288
170 166
268 63
205 2
165 293
8 177
148 55
211 15
165 140
74 222
43 18
325 51
195 53
120 118
116 227
23 152
122 44
238 275
106 104
245 19
51 288
284 242
195 166
294 45
219 316
66 238
198 336
292 320
282 46
205 193
228 1
105 68
164 252
334 215
98 175
342 210
143 118
181 209
258 34
102 206
256 39
154 323
118 262
171 2
263 295
239 270
265 305
178 157
77 276
126 231
302 269
252 40
35 165
273 233
79 330
211 197
101 165
235 242
337 57
116 279
3 6
273 32
237 132
203 144
172 141
180 140
38 259
125 249
189 115
341 326
13 334
286 117
61 57
299 65
63 227
14 104
2 88
238 81
242 284
274 210
155 287
306 163
56 260
130 21
142 31
224 58
147 36
245 40
19 157
218 163
193 82
185 56
147 143
317 179
75 0
75 222
164 204
23 34
239 0
149 271
153 32
113 248
16 200
304 163
344 276
342 66
293 109
12 23
109 335
245 295
213 64
154 248
3 79
39 342
4 285
273 248
12 265
146 24
157 46
319 25
12 30
274 262
110 114
62 338
5 132
30 274
316 67
115 257
197 142
23 105
265 283
272 67
307 85
110 275
213 286
192 225
55 254
219 308
42 249
139 260
218 254
172 185
276 271
229 202
140 205
290 134
285 303
311 55
244 158
281 202
315 155
165 12
306 206
174 179
17 1
266 294
174 52
104 193
214 222
197 62
258 137
20 224
94 264
285 30
23 255
87 90
296 343
130 314
246 298
165 75
253 316
84 12
66 298
136 263
15 297
302 282
78 51
202 18
82 225
273 71
218 97
22 169
342 54
138 243
7 205
318 162
176 304
174 144
258 213
113 145
71 217
164 55
344 339
126 217
42 336
235 112
70 6
121 228
307 286
150 75
86 221
292 152
178 194
147 304
66 43
34 114
93 171
226 283
206 254
311 27
41 87
158 3
326 263
86 175
24 120
163 135
3 99
250 96
271 33
281 208
91 143
19 304
72 307
46 230
310 321
95 193
24 115
2 295
137 128
288 300
263 292
54 70
290 227
104 227
25 11
304 344
318 5
230 186
229 227
311 305
43 313
256 180
343 199
37 262
234 339
221 240
123 213
240 148
225 199
49 100
64 223
263 30
85 306
245 341
43 244
98 80
63 48
74 297
42 295
95 165
163 335
215 290
189 167
46 295
101 234
188 67
14 106
97 100
315 245
343 13
144 343
47 70
20 156
59 85
146 176
343 324
90 2
213 278
69 130
286 69
230 158
314 130
31 168
222 325
140 283
316 160
95 277
11 276
36 9
255 126
258 26
59 230
156 0
201 288
61 72
320 233
87 6
233 98
247 107
160 342
39 60
239 177
307 51
303 122
324 264
7 37
166 208
182 105
17 269
13 222
233 247
320 136
35 295
98 78
255 112
192 115
234 74
111 103
7 241
1 250
16 14
127 250
261 5
288 172
42 225
123 42
304 273
183 214
40 31
232 274
105 168
173 328
14 61
75 262
311 91
277 93
98 186
170 43
67 293
85 273
221 269
92 307
100 68
327 273
51 244
334 28
161 202
21 340
198 265
338 296
8 163
111 327
250 234
251 295
52 108
226 46
317 228
114 201
59 67
100 295
95 164
153 19
61 6
284 54
204 194
172 230
330 77
119 236
274 73
246 156
204 324
198 299
45 253
318 106
161 159
161 267
9 33
270 181
166 255
160 187
48 90
261 294
148 283
316 336
74 293
239 278
247 108
325 310
232 179
77 158
262 145
315 324
69 248
215 119
88 187
111 163
37 5
96 211
332 148
340 312
307 65
135 278
44 122
273 69
135 16
256 246
153 178
64 295
263 119
28 176
68 231
241 105
66 286
129 265
302 57
335 92
321 148
344 296
137 307
160 12
312 78
132 243
156 303
74 224
189 316
231 256
78 116
320 68
110 296
157 118
205 295
327 211
301 142
125 268
122 159
117 143
306 307
16 192
120 175
208 198
193 183
169 205
36 288
114 193
308 319
45 290
185 1
335 212
172 112
27 338
195 144
38 156
8 54
4 128
131 212
229 324
297 53
185 333
341 299
181 304
273 227
130 141
156 254
198 6
54 236
162 309
182 224
304 134
277 46
122 175
247 304
36 77
33 29
197 334
167 261
298 15
181 149
285 119
226 275
149 342
188 31
158 40
20 325
301 319
11 95
101 341
196 185
47 137
304 175
67 70
297 118
67 295
0 255
342 146
177 8
143 271
169 75
331 118
293 83
202 233
195 104
45 177
82 206
145 296
8 224
207 151
52 332
309 284
339 78
64 298
336 168
272 35
168 339
278 250
102 134
112 247
28 195
182 127
203 147
314 197
127 3
288 93
203 279
270 91
327 93
332 162
343 90
297 110
239 285
133 268
135 308
3 219
268 59
306 298
310 152
17 258
301 246
310 251
17 175
104 52
98 141
112 186
67 74
139 279
128 88
103 116
298 22
30 156
268 283
1 233
112 59
161 112
103 79
115 21
109 56
204 151
336 234
141 341
5 94
18 282
123 153
323 313
324 6
240 140
219 136
168 306
265 125
330 256
14 126
154 266
122 172
106 274
262 229
330 142
197 224
76 176
231 218
118 340
42 286
120 123
281 4
134 90
173 257
164 279
163 320
224 262
200 202
340 86
337 342
185 314
245 305
313 276
21 217
151 252
228 48
133 83
152 128
71 31
244 310
28 256
247 213
76 220
151 330
296 172
105 115
260 256
128 153
133 163
194 209
174 150
251 324
18 34
29 341
190 307
104 43
36 209
61 297
23 331
284 53
139 72
216 277
141 284
307 217
89 116
196 9
150 127
344 98
141 108
117 104
90 246
193 229
161 38
181 204
322 46
77 66
162 175
323 214
303 231
77 204
329 247
257 230
132 220
25 222
9 244
283 171
277 162
119 9
131 281
52 44
340 129
249 226
253 191
313 174
165 89
236 187
246 174
260 178
238 35
89 271
35 271
220 277
302 26
158 138
231 191
20 174
190 217
250 81
157 124
330 51
159 75
224 279
107 275
302 155
105 149
124 336
340 35
190 263
112 282
37 17
19 344
169 78
129 184
34 256
118 187
171 226
19 167
193 223
191 23
286 283
188 53
317 141
126 44
220 151
237 135
162 258
224 235
41 243
58 234
122 282
89 51
188 182
74 129
120 164
182 242
45 56
39 73
100 161
127 201
67 19
277 19
22 318
263 327
338 10
282 315
36 223
104 81
279 45
206 184
138 175
105 279
307 285
298 232
160 216
214 172
60 36
46 112
318 209
63 77
24 152
336 320
308 343
254 270
185 208
157 1
173 289
310 2
114 320
197 335
184 163
314 32
63 339
184 343
220 89
323 130
262 163
240 321
250 141
144 312
287 327
150 29
47 120
16 50
10 142
29 231
134 7
73 158
274 41
281 82
183 4
200 229
44 161
214 97
92 262
27 135
179 135
44 89
266 19
149 196
61 85
278 244
89 133
128 210
20 74
26 234
151 290
327 83
21 162
120 94
184 332
150 245
319 330
46 311
176 40
150 104
169 101
311 152
81 248
26 166
202 112
259 29
239 305
242 259
36 320
201 88
79 131
312 105
16 137
207 327
191 293
216 309
155 199
212 83
20 70
195 322
6 121
69 151
282 7
126 139
172 310
173 288
61 230
313 64
245 163
41 127
272 294
150 243
2 87
152 129
226 247
114 7
232 117
313 307
307 276
205 160
70 105
323 13
134 152
210 284
50 212
243 155
6 37
111 23
292 156
141 179
274 12
43 138
288 235
145 148
297 117
156 275
131 192
329 341
110 61
40 9
216 293
46 229
316 338
41 113
74 217
10 315
7 57
21 304
175 79
136 306
271 22
204 58
119 245
194 25
122 67
265 65
82 340
184 109
112 97
154 101
180 267
192 8
289 298
67 150
268 88
297 148
228 146
75 253
220 198
238 60
308 252
157 290
274 213
46 60
100 128
327 292
38 173
121 324
226 99
134 342
95 10
196 235
70 61
142 129
6 319
244 299
34 344
329 263
194 22
30 121
68 126
7 82
152 178
77 124
141 122
155 147
343 54
101 32
301 85
197 150
107 92
147 137
165 316
208 173
217 283
50 159
147 107
306 145
63 62
49 178
71 156
172 218
196 288
161 3
189 117
304 61
55 4
332 73
276 284
46 342
59 106
129 10
284 103
167 14
321 18
302 214
236 78
89 193
241 63
301 22
128 106
273 315
329 186
262 188
302 198
306 76
324 99
56 316
195 40
48 19
24 6
0 54
113 175
24 224
247 318
289 256
246 239
205 57
106 39
139 130
185 60
216 111
285 192
85 120
52 144
137 233
192 244
290 299
283 84
331 231
185 133
41 79
229 120
158 312
101 112
111 288
10 68
301 322
47 148
178 330
118 261
62 78
100 56
187 141
38 71
163 98
38 167
110 221
120 142
24 323
21 318
127 199
205 262
18 324
80 256
291 44
236 46
90 41
139 90
322 5
142 88
227 164
132 153
142 153
7 331
335 272
310 317
86 256
17 322
303 20
303 295
203 102
2 181
10 46
171 237
210 303
292 255
328 20
306 319
194 272
291 280
230 20
240 193
277 1
296 279
84 306
228 255
100 340
22 234
110 244
157 303
82 145
169 242
52 96
136 3
32 213
162 308
79 184
69 209
275 129
70 12
176 141
156 168
97 320
303 149
54 251
216 167
66 150
35 124
199 197
88 278
283 187
309 255
299 240
154 117
67 311
188 48
118 162
68 261
242 36
161 70
279 151
3 119
240 215
29 96
110 315
22 264
132 79
58 321
127 78
40 171
152 108
87 296
46 303
131 109
28 65
260 31
184 58
333 177
80 225
168 212
304 128
90 86
140 247
212 187
205 343
296 233
310 114
172 315
70 228
130 58
60 112
283 131
325 242
230 23
284 243
292 151
52 186
287 264
202 10
218 29
227 288
257 260
2 220
27 187
253 254
332 69
227 217
92 232
262 278
32 209
332 20
263 286
205 310
118 79
339 0
269 153
16 183
99 3
253 326
122 247
115 40
83 148
249 70
168 70
177 118
143 295
99 39
198 24
192 15
197 25
110 207
118 265
90 241
168 206
281 251
157 234
257 237
94 287
213 312
248 226
174 268
146 265
164 314
122 135
337 0
214 51
83 33
320 139
267 180
173 38
148 76
144 66
282 270
316 306
307 308
14 0
106 303
195 91
336 152
170 213
193 340
296 22
280 1
0 101
225 247
166 272
216 5
99 187
312 62
150 78
42 66
325 149
271 176
101 145
232 101
4 314
39 220
309 91
103 114
169 145
82 149
325 241
173 211
111 108
290 321
339 46
23 226
49 269
241 53
140 182
321 139
108 326
155 179
29 238
329 127
149 309
23 322
175 36
12 80
209 118
108 105
73 249
287 249
168 166
290 179
147 3
13 78
241 342
209 131
269 39
168 257
309 82
20 104
52 128
209 126
277 103
219 222
282 22
127 295
2 270
195 110
144 142
0 312
301 309
296 196
244 218
300 296
249 66
77 183
120 9
188 339
134 125
263 261
323 266
278 306
134 77
103 36
291 307
158 245
116 16
329 176
87 294
1 123
87 31
277 21
337 66
98 343
4 45
305 252
190 20
54 208
283 153
329 237
27 318
88 28
195 286
267 282
317 101
205 309
69 304
209 74
251 169
326 343
92 36
206 30
189 337
298 75
131 228
48 122
158 47
89 8
235 259
193 207
15 53
259 185
159 67
10 42
65 4
78 272
34 267
166 235
244 200
118 195
144 313
227 35
144 243
335 218
230 250
59 44
317 316
333 38
212 256
48 136
37 166
331 261
0 32
230 89
67 14
257 16
332 44
266 46
335 141
264 324
46 195
130 3
72 208
331 319
241 118
63 308
133 336
77 292
7 65
13 327
317 180
306 53
321 254
94 280
84 316
5 58
180 239
32 323
259 342
286 47
242 340
331 136
171 344
179 327
98 58
138 248
86 222
204 338
232 214
264 147
113 107
96 101
28 240
344 14
31 72
14 52
118 95
281 118
55 74
269 194
209 10
318 315
3 156
256 138
187 139
227 112
18 241
164 136
239 100
156 294
77 327
143 286
239 117
256 145
273 167
283 200
244 27
241 83
212 286
49 293
329 277
75 127
130 99
166 207
328 211
148 223
230 306
30 208
235 157
12 4
0 309
143 261
234 120
43 177
178 60
35 161
271 85
286 157
46 211
252 211
131 71
327 176
332 119
296 277
296 190
106 31
250 43
192 79
138 77
247 10
56 224
293 210
90 43
32 110
138 163
181 121
241 70
250 93
285 11
124 191
301 218
172 332
254 310
312 157
283 170
213 70
41 7
135 222
30 32
195 172
127 100
167 67
13 291
66 332
204 223
282 77
245 220
149 282
272 143
316 204
77 166
31 204
271 181
52 112
321 158
237 176
133 174
155 33
316 102
322 225
293 151
23 264
10 100
332 288
141 133
238 89
122 193
104 98
253 341
171 331
322 122
291 195
224 170
76 75
224 1
241 234
4 131
80 210
188 221
245 329
311 22
79 70
23 332
313 199
276 41
186 156
164 34
6 290
204 329
267 83
233 164
220 237
295 300
4 138
78 250
272 201
91 232
273 238
174 334
285 33
220 207
26 141
247 223
96 252
17 76
157 41
145 286
184 236
173 138
160 4
132 283
42 7
48 61
18 321
172 119
179 231
62 202
120 207
45 206
0 121
344 63
125 277
206 123
39 240
309 81
149 259
45 167
335 337
252 64
13 86
190 318
185 137
258 80
53 38
12 161
56 275
189 326
177 326
33 167
319 285
133 234
273 331
212 20
206 300
157 287
43 71
22 343
234 117
252 73
224 96
54 56
78 87
125 299
245 56
124 107
11 282
296 301
255 319
299 266
255 113
244 47
230 151
120 11
315 228
66 95
256 25
2 59
81 126
166 92
310 117
295 220
338 249
142 151
264 41
100 51
63 342
198 33
225 264
128 62
162 287
88 66
1 71
192 69
88 16
233 87
20 235
139 115
110 104
112 210
137 240
32 167
109 194
162 110
266 256
250 252
231 42
63 252
22 289
208 36
154 247
69 38
184 81
134 1
258 175
289 131
0 195
38 154
170 270
98 233
337 101
39 277
4 120
21 321
109 299
250 22
129 96
193 94
87 19
266 185
117 49
3 240
151 289
173 58
64 194
34 124
301 338
319 65
194 126
334 324
222 45
257 71
41 247
334 146
307 107
2 249
254 77
173 341
0 130
236 221
97 85
311 127
34 126
198 75
28 190
336 246
26 89
113 276
338 269
198 48
269 311
323 174
53 192
301 334
318 154
64 248
246 3
167 237
249 194
27 221
189 282
78 334
169 209
202 148
38 157
340 339
118 296
117 187
90 268
97 32
248 176
268 269
9 208
160 81
319 264
131 259
76 28
155 125
243 205
239 263
156 258
7 148
181 291
122 24
158 220
298 129
233 209
239 295
290 115
214 323
29 192
6 184
318 249
44 114
69 102
27 77
250 110
23 275
135 181
150 340
145 5
214 167
328 62
282 99
40 311
291 47
150 166
198 96
280 170
100 307
247 6
73 172
281 110
255 333
7 302
103 122
171 41
221 114
7 70
161 60
236 261
58 172
86 159
36 235
67 11
309 250
23 122
238 31
79 133
312 219
242 317
341 316
13 120
85 268
190 148
328 81
64 288
253 53
102 290
190 71
249 127
34 49
99 31
267 113
151 7
155 168
324 121
111 233
76 116
80 267
187 283
324 164
165 158
182 325
318 87
107 8
38 109
286 305
124 339
230 216
47 341
6 26
293 202
268 92
332 105
320 207
94 82
117 132
93 58
299 208
181 191
134 66
63 84
110 226
83 330
232 253
14 299
230 10
284 3
152 263
11 284
302 321
293 133
297 6
191 36
238 325
191 119
321 234
139 163
96 102
202 248
267 7
292 343
69 203
6 21
327 151
26 330
258 249
121 31
66 260
96 162
265 201
313 187
7 279
177 323
137 183
344 151
57 264
12 330
152 172
234 273
91 202
20 11
100 71
342 124
30 251
58 207
229 97
45 228
248 230
149 3
176 330
34 282
187 125
139 109
38 100
344 40
171 243
164 201
320 11
66 125
241 57
61 84
53 139
316 87
76 158
170 54
95 192
315 259
137 15
204 14
41 170
327 277
20 290
84 332
161 160
47 177
180 119
232 299
143 98
84 280
15 288
72 35
290 88
109 30
322 172
92 24
251 272
144 138
227 237
22 276
300 166
29 39
3 44
230 102
332 247
242 3
247 314
285 193
125 281
123 217
145 6
70 274
243 340
205 100
161 234
180 174
168 69
72 324
281 260
74 240
211 101
78 237
318 286
169 20
196 340
136 56
95 297
192 137
311 89
57 318
269 240
233 245
1 116
337 221
242 252
302 340
247 94
299 342
293 48
37 214
323 3
206 322
293 165
295 119
60 184
186 267
215 178
144 272
81 198
283 328
292 139
228 241
188 265
45 119
38 242
328 160
99 169
82 216
2 226
46 145
71 127
13 193
51 143
336 239
310 4
307 135
124 7
254 65
66 233
210 67
58 292
186 307
76 232
108 147
261 9
306 176
202 13
319 194
154 284
198 117
75 224
26 231
289 276
281 257
67 146
325 125
334 72
121 118
295 211
343 171
307 152
111 160
171 88
39 198
319 231
304 25
93 115
27 48
114 149
69 25
232 19
138 132
186 203
260 13
113 168
334 144
326 133
243 187
143 154
40 170
104 57
221 173
82 108
142 285
320 329
45 137
342 239
240 12
309 132
156 192
167 301
227 79
36 267
324 126
314 308
137 64
85 279
251 307
165 296
92 144
174 56
276 233
150 98
325 71
166 17
241 318
60 122
2 29
333 139
340 73
320 246
283 43
107 192
83 282
72 54
112 163
137 210
183 319
57 185
250 45
226 246
21 104
147 247
243 254
342 327
243 165
202 258
329 246
253 121
111 69
37 293
61 263
194 82
269 244
48 186
228 45
70 321
193 314
129 275
298 212
8 9
63 51
24 2
344 85
69 92
66 192
101 196
238 171
172 333
42 118
286 73
48 42
12 1
254 20
257 220
124 318
269 292
316 241
287 115
155 255
307 256
106 200
330 180
189 274
299 32
3 249
153 329
36 65
106 9
249 231
229 76
219 269
315 29
179 278
121 126
226 234
172 281
120 208
2 129
119 153
262 4
229 342
106 103
267 77
35 3
257 223
298 312
321 204
191 37
114 72
271 286
256 293
77 72
313 339
323 198
203 63
162 140
66 321
265 257
325 317
85 341
184 203
207 235
18 284
86 322
287 337
332 8
215 253
28 294
267 174
227 337
38 92
323 219
280 65
98 110
257 40
4 244
296 219
54 21
315 250
327 245
221 207
212 200
329 49
159 79
225 223
244 198
265 116
6 258
256 333
60 166
207 298
51 31
171 272
140 38
127 124
28 36
161 250
189 60
103 109
176 11
269 87
344 232
254 206
185 305
139 11
134 280
296 262
59 285
211 70
335 240
8 203
131 113
153 210
125 77
199 26
233 51
217 27
62 7
269 171
102 37
241 92
295 230
321 305
27 10
220 101
160 74
127 26
85 262
78 302
192 140
309 56
303 135
227 307
173 26
55 7
178 252
238 56
66 189
3 286
192 163
16 319
189 3
237 267
305 331
310 172
42 170
132 135
198 89
45 278
244 283
236 14
7 303
105 10
146 297
75 162
173 167
336 28
298 203
200 243
275 64
200 170
54 147
5 200
332 241
214 339
199 221
5 1
173 327
51 133
63 170
246 165
142 331
210 98
133 215
299 120
111 70
115 213
292 22
116 120
251 181
24 303
216 241
1 181
313 149
1 36
228 133
323 272
26 155
305 227
177 318
297 194
88 244
216 204
267 25
328 61
243 304
282 244
242 166
279 220
340 301
310 21
111 172
146 5
40 234
341 73
169 68
0 62
299 145
22 139
292 166
207 226
289 202
182 254
126 195
82 276
41 130
281 81
266 88
141 262
63 325
103 134
295 6
151 121
291 98
287 153
325 133
10 64
43 136
260 27
315 203
59 251
186 325
241 327
209 248
254 193
314 258
159 257
313 41
45 323
106 335
17 268
264 332
126 323
140 312
206 37
196 6
244 61
254 240
123 66
89 90
127 58
250 188
217 218
230 165
98 238
155 115
161 322
102 189
202 243
156 63
280 254
316 81
315 128
321 340
194 65
124 237
12 198
161 111
338 219
128 154
196 231
343 53
31 56
19 213
311 335
118 270
92 115
306 61
13 220
259 175
331 253
296 17
309 49
248 210
4 181
49 36
261 343
268 203
151 161
24 145
178 232
206 192
108 23
269 341
13 44
269 163
254 273
344 325
199 48
293 40
298 119
243 6
57 260
208 67
283 132
311 116
161 80
45 317
255 291
297 109
242 216
256 327
227 42
65 186
303 273
156 241
307 122
3 76
295 10
242 248
21 148
231 179
130 98
236 21
147 20
63 212
109 268
42 265
67 251
24 194
145 255
60 156
305 314
163 337
67 54
260 116
322 226
328 86
149 272
253 216
178 99
198 202
293 158
228 93
316 18
37 31
174 120
90 276
276 59
232 191
176 111
197 124
340 69
106 96
174 55
156 57
50 127
75 88
159 152
208 174
6 285
54 105
311 290
113 307
15 121
305 189
176 18
146 224
36 23
183 43
45 0
282 258
338 288
100 47
240 64
276 255
185 236
1 264
275 167
149 102
134 234
234 330
92 129
175 192
79 126
161 319
229 180
230 132
99 42
281 49
344 114
224 267
168 13
157 216
192 293
201 186
78 31
34 157
60 195
131 152
296 333
117 134
248 155
325 155
43 39
26 138
234 129
324 312
161 260
26 221
111 59
275 203
223 263
278 174
251 298
309 191
248 57
144 228
326 59
270 305
273 333
221 300
111 234
261 289
339 140
314 15
127 180
295 110
156 341
240 173
86 312
314 67
275 299
32 53
189 73
334 85
213 196
259 84
114 42
141 19
332 200
15 130
28 102
97 244
71 25
40 248
226 319
20 294
13 9
34 226
108 294
99 34
300 334
119 164
320 118
63 293
143 104
99 24
309 0
154 322
257 188
105 267
46 277
156 145
312 112
36 103
330 155
268 305
155 318
245 318
114 111
89 132
13 96
316 2
50 101
142 86
334 319
16 144
195 9
301 342
229 70
108 104
240 99
139 253
196 95
0 343
99 297
99 241
270 84
236 259
164 15
153 295
332 261
54 227
263 95
37 16
93 148
85 93
45 147
328 232
256 254
317 147
70 278
302 31
89 23
293 242
318 280
64 225
25 102
250 229
316 60
293 160
198 69
114 189
333 313
243 310
176 269
314 72
301 58
321 174
118 225
31 66
41 290
331 251
275 86
275 315
10 165
284 157
116 182
122 292
8 91
266 298
114 125
11 90
196 12
80 84
165 10
302 3
260 312
185 149
36 194
143 302
147 257
3 186
189 221
320 287
135 55
66 100
146 270
103 61
140 174
16 250
316 52
99 16
257 148
82 299
302 58
242 92
15 171
294 328
271 95
254 29
106 123
216 24
275 89
77 29
8 334
132 189
265 117
144 222
216 92
114 67
323 40
316 123
183 77
149 301
4 79
45 81
11 300
139 104
182 306
123 326
85 200
269 301
293 285
270 271
325 335
60 198
178 164
165 157
4 137
149 45
143 331
7 267
296 317
325 221
145 207
211 107
61 227
252 141
46 8
225 192
57 45
251 308
84 56
8 227
42 262
51 257
257 76
48 278
331 96
42 100
327 111
119 26
25 78
71 276
288 155
332 199
116 336
189 28
67 43
321 27
114 266
271 11
83 73
286 105
85 320
32 34
130 219
311 148
79 180
101 217
100 324
245 273
89 172
284 74
147 128
81 50
341 69
0 305
78 32
179 291
180 292
30 105
84 180
247 330
312 108
78 49
158 322
20 184
267 20
52 225
194 134
173 198
49 203
303 83
235 289
263 137
30 137
225 245
245 205
196 59
182 216
145 105
138 191
7 190
71 201
324 146
54 275
251 259
13 142
181 282
75 333
14 222
194 210
281 278
38 121
174 293
149 192
294 106
123 103
245 28
217 81
213 326
97 190
314 111
67 65
344 206
234 37
327 311
232 195
114 37
45 68
68 214
106 215
243 324
199 13
310 74
144 188
325 45
83 217
156 75
143 282
70 151
54 215
162 192
311 114
309 295
296 294
167 81
48 323
58 262
81 103
199 54
269 189
330 73
192 107
145 59
28 209
252 339
226 118
160 18
223 36
30 34
192 202
125 256
159 13
329 253
313 51
142 122
45 23
240 139
200 210
154 262
229 296
37 66
103 107
197 295
309 322
108 25
180 13
25 50
93 315
151 195
180 207
33 234
341 67
333 207
232 184
90 315
99 17
20 65
86 193
65 129
30 245
336 45
212 51
97 147
286 214
185 184
281 173
47 130
216 163
151 315
82 172
282 168
267 13
250 332
143 182
134 36
227 248
335 226
50 178
96 235
17 279
310 64
311 38
148 182
103 299
54 185
9 295
252 259
235 225
320 225
8 273
58 6
289 154
316 92
239 75
47 195
26 243
195 330
112 62
276 55
53 119
235 343
176 207
337 317
184 286
69 1
197 242
304 256
234 294
331 166
251 40
187 142
38 265
251 277
237 90
219 307
338 138
22 68
33 140
283 230
139 233
94 126
68 143
45 8
64 296
285 203
288 159
67 281
297 337
325 158
72 264
42 70
163 181
303 257
209 259
160 277
305 205
285 24
58 226
129 248
40 197
87 240
189 339
181 59
324 68
152 86
301 16
247 19
294 207
126 234
133 87
335 305
17 324
200 108
220 279
321 303
339 2
318 241
264 125
229 122
141 337
241 268
129 29
257 48
194 247
8 113
123 4
45 99
308 286
63 322
219 229
4 103
6 47
137 50
287 33
220 318
21 61
281 277
42 200
70 334
299 280
258 240
124 186
40 33
234 177
83 176
149 77
337 72
40 273
4 116
241 294
283 173
148 18
33 61
258 216
343 285
57 39
163 75
308 57
330 54
268 226
94 189
315 144
207 3
108 22
121 106
27 17
42 52
29 113
265 150
134 188
330 275
130 300
74 239
206 182
191 126
63 336
255 253
45 60
16 321
56 340
184 68
33 169
343 164
27 319
58 135
59 222
117 250
4 83
241 215
76 54
123 23
114 139
344 190
185 109
49 271
177 83
343 77
149 25
299 109
160 13
332 179
165 238
262 308
108 338
17 133
16 132
175 263
224 52
318 64
161 270
220 59
261 174
168 323
295 322
217 137
94 234
152 148
115 39
297 8
182 207
244 58
266 62
134 337
147 99
76 253
305 294
85 217
225 139
268 103
68 38
45 268
32 94
156 322
291 196
201 340
340 274
47 203
257 210
251 135
143 319
75 188
242 270
318 177
19 160
131 175
137 324
273 240
221 126
34 119
302 81
322 82
76 136
194 190
176 2
326 320
65 121
229 38
298 248
199 331
326 238
212 156
36 88
282 317
207 141
223 31
223 319
123 301
321 6
178 200
310 244
223 96
184 78
311 129
179 178
266 125
89 31
267 44
322 144
269 2
101 245
9 181
2 221
80 127
317 167
205 120
107 171
4 191
305 173
316 296
106 140
242 125
188 121
270 112
259 133
109 262
259 152
210 230
1 72
305 220
271 66
15 168
93 203
217 316
193 132
104 303
296 15
50 242
243 211
232 177
309 305
72 269
180 343
68 232
301 260
153 174
231 1
208 237
252 158
303 52
24 255
103 159
158 51
22 132
203 101
248 159
235 150
305 98
159 197
227 118
151 153
312 17
315 241
160 94
1 193
110 204
219 58
264 81
61 180
336 212
334 19
36 340
231 253
138 294
2 139
245 338
107 50
126 27
236 85
57 297
265 48
66 156
67 90
262 5
86 50
160 126
344 162
266 43
283 8
320 339
4 211
79 61
163 246
110 229
305 79
222 124
174 147
89 174
228 156
298 266
104 12
86 79
253 337
192 332
53 10
141 342
47 18
121 281
228 296
27 197
34 146
143 262
86 210
10 74
289 263
66 136
152 21
334 92
187 36
12 211
57 299
139 200
217 246
296 205
279 56
94 33
268 45
137 312
292 242
274 212
88 286
276 39
146 42
248 80
0 129
327 342
64 152
42 287
312 81
254 64
36 80
232 310
292 123
55 233
227 201
177 131
183 178
162 67
77 226
122 21
70 89
55 234
216 91
303 164
278 86
246 334
319 129
162 178
231 324
245 308
205 269
223 275
62 94
281 268
258 312
53 228
83 27
259 77
80 76
255 312
55 58
177 162
327 64
339 243
116 177
229 80
174 165
3 87
132 232
279 87
115 264
114 276
342 97
7 154
311 309
212 45
28 97
109 22
242 311
321 13
93 219
26 344
307 61
231 143
63 165
179 307
262 88
116 228
299 231
273 327
251 225
251 227
335 135
73 264
325 20
80 30
268 143
195 102
7 14
242 46
260 181
311 162
266 301
297 339
220 87
276 102
9 12
57 230
282 65
245 30
91 44
76 3
19 7
2 154
329 269
111 183
165 233
238 182
11 26
17 68
158 299
35 305
329 28
5 61
278 271
68 176
206 158
245 208
313 131
34 326
315 200
116 44
297 9
35 145
278 96
2 216
56 331
146 308
294 80
235 264
158 96
190 241
274 62
107 295
302 235
160 239
283 340
271 260
257 123
340 147
289 55
145 22
217 305
248 48
269 246
341 31
155 183
47 269
86 44
192 190
38 337
15 51
35 284
218 297
112 79
149 268
318 82
242 219
65 336
64 5
231 178
60 132
184 103
36 37
336 170
79 5
168 299
253 312
75 318
304 139
324 190
224 40
17 63
45 181
4 82
218 242
154 199
247 305
329 78
275 212
2 0
214 144
131 173
283 12
199 218
54 16
342 12
239 174
126 143
76 194
301 291
338 335
236 191
174 248
265 123
304 178
63 234
148 135
39 274
279 115
124 137
308 19
127 232
323 191
235 116
37 65
19 277
97 186
303 304
267 21
95 163
328 244
299 22
75 135
40 101
174 250
39 319
334 17
191 302
143 340
150 312
131 247
46 332
171 24
125 198
19 246
155 58
221 46
323 288
173 260
48 266
217 333
112 16
328 164
65 16
51 13
3 124
37 27
238 163
226 159
311 283
232 344
33 307
260 81
228 132
69 341
50 300
104 127
83 327
230 321
37 14
199 157
156 38
295 318
22 178
106 91
266 292
258 309
150 342
194 282
220 241
198 258
255 52
317 261
40 30
201 335
4 223
217 245
168 165
39 163
12 33
74 162
277 268
99 153
313 322
251 285
238 193
220 254
331 92
56 155
159 342
220 181
204 232
117 278
201 50
202 268
250 72
245 58
12 40
252 230
36 337
204 256
250 204
201 25
246 61
257 18
241 208
315 0
160 172
268 312
147 70
273 159
110 180
44 48
172 151
305 321
244 112
180 296
177 37
321 326
0 135
344 143
245 314
143 307
44 313
275 93
252 306
4 251
12 227
232 259
57 262
5 201
126 296
44 110
63 296
160 3
52 161
265 206
122 157
161 196
102 144
294 236
58 311
24 116
130 276
215 271
55 181
125 118
184 79
286 57
253 296
170 257
343 119
50 56
333 74
74 20
277 135
309 98
231 89
118 317
226 258
12 45
263 167
243 88
326 241
109 31
7 176
27 297
298 70
168 37
253 189
257 323
237 156
183 155
225 328
145 206
225 254
254 244
158 274
255 33
277 326
317 87
170 229
65 314
22 204
27 107
261 252
91 61
113 218
218 252
200 29
151 260
3 333
228 160
268 62
141 241
149 213
125 117
182 148
321 209
18 248
201 33
23 321
285 125
252 92
207 44
101 338
55 248
167 107
116 293
224 201
242 331
59 1
19 82
322 207
208 132
299 249
244 63
56 301
174 14
204 341
121 223
326 287
98 247
181 157
248 103
239 127
310 102
259 166
253 61
229 5
308 188
307 39
202 68
36 323
193 227
225 174
25 170
131 108
211 123
64 78
128 323
146 283
39 31
289 250
289 323
319 325
203 70
244 182
116 269
280 236
14 248
127 44
328 168
73 327
80 18
207 301
245 312
26 10
199 271
192 316
97 199
121 279
337 207
13 110
298 142
38 183
212 147
110 286
129 190
206 239
49 8
108 75
19 308
248 211
181 248
313 204
182 305
66 165
123 216
179 49
13 287
190 62
295 299
138 314
164 288
191 51
106 276
11 172
96 128
154 274
198 179
145 8
274 251
114 288
161 45
15 325
236 98
149 235
260 63
309 259
93 118
188 193
200 235
300 131
179 316
178 326
73 241
274 89
123 165
187 252
149 239
142 65
204 107
145 327
255 161
34 89
34 10
18 115
337 92
11 168
181 37
333 270
289 137
164 334
104 270
343 83
152 22
10 13
271 167
174 305
158 209
226 210
170 139
33 253
81 23
60 147
259 165
150 295
220 196
316 146
106 78
159 324
157 40
189 229
179 124
138 258
47 219
281 108
21 195
175 94
292 195
283 167
47 157
313 312
205 321
293 19
203 105
306 47
334 140
74 29
53 121
248 236
229 172
168 244
95 225
282 44
37 152
129 206
65 234
281 203
134 24
34 285
163 165
112 151
225 182
298 167
298 48
294 137
92 234
290 5
212 1
210 327
87 343
306 222
23 242
162 186
62 176
239 189
11 213
142 208
253 234
142 32
76 256
33 188
238 308
138 326
306 1
203 231
0 214
52 260
129 204
174 284
340 173
295 141
104 245
72 312
247 177
99 173
255 1
42 210
261 6
176 292
112 5
231 107
189 344
81 49
90 87
197 162
302 1
295 242
133 206
318 160
107 196
56 241
205 136
68 254
323 258
254 307
49 61
64 253
311 13
203 100
121 3
80 341
163 164
145 173
262 103
316 122
141 39
297 188
81 64
89 33
125 55
286 90
263 155
5 23
24 190
303 71
265 220
174 236
244 315
177 178
336 130
268 73
96 13
106 221
315 294
213 233
104 218
256 261
246 283
55 172
30 13
243 197
88 35
289 265
213 281
297 137
256 48
172 269
213 40
161 69
38 309
137 186
9 35
38 243
10 126
180 201
294 48
39 148
87 295
99 41
214 271
311 330
213 124
205 276
95 145
241 252
141 280
217 132
296 227
160 131
331 109
179 25
258 169
223 259
210 339
185 176
202 86
232 200
134 30
81 182
234 32
312 50
163 298
225 221
260 324
178 19
219 102
342 228
32 307
144 122
48 13
74 114
213 136
261 94
12 232
99 50
68 99
272 230
326 105
250 294
319 26
298 316
157 330
278 45
248 325
69 199
338 144
280 131
18 204
304 74
219 187
81 26
299 336
27 13
90 128
326 83
107 0
59 254
333 265
328 109
107 311
37 145
22 239
136 297
252 14
62 311
141 152
137 170
318 232
181 300
86 288
202 145
65 82
202 74
296 142
219 220
36 10
74 288
25 136
288 54
191 328
215 209
55 126
219 69
139 324
144 90
121 18
310 59
276 40
78 308
17 19
5 46
86 122
255 10
38 329
22 258
54 161
153 162
20 118
221 296
56 139
335 328
63 255
2 315
301 335
339 113
247 319
304 3
66 240
15 219
304 35
234 300
109 290
341 100
257 80
178 115
317 172
228 220
48 209
63 7
114 66
208 282
54 167
220 294
249 11
151 13
203 49
15 34
16 90
289 333
164 173
229 191
171 6
17 95
46 6
295 125
298 271
2 252
96 241
297 232
246 83
325 72
50 8
19 41
130 65
47 287
270 228
16 220
9 79
236 209
253 22
274 100
235 201
176 202
140 226
267 243
185 52
100 103
273 109
183 66
220 91
335 127
1 265
227 301
295 19
158 64
235 334
91 137
277 120
173 108
119 207
316 242
200 307
24 103
129 153
45 63
340 324
18 82
109 273
101 282
284 125
187 58
235 158
300 90
96 151
35 156
133 208
276 178
271 40
294 168
19 197
156 37
181 265
310 184
104 249
310 193
210 102
254 67
94 276
294 190
248 118
94 179
90 140
247 148
79 84
69 45
196 135
278 234
258 227
326 243
113 230
263 207
311 117
129 186
167 121
228 316
269 308
302 240
255 128
218 8
263 44
317 305
26 250
34 77
183 49
307 101
256 274
17 287
63 245
110 118
130 20
29 67
47 248
153 123
259 89
138 65
101 296
241 221
140 258
60 227
339 73
247 124
93 149
29 24
216 323
272 145
298 327
268 213
310 209
90 313
62 331
190 202
40 302
84 287
328 177
338 13
336 31
256 290
14 81
158 85
107 25
197 99
339 259
333 86
117 36
244 326
47 284
280 68
1 47
118 15
128 178
3 137
237 100
16 225
186 133
163 85
115 211
271 300
342 301
325 306
163 253
195 193
334 100
331 193
300 125
252 283
281 196
227 181
54 6
44 35
151 103
258 57
158 297
342 113
77 192
332 329
32 242
55 50
74 110
57 21
145 272
146 198
316 288
163 282
93 223
235 90
239 214
185 226
101 119
25 58
77 194
198 132
146 175
144 203
196 289
130 244
44 62
5 15
253 70
298 1
294 90
338 90
200 244
267 277
340 121
311 141
296 111
0 49
302 32
293 2
342 200
264 250
172 217
153 23
209 146
113 169
227 332
33 82
231 301
261 226
77 227
22 275
240 269
324 198
204 174
102 201
29 21
106 201
239 259
225 103
307 338
174 189
173 113
66 336
339 45
219 264
320 114
188 201
214 47
30 316
248 306
338 256
162 134
72 289
139 35
185 216
126 67
326 202
181 47
193 77
339 314
341 314
331 185
170 200
134 102
63 67
201 171
72 242
108 257
113 136
226 94
338 62
43 89
140 37
305 136
253 291
223 325
82 123
298 145
190 51
273 293
124 247
61 304
24 287
300 264
5 246
255 47
321 113
322 306
130 281
85 122
142 146
328 68
89 185
235 341
333 145
290 76
16 30
72 81
339 48
194 218
256 86
297 18
69 83
338 287
25 37
335 255
8 326
95 243
224 331
43 169
62 307
200 134
43 96
217 341
127 169
261 197
100 49
208 125
87 199
282 342
180 32
240 60
131 327
18 92
330 103
134 104
1 261
175 164
113 330
183 115
240 23
148 79
267 328
14 162
290 279
250 77
262 299
310 182
294 197
187 83
301 188
344 132
7 15
140 273
226 190
173 21
213 21
301 118
98 120
319 310
302 268
163 145
235 253
153 145
238 300
30 280
228 256
125 138
306 200
159 174
194 221
44 1
175 181
305 121
281 335
148 330
205 110
186 266
186 309
186 283
88 225
107 177
124 101
331 70
4 161
47 135
43 8
159 227
245 117
5 56
61 191
57 163
87 47
224 70
198 112
141 104
167 223
85 112
133 244
339 34
264 190
330 269
97 74
191 185
281 248
16 4
43 94
299 112
317 39
224 8
284 121
42 203
311 274
127 213
222 144
241 319
120 87
159 242
225 96
48 88
34 311
339 77
60 293
189 279
332 316
92 231
278 58
160 307
173 37
8 69
12 129
157 73
71 321
27 106
189 21
183 249
216 275
184 105
246 126
13 114
77 127
113 85
196 27
116 255
100 292
292 172
170 221
278 15
144 18
264 15
293 103
230 302
71 43
220 50
170 235
38 268
262 56
179 18
3 28
250 25
189 296
312 141
114 335
237 246
46 265
312 101
143 316
130 235
47 282
233 108
246 102
249 15
92 43
163 39
207 297
280 80
296 241
119 205
78 7
153 125
191 316
263 80
326 165
182 132
82 275
175 246
216 103
12 325
302 194
90 298
159 252
30 139
260 85
265 8
303 85
152 173
318 137
5 51
38 123
154 297
104 13
147 164
169 237
118 199
4 179
9 281
318 171
22 140
179 325
226 170
167 33
343 42
170 250
93 110
28 247
63 132
163 112
199 332
251 219
89 158
53 98
269 18
69 5
175 68
110 303
78 106
315 9
255 280
43 73
61 201
18 52
14 318
52 10
247 321
228 177
70 59
232 257
62 213
18 33
124 274
313 167
249 263
312 212
119 330
304 316
45 108
326 78
137 300
155 271
41 35
251 165
211 219
39 202
328 158
187 150
193 48
23 141
156 218
19 137
90 237
65 47
330 272
76 196
146 311
214 186
246 258
250 342
48 157
134 150
40 67
51 106
17 99
344 93
60 67
233 130
167 37
43 319
34 252
150 172
272 198
231 84
2 268
234 289
335 187
297 104
259 314
106 258
63 304
306 123
26 96
253 96
70 69
106 220
143 33
321 277
19 225
343 24
196 160
338 302
320 56
163 183
81 92
280 237
91 160
287 197
283 332
264 151
307 112
211 208
136 63
23 130
88 86
182 72
309 21
236 302
83 80
182 234
241 125
256 204
238 122
237 150
343 321
124 176
340 88
99 134
45 182
116 3
191 190
321 87
193 111
256 64
256 196
172 280
332 168
220 178
62 313
55 242
270 151
8 181
215 50
82 174
272 212
51 99
147 38
26 28
251 66
34 203
6 337
100 178
61 246
238 117
141 165
330 95
265 34
133 89
9 62
20 200
161 271
169 93
141 203
297 49
97 52
63 45
207 124
291 100
143 335
266 128
85 88
163 218
177 172
182 99
272 98
92 68
204 291
19 203
1 308
194 208
210 133
32 131
163 117
238 299
302 75
300 232
74 228
232 68
198 338
261 218
197 161
21 198
308 263
160 173
298 192
207 117
310 328
282 303
92 156
23 324
126 221
318 42
341 170
106 18
270 133
37 135
51 197
210 5
24 257
17 338
229 99
133 223
280 78
150 237
196 75
112 323
230 33
290 8
181 307
248 312
309 37
191 122
209 179
233 307
196 170
237 185
147 122
279 164
107 17
28 11
329 337
295 77
16 45
28 227
272 248
268 66
88 71
170 25
27 278
289 303
191 273
253 214
186 281
96 66
155 281
235 207
35 163
110 205
229 100
276 222
308 4
247 238
196 30
22 48
262 259
137 38
95 274
245 32
237 224
12 169
173 251
344 312
289 21
262 17
276 214
342 159
125 36
100 122
311 0
154 305
184 270
118 286
148 193
107 93
133 51
68 117
133 246
331 32
316 63
136 282
63 193
242 321
240 329
149 260
172 297
108 266
119 117
51 240
175 249
214 337
330 278
156 327
113 207
144 285
108 181
271 25
205 196
36 256
338 322
98 168
314 343
178 32
84 237
261 99
99 60
40 161
342 140
38 281
86 74
94 79
299 94
248 330
48 119
230 240
321 311
273 307
203 91
61 204
152 3
64 31
155 4
214 241
79 211
305 126
147 52
249 123
18 79
85 123
170 49
328 224
148 8
287 131
118 156
274 99
34 230
140 328
106 174
25 94
143 183
322 97
8 213
8 176
230 49
65 66
152 57
138 79
151 91
177 196
176 155
196 167
35 324
239 162
15 253
95 147
204 160
213 12
268 262
320 75
222 113
154 28
106 234
44 323
182 289
9 336
128 248
153 45
59 151
192 165
213 61
177 136
225 55
211 102
70 268
157 160
16 103
40 270
133 222
214 143
115 342
46 170
289 7
321 136
173 92
99 252
228 325
329 280
14 77
79 277
82 119
202 215
243 71
315 307
86 259
298 44
199 285
279 63
282 264
183 161
94 165
35 85
0 142
258 86
304 129
174 107
338 231
65 141
335 248
302 73
238 255
250 274
225 242
219 138
231 80
169 282
239 343
291 106
175 241
154 169
127 219
310 20
24 169
93 340
221 332
163 49
105 43
291 226
83 79
307 252
153 308
204 265
54 233
41 266
253 313
91 2
308 214
236 17
242 54
344 259
130 329
138 257
98 193
220 209
32 133
117 73
302 25
41 295
164 165
268 308
121 236
310 22
151 342
337 47
304 90
240 82
201 319
310 233
10 82
108 250
59 328
105 229
121 158
151 174
155 157
221 147
106 82
139 2
164 341
321 130
131 331
200 222
162 207
2 267
8 201
41 164
261 164
213 22
247 8
271 313
251 150
0 37
38 115
33 239
239 181
43 261
225 134
2 120
281 290
186 99
110 301
211 295
227 117
100 130
57 139
245 90
280 41
98 216
252 25
145 242
102 233
341 212
189 20
316 255
287 132
124 294
131 297
45 229
70 56
81 317
134 128
263 210
5 10
231 33
66 104
191 43
77 133
176 92
288 9
155 333
105 275
123 240
306 337
234 336
170 202
148 74
52 324
68 275
83 259
186 140
268 96
132 28
27 158
170 333
150 302
114 157
341 251
148 68
122 286
39 92
216 123
6 57
263 156
285 186
252 72
71 283
146 186
339 146
15 4
95 2
163 217
212 61
325 120
20 146
178 207
234 333
279 253
169 67
98 241
252 244
329 249
191 225
229 48
110 47
167 300
263 34
47 317
125 228
225 197
197 323
93 6
125 324
204 12
79 335
38 130
46 92
313 211
126 272
51 209
65 0
228 61
289 328
287 284
334 67
165 49
38 24
62 19
15 24
110 300
56 156
294 25
22 75
320 22
259 105
331 203
88 273
45 325
340 210
29 280
235 91
201 152
18 311
9 74
122 205
1 46
182 201
268 24
22 145
293 281
42 241
207 87
297 152
286 89
244 142
108 54
259 240
80 97
121 20
251 246
197 15
235 320
127 308
179 273
92 116
32 331
151 291
43 224
137 66
244 187
38 103
143 289
251 242
304 141
217 326
231 247
290 65
175 298
289 170
69 321
156 122
9 115
65 48
182 211
235 122
217 281
66 123
80 25
167 200
7 300
102 297
20 179
152 309
4 123
188 160
1 157
30 313
205 114
180 342
236 299
180 302
116 237
91 23
299 243
235 304
21 325
21 169
326 270
238 186
274 266
136 254
84 21
302 200
160 306
320 251
329 177
136 319
101 59
144 341
329 125
267 223
214 209
198 300
123 80
37 208
101 339
300 188
316 187
20 22
117 43
70 230
325 186
94 178
208 167
30 123
286 344
183 258
88 203
182 299
261 81
19 281
26 327
38 97
283 111
150 209
149 172
11 81
197 55
302 162
298 292
20 38
246 184
119 167
22 146
145 167
227 330
180 227
312 331
338 18
60 252
99 257
297 166
240 251
16 162
289 262
248 310
85 270
13 137
330 158
206 114
46 41
342 13
274 237
279 334
13 199
77 253
7 93
318 198
258 221
65 343
37 34
139 243
284 146
101 214
285 35
105 85
315 7
341 231
108 320
41 17
316 14
215 229
129 38
14 166
72 56
64 221
241 250
269 342
21 210
279 29
197 250
36 95
38 46
63 288
94 278
74 232
115 203
270 32
24 244
88 335
143 194
229 66
95 60
315 33
335 44
220 331
224 295
218 340
55 45
27 327
289 17
317 214
248 17
84 25
198 81
86 70
326 96
246 77
15 301
24 289
283 313
77 149
48 161
76 148
145 162
219 260
306 102
320 152
173 233
158 90
190 182
282 30
52 47
61 168
231 265
258 31
329 132
291 192
136 205
229 111
192 87
105 252
80 197
336 264
40 176
341 298
75 124
163 304
138 176
77 232
165 84
42 147
183 33
226 280
90 212
308 35
113 186
203 223
315 191
182 45
218 0
251 258
145 244
123 15
122 251
118 160
51 308
51 268
148 304
107 195
285 53
231 310
68 255
24 237
178 322
142 56
167 87
78 184
321 341
170 26
202 277
123 307
257 63
16 143
54 49
5 325
188 183
303 192
329 2
248 151
237 303
276 115
299 3
141 157
230 284
111 276
175 201
114 35
49 98
181 290
60 89
17 201
148 200
121 170
48 253
109 189
311 115
87 328
52 136
81 89
336 135
19 74
80 252
88 141
342 145
306 20
217 256
175 229
2 146
116 209
256 197
200 149
234 122
29 213
111 273
318 10
321 181
278 193
340 108
324 342
156 244
38 188
208 121
247 310
172 39
87 50
9 19
165 22
292 138
222 212
266 217
223 245
116 281
144 57
125 78
56 335
13 278
229 185
317 219
137 228
238 302
250 87
342 184
258 219
338 79
69 140
106 125
70 77
230 289
172 91
179 224
163 339
98 19
6 114
84 322
156 93
230 48
234 202
125 22
146 324
44 220
199 151
150 264
145 150
284 220
46 37
179 52
53 263
258 33
54 143
81 190
247 109
212 295
88 159
170 60
212 39
191 12
189 130
135 138
69 314
92 123
134 122
333 48
57 289
93 41
134 341
150 249
63 19
102 50
220 140
235 313
165 271
337 153
319 49
344 315
90 133
311 142
284 159
178 287
299 26
158 192
64 42
275 135
177 100
27 110
150 248
62 149
295 26
246 36
7 137
109 292
60 286
47 80
93 335
127 155
307 127
334 159
196 84
118 174
216 126
213 195
2 197
144 67
49 139
317 142
129 99
199 237
321 255
29 74
176 19
209 178
191 262
185 47
258 235
186 230
279 315
42 134
296 143
53 303
2 294
8 153
308 86
74 173
166 193
291 12
12 34
59 270
171 245
155 105
117 288
78 190
107 7
12 319
77 320
60 53
50 227
246 342
141 161
31 103
86 202
250 144
87 104
331 67
74 314
238 168
261 217
143 223
271 194
7 74
235 26
228 59
23 339
329 12
98 218
80 295
311 154
264 24
96 60
192 259
277 238
334 145
180 82
196 317
196 238
232 198
232 233
71 312
23 4
309 120
64 59
34 244
297 74
4 286
122 86
270 220
59 280
128 255
173 342
97 166
195 169
35 280
11 58
285 320
80 251
34 17
52 331
338 57
174 115
238 104
34 21
262 109
319 17
17 169
7 99
259 292
75 242
259 153
245 252
112 321
270 157
164 12
86 328
179 343
270 98
69 14
52 76
328 151
81 95
127 6
154 105
20 157
203 44
65 37
37 260
251 336
239 267
205 66
339 165
316 225
319 99
133 31
263 110
72 230
147 16
277 29
176 171
198 283
237 14
156 134
82 333
19 161
223 270
287 141
35 15
26 85
31 50
172 210
79 250
283 179
189 78
212 276
104 225
231 186
115 286
205 134
102 83
307 291
224 244
329 240
104 156
7 184
309 291
265 153
271 16
55 138
194 159
265 328
247 36
269 107
170 273
190 34
279 83
25 263
225 129
322 134
80 38
341 253
54 298
46 151
250 305
12 9
86 291
339 13
111 121
256 260
276 336
298 174
245 7
60 239
62 194
57 312
56 80
290 289
248 97
98 261
219 241
252 130
58 183
23 11
13 170
265 42
19 326
282 328
296 134
322 143
325 74
100 181
160 250
56 320
185 114
61 208
34 293
116 300
283 253
197 136
42 76
52 281
106 212
88 287
28 157
342 331
132 182
3 193
169 229
225 188
310 144
277 273
181 39
326 317
328 324
206 116
63 111
211 11
325 171
200 191
215 132
21 298
73 311
283 108
281 46
160 201
276 302
125 57
284 7
200 101
65 55
293 182
89 216
182 163
271 303
195 266
83 126
224 110
117 313
159 219
70 224
176 265
308 266
136 99
262 8
244 91
213 215
293 319
241 82
269 22
94 9
87 114
322 246
27 165
214 335
129 156
47 97
318 47
240 116
31 164
138 126
173 225
240 53
28 228
2 55
293 283
27 285
159 58
343 290
289 282
245 165
231 141
281 263
44 36
202 186
336 133
188 267
112 38
205 139
225 267
99 224
212 334
27 59
126 60
315 62
39 269
116 144
2 22
251 115
61 13
156 188
182 256
147 341
11 321
171 137
101 262
221 43
1 119
21 6
5 177
195 89
335 164
41 40
63 299
16 136
91 300
179 95
218 303
138 307
197 227
7 291
9 50
235 0
287 179
315 224
319 34
10 14
341 109
241 157
59 119
338 200
49 291
0 306
243 235
306 14
69 150
194 300
108 164
81 269
317 201
260 222
27 253
77 323
284 344
215 147
261 284
141 308
176 223
134 295
181 93
325 153
126 87
335 55
340 67
280 344
171 161
104 26
173 148
236 252
26 25
202 109
20 182
164 217
303 336
78 221
288 320
191 125
319 140
149 220
165 25
152 186
207 218
305 67
209 191
300 287
315 145
263 161
301 75
261 262
298 200
214 344
244 135
42 65
160 96
206 96
23 176
242 188
239 168
328 196
15 99
1 244
145 103
252 89
87 223
141 303
140 282
39 1
33 63
80 275
251 319
0 234
72 146
36 87
245 37
233 5
271 178
181 13
303 224
317 98
161 11
2 96
27 228
303 27
75 55
20 222
340 156
228 52
338 336
16 265
72 99
278 277
323 152
164 280
138 140
264 165
270 222
94 290
155 170
247 78
294 144
196 129
71 115
49 45
214 328
234 201
244 109
94 169
16 44
163 264
122 112
310 258
290 162
43 263
308 146
241 262
196 33
20 41
89 40
148 105
84 311
271 109
269 270
301 214
188 233
339 80
113 273
133 75
192 186
132 183
191 213
148 19
224 227
256 50
54 114
167 145
249 278
198 186
6 222
63 46
284 192
228 32
60 32
51 186
161 210
236 215
15 229
238 116
317 162
210 140
240 52
323 246
274 236
1 239
184 187
86 68
219 48
38 28
280 17
333 198
246 227
314 218
44 81
260 284
32 88
106 118
186 299
127 32
155 165
183 198
191 331
80 62
107 26
143 269
212 179
163 299
45 97
289 151
215 24
246 304
324 142
296 106
76 107
174 39
237 193
245 219
255 254
147 300
179 14
134 244
243 61
233 113
333 134
319 312
178 271
280 149
98 35
310 335
130 113
111 40
340 103
174 32
2 291
114 245
261 242
39 235
111 119
276 343
40 29
266 65
119 32
245 268
282 149
297 273
300 213
72 339
5 184
114 69
75 45
314 115
322 250
121 243
315 240
178 323
284 272
142 73
302 215
68 308
301 84
279 31
31 248
146 8
153 170
65 332
161 134
201 130
129 319
43 17
42 246
277 35
224 326
290 280
151 99
306 118
333 114
272 150
248 264
64 6
22 274
250 312
268 48
134 49
276 327
231 82
81 94
103 70
208 30
220 111
196 284
19 148
35 246
221 304
78 126
271 272
73 42
273 243
338 63
254 28
273 259
98 39
289 220
150 140
190 97
318 66
56 51
94 229
225 167
174 154
312 167
119 260
338 66
341 247
94 171
161 95
210 7
217 263
50 279
278 210
262 303
23 44
28 197
19 219
157 259
285 55
162 282
129 225
233 151
333 51
80 168
262 191
125 80
322 201
115 288
60 61
20 195
133 102
231 213
271 50
307 331
131 14
94 153
39 318
9 42
257 26
330 252
30 168
173 50
18 287
132 53
45 265
168 316
315 130
204 3
144 175
161 140
328 103
114 239
47 273
167 279
180 177
163 265
63 295
220 10
117 44
228 87
337 123
164 56
263 49
190 108
208 260
92 335
156 340
162 323
207 174
132 4
225 193
283 317
203 48
232 147
92 325
137 150
222 150
27 39
294 308
173 248
206 258
176 240
88 103
276 291
53 163
340 47
45 132
198 267
184 127
209 215
229 188
136 80
178 319
42 257
215 207
215 205
212 146
54 265
212 49
313 159
84 68
329 170
40 80
283 177
62 239
9 175
23 90
52 313
29 42
168 330
209 35
282 79
194 21
147 80
273 134
325 114
213 42
8 124
218 279
214 270
247 118
94 77
238 25
11 132
216 14
175 309
259 5
0 239
119 213
240 57
309 109
229 211
228 225
190 23
250 113
84 163
13 112
78 131
96 41
161 96
183 280
212 22
212 107
79 176
118 210
289 248
149 257
61 50
241 321
64 222
32 204
37 95
202 220
31 316
325 223
88 168
2 80
205 176
322 256
88 38
262 273
109 25
237 235
180 170
207 324
315 187
104 194
188 192
272 223
36 12
173 8
281 96
52 67
16 67
119 233
156 223
83 247
318 3
299 164
178 47
56 237
236 287
133 69
87 51
38 206
285 195
97 58
175 339
205 303
258 160
24 338
109 89
318 67
228 307
307 119
314 285
143 57
263 178
279 250
5 278
308 180
272 71
40 87
133 65
80 144
56 54
211 284
263 76
306 69
150 275
9 293
234 1
32 153
305 87
242 210
62 277
177 45
76 233
265 35
311 343
19 200
255 327
265 216
69 66
289 141
42 186
20 183
51 96
71 52
285 145
218 206
83 109
9 197
151 309
139 71
39 26
252 81
114 258
335 134
343 41
341 319
18 116
82 101
225 261
150 234
46 166
70 186
297 277
260 96
266 152
132 264
96 166
10 336
41 62
223 140
15 115
294 176
174 241
264 306
160 15
127 297
9 170
47 54
97 82
198 139
25 173
251 199
69 73
161 131
330 0
15 340
22 212
261 133
105 147
273 55
202 341
227 299
212 172
27 324
93 90
12 331
233 198
240 255
65 58
290 171
206 218
128 310
116 10
264 97
83 313
276 295
315 70
164 311
77 87
277 91
236 40
5 328
276 171
80 14
155 263
148 217
342 2
214 321
195 235
32 29
326 170
189 322
175 22
168 1
183 86
303 182
235 172
60 226
41 255
116 73
186 97
243 158
12 187
180 49
280 250
297 211
172 136
343 162
329 58
43 26
215 62
1 57
117 253
38 155
276 297
244 13
263 201
292 91
239 244
252 165
56 251
327 288
211 273
216 82
335 217
41 51
266 158
216 138
151 63
99 69
166 46
193 217
127 249
123 12
192 236
285 310
183 14
228 6
213 193
228 28
210 281
338 211
253 159
258 217
23 8
89 52
159 114
6 251
219 226
83 304
241 214
311 218
313 90
109 178
273 102
45 83
163 205
301 88
213 292
141 27
62 205
183 315
14 58
196 344
17 339
213 328
165 174
163 340
179 110
79 244
333 85
14 291
236 198
163 152
152 175
159 273
95 126
10 162
300 173
283 237
281 155
142 156
300 157
5 93
257 168
246 70
245 146
73 306
74 71
87 331
233 43
160 46
79 0
185 262
58 14
88 200
171 43
259 78
137 171
148 285
241 136
338 142
282 313
103 258
39 191
244 175
323 25
122 51
31 10
218 288
256 56
149 214
275 285
176 53
305 40
264 242
307 145
267 331
248 134
212 100
141 85
142 202
150 112
302 300
326 232
142 59
187 102
99 107
246 308
295 5
9 249
117 52
146 131
265 297
145 222
252 127
11 296
305 202
53 114
273 3
22 42
224 59
309 176
239 87
234 61
286 34
185 95
47 152
50 3
242 257
201 296
78 80
10 39
215 221
215 58
77 12
48 213
247 259
12 132
37 164
16 151
180 217
102 160
297 14
236 317
231 274
166 232
120 251
100 35
285 22
344 322
88 123
121 105
274 204
322 278
266 177
195 23
0 333
242 128
105 128
305 188
322 12
279 325
47 121
2 46
0 91
98 1
129 75
252 32
321 154
185 27
117 335
75 94
2 256
32 324
343 279
302 70
47 155
234 98
38 137
145 57
29 122
54 32
33 30
328 312
246 228
298 204
193 150
82 135
151 265
85 287
19 26
79 66
83 108
189 137
42 124
168 273
92 79
58 338
210 12
186 292
329 124
342 135
45 330
324 311
279 341
134 13
150 204
188 242
185 247
235 50
259 237
116 100
270 71
271 166
48 205
64 117
33 36
304 221
180 145
25 70
195 284
209 213
286 296
4 114
284 130
224 341
64 169
159 128
328 188
0 163
136 86
212 0
201 55
198 107
169 122
253 275
106 317
99 266
101 288
213 330
164 99
75 164
92 300
299 304
203 57
14 303
165 86
96 236
246 252
68 7
224 168
175 227
114 177
45 190
58 336
295 270
69 211
228 234
297 309
328 296
102 131
203 73
40 329
212 254
64 326
333 109
73 232
318 131
125 40
143 322
310 115
251 43
307 136
241 65
267 99
138 210
179 80
215 278
286 242
221 85
220 88
102 311
184 8
256 147
114 314
81 238
338 84
13 75
66 318
230 281
81 30
158 203
71 205
171 327
7 218
137 79
154 319
26 39
158 180
112 239
112 271
344 231
132 90
23 320
35 102
48 22
271 185
3 81
238 59
55 167
249 113
256 17
39 255
325 143
42 280
45 174
25 315
51 307
231 245
187 235
326 327
294 36
318 251
168 224
38 213
54 310
272 157
57 196
178 147
321 230
344 30
243 159
117 21
184 53
277 65
220 233
143 107
117 152
250 119
114 330
266 90
215 266
23 303
287 203
205 313
210 39
33 332
273 213
292 318
320 311
125 143
42 277
262 156
262 85
6 270
93 13
193 35
216 53
250 329
142 29
199 89
233 19
54 83
209 294
124 204
209 219
141 328
174 47
312 168
155 135
316 190
58 143
178 210
244 134
195 10
84 221
215 293
95 11
178 269
58 47
93 291
135 86
135 290
221 8
151 206
166 76
300 312
322 197
27 192
294 164
13 63
30 148
256 153
335 210
155 233
211 255
60 167
176 334
15 126
112 121
285 182
5 298
148 282
4 59
90 161
117 228
287 329
308 101
90 119
168 104
240 77
67 82
36 309
256 287
270 249
231 278
342 251
64 187
235 104
319 100
205 78
44 296
302 92
77 8
344 15
219 158
302 145
325 293
142 224
199 206
311 288
339 171
21 38
24 121
251 327
115 344
7 192
7 253
207 129
66 164
176 128
126 156
282 80
32 251
319 343
96 313
72 117
6 343
140 159
325 256
159 234
103 68
32 275
142 61
333 23
165 175
292 237
194 201
235 335
15 118
254 251
47 299
119 146
66 152
324 110
133 100
140 138
266 121
118 86
296 65
225 48
266 116
38 184
162 45
339 209
258 313
78 283
204 211
38 247
4 206
23 24
293 222
90 173
270 258
191 210
344 229
298 162
275 194
145 33
316 283
336 256
87 242
43 61
172 137
271 74
21 126
321 164
300 340
269 193
154 11
91 174
24 260
174 87
222 248
33 181
241 286
258 265
25 116
261 295
306 302
244 232
119 288
48 293
277 270
197 59
290 259
305 225
166 158
24 93
0 156
139 119
1 187
112 69
240 88
145 251
240 337
67 103
207 285
223 231
281 54
74 324
231 96
45 26
118 293
115 88
218 204
177 15
197 245
118 218
212 227
61 90
16 342
46 90
321 142
239 23
136 259
219 251
249 3
36 308
275 156
140 219
75 201
211 338
83 76
55 61
186 196
332 322
12 206
131 261
224 41
149 202
296 257
180 273
266 213
206 4
289 163
261 202
10 273
189 76
15 315
20 143
263 71
247 133
129 198
127 307
160 48
175 268
300 22
333 170
55 249
27 312
79 239
258 170
318 305
341 93
320 288
304 4
251 21
300 328
5 277
327 307
150 188
332 22
18 29
335 223
218 335
340 82
101 295
107 318
247 113
126 52
203 16
292 236
114 184
72 235
119 249
315 114
331 72
311 299
20 320
273 245
311 111
69 82
156 46
205 103
282 319
103 262
92 124
68 62
239 55
330 86
204 296
197 315
314 323
60 19
141 215
271 103
182 67
60 218
76 316
177 61
305 36
6 229
136 117
38 254
266 310
111 117
227 284
6 182
86 82
46 15
201 306
133 152
246 215
162 12
198 11
257 204
95 343
188 151
68 20
97 143
158 161
106 272
329 276
306 19
136 50
341 221
80 35
153 171
307 156
300 272
336 10
287 320
189 249
127 37
58 123
33 86
314 121
277 201
238 134
150 21
55 92
243 244
243 139
321 159
172 103
98 230
128 258
56 163
284 109
212 97
253 144
68 198
97 198
8 321
259 180
312 110
261 221
255 201
232 114
222 1
146 9
338 116
207 293
329 206
146 337
84 61
74 66
320 42
78 246
140 151
131 56
28 41
159 162
57 36
164 170
69 212
179 62
328 288
10 214
202 342
225 280
145 20
334 178
77 264
175 147
306 244
16 81
276 125
308 322
111 50
176 188
314 297
327 51
131 59
100 135
303 17
122 264
261 53
137 179
36 315
304 156
133 120
14 194
245 196
216 116
148 100
159 170
316 117
283 5
185 86
292 144
242 118
28 258
207 273
109 325
45 258
80 114
284 313
11 126
309 294
34 13
271 219
99 120
238 333
175 132
292 178
34 304
158 326
96 213
311 47
308 69
121 62
190 139
29 38
117 1
81 277
24 240
258 143
258 317
96 342
17 62
291 161
309 254
126 82
120 178
157 18
145 238
35 12
214 318
269 30
290 267
274 209
272 195
32 158
182 153
235 196
277 178
177 324
319 29
51 256
289 167
197 76
135 126
188 21
249 115
175 300
89 213
165 226
311 187
267 316
55 191
343 284
306 196
263 343
25 39
339 302
316 62
85 282
97 208
315 246
39 25
93 37
211 301
300 262
286 221
163 161
118 288
330 210
99 82
320 316
243 225
299 11
182 336
290 39
155 231
162 103
100 325
264 72
40 284
15 161
45 143
89 30
255 90
308 245
147 108
125 3
119 209
340 311
248 52
155 200
46 321
261 190
52 306
235 43
279 343
106 83
85 127
296 112
315 126
317 55
95 207
0 236
46 189
33 4
271 41
334 258
168 183
281 78
162 2
72 114
17 43
240 20
176 212
322 271
12 13
77 45
86 253
91 305
277 13
216 232
61 290
72 27
178 84
40 255
31 57
160 19
212 323
78 304
185 301
136 125
40 300
167 343
154 285
133 122
221 246
95 262
221 218
48 89
295 283
329 86
303 6
66 137
263 102
112 12
36 109
176 94
138 299
312 186
43 65
214 240
250 198
228 215
123 314
312 128
109 280
167 274
162 299
100 63
289 46
30 60
188 280
258 72
151 143
161 176
112 30
206 221
311 29
53 152
234 215
316 72
175 254
229 22
202 259
82 46
97 341
20 150
41 83
326 153
113 188
134 8
102 142
212 73
214 21
275 24
67 35
186 149
328 283
47 250
333 316
83 278
286 310
261 55
76 81
176 254
7 145
196 174
33 244
79 23
234 67
340 280
159 55
335 22
174 276
333 91
222 310
9 300
121 264
2 65
141 48
344 220
189 215
71 260
272 132
217 164
154 47
342 142
138 231
318 262
197 229
119 318
148 121
286 163
113 319
205 86
302 83
113 131
215 331
295 271
316 73
179 289
335 278
75 109
153 224
289 106
79 57
327 186
143 339
137 2
324 153
35 96
139 330
23 74
49 14
185 39
194 260
97 330
166 335
316 205
239 296
13 275
294 54
260 219
30 95
115 79
20 205
208 61
154 207
285 140
130 293
213 25
146 227
300 96
183 117
115 333
293 126
190 314
234 112
286 97
76 343
245 48
56 198
223 121
53 80
119 237
197 336
106 312
270 230
229 162
112 90
136 194
257 110
20 37
133 74
117 252
86 27
177 82
1 103
119 98
152 231
188 144
243 228
301 281
293 344
250 82
73 269
162 128
65 340
210 313
303 119
79 13
5 169
157 150
52 15
333 31
31 282
265 6
108 157
293 248
194 110
279 161
7 46
32 7
28 335
126 9
250 33
179 309
324 73
165 11
257 98
293 79
104 56
51 319
89 83
327 117
127 226
291 208
191 31
341 72
7 63
84 264
161 279
238 39
122 2
45 227
64 134
311 293
252 189
303 281
183 140
138 190
106 124
11 169
337 198
102 126
106 147
282 222
20 91
66 226
32 171
6 215
213 46
170 318
144 32
230 38
302 333
209 64
38 218
38 320
95 306
66 63
187 93
3 121
166 256
239 34
302 201
256 127
242 293
183 6
166 221
126 204
98 123
165 66
186 254
159 92
31 227
164 306
126 75
335 203
263 176
216 99
209 343
304 308
183 91
204 214
41 39
16 308
273 295
262 93
56 307
62 17
173 268
227 196
196 257
61 34
150 125
30 93
165 2
163 83
212 338
333 310
295 292
272 103
122 236
120 295
61 3
146 258
194 314
277 0
94 209
147 326
53 181
111 42
236 222
16 187
125 301
236 121
165 231
185 279
292 332
261 0
70 27
289 118
336 180
340 57
193 258
146 58
336 140
317 130
296 340
119 76
198 10
100 19
200 91
338 244
46 283
264 284
20 161
341 116
76 313
291 120
115 46
32 215
186 163
3 198
171 23
41 337
115 118
207 300
68 207
339 261
308 164
227 275
242 187
0 67
320 187
132 255
321 135
10 50
60 174
166 137
122 275
339 92
40 334
9 269
1 219
88 228
51 233
202 293
141 334
124 17
69 184
192 91
188 260
228 310
58 231
57 115
90 48
245 43
281 218
68 138
127 75
60 153
239 284
221 83
102 6
48 195
131 8
81 147
164 216
88 312
185 257
298 93
230 13
246 322
44 141
257 211
139 323
330 130
56 32
59 23
187 259
116 72
297 219
308 116
288 89
284 19
165 302
129 152
129 212
53 88
244 14
111 87
274 227
224 12
31 70
89 71
76 120
125 34
281 330
101 65
99 56
71 166
234 247
49 296
252 0
211 34
260 243
104 263
17 193
236 94
314 264
30 279
212 311
279 265
166 343
156 302
107 22
336 22
167 95
188 184
190 326
278 61
245 309
341 15
231 111
330 60
3 53
306 159
10 108
65 275
188 56
200 10
271 30
305 74
336 73
21 124
87 253
184 90
151 316
156 319
39 221
151 227
278 253
139 331
198 334
230 27
266 191
3 162
49 339
137 317
118 224
216 186
5 22
60 161
341 99
37 50
229 217
204 157
86 180
182 89
342 134
83 135
8 103
261 136
307 133
224 312
155 284
30 54
286 68
104 170
187 309
193 46
23 108
190 122
158 183
188 141
176 182
20 234
288 212
21 294
258 132
157 282
142 195
293 333
219 49
134 303
1 60
31 178
67 168
4 257
35 25
136 268
107 293
205 249
237 264
297 239
175 152
217 177
257 259
202 226
134 246
339 270
169 3
120 277
235 294
265 37
234 342
91 9
76 206
120 263
214 104
26 161
333 129
271 108
308 81
273 198
31 259
95 198
198 231
53 302
81 247
188 108
310 148
31 298
277 302
61 240
286 236
340 317
151 90
72 4
321 169
196 119
343 151
76 63
226 198
342 308
71 313
235 4
169 69
306 230
211 247
24 206
121 175
198 193
81 175
265 180
331 272
326 115
27 225
325 277
313 298
302 317
104 41
166 128
150 189
205 3
38 189
80 303
24 276
27 133
305 213
110 262
87 187
181 192
130 249
222 280
93 83
186 33
174 266
238 198
91 307
312 8
174 324
270 262
166 8
159 233
134 155
218 320
188 47
241 329
147 94
53 323
298 46
105 154
106 280
99 201
245 287
257 119
262 2
68 60
233 216
16 82
82 164
13 91
1 147
25 100
3 214
112 58
218 12
247 32
127 170
209 4
47 225
333 105
171 98
147 335
107 286
111 325
201 260
327 295
120 309
46 231
215 340
112 203
2 196
176 174
248 343
132 78
298 239
266 64
219 122
324 134
12 208
331 3
317 9
215 265
260 254
8 120
339 204
222 58
287 144
266 250
100 278
114 334
282 333
254 140
237 169
50 83
203 230
164 22
70 5
229 260
226 318
61 326
251 77
315 90
65 215
144 319
46 61
22 282
119 128
150 198
110 122
105 241
37 157
32 15
147 283
339 117
281 246
307 186
166 328
216 236
168 21
143 97
77 83
156 129
1 188
46 148
28 40
1 58
184 282
68 266
188 235
151 59
28 319
327 20
117 232
111 175
263 14
18 309
4 233
253 5
190 152
94 258
50 126
146 326
157 20
291 170
184 115
161 79
39 316
63 177
337 14
245 290
42 46
173 45
175 174
104 234
96 51
306 193
260 146
308 336
297 26
343 304
224 308
38 166
23 31
82 268
170 47
127 274
184 125
227 145
318 45
36 146
111 8
40 109
215 166
73 253
234 343
97 139
88 46
0 174
222 293
175 70
118 243
23 60
129 229
147 18
228 333
60 181
168 308
258 241
93 135
107 223
283 128
23 306
200 317
64 2
336 292
237 228
246 94
120 339
314 180
176 39
45 336
263 274
208 107
326 174
214 219
23 106
103 270
201 223
305 342
46 16
321 257
152 227
60 70
156 170
79 168
342 4
182 20
111 187
192 214
65 112
188 273
181 0
149 227
16 125
139 70
7 102
272 122
234 63
314 170
12 248
15 286
240 89
218 290
72 260
15 327
17 58
48 289
83 184
254 70
317 224
240 27
206 253
275 305
233 192
34 147
336 154
339 63
69 10
45 333
315 340
179 89
124 53
215 19
284 62
106 185
276 122
98 271
186 167
183 133
58 153
129 238
109 210
264 100
79 329
293 168
105 301
297 237
244 131
14 342
67 142
236 27
197 20
265 306
298 230
235 16
150 183
72 162
265 154
173 156
181 25
78 3
262 206
236 117
92 126
133 242
55 155
63 203
21 86
166 188
344 324
229 57
43 106
126 140
210 259
100 133
219 204
211 16
242 171
130 34
313 75
42 16
58 122
330 343
101 268
240 235
270 340
23 308
19 144
243 89
236 29
123 16
236 182
138 221
180 141
47 322
32 219
219 55
182 140
273 165
78 173
27 223
262 166
252 288
26 12
11 149
275 247
233 316
26 315
112 73
292 69
102 31
209 204
284 39
271 264
212 298
320 47
99 239
135 332
210 63
303 225
136 152
24 330
264 333
232 203
24 142
174 35
37 84
318 238
118 274
233 143
162 11
171 328
344 306
186 274
119 112
318 133
71 299
198 56
42 311
211 262
205 4
181 231
242 195
228 144
58 69
320 177
83 293
213 263
342 186
119 97
136 186
271 2
103 131
7 101
12 188
234 35
88 132
132 218
178 190
250 138
190 149
226 310
246 123
270 37
286 67
71 242
38 305
179 28
246 74
129 329
17 34
24 110
183 250
75 331
270 239
209 132
62 182
29 101
142 111
31 39
325 180
113 39
271 190
179 197
300 265
251 280
77 179
291 188
11 69
108 236
125 222
22 6
142 201
203 97
121 208
276 275
144 110
192 300
311 61
210 238
206 222
307 118
69 71
256 194
195 336
146 217
320 201
288 97
232 283
238 101
289 103
339 151
227 204
171 198
275 329
47 27
321 194
244 318
40 219
218 43
153 240
85 191
221 225
194 166
231 189
219 113
312 225
276 261
12 53
174 302
283 295
0 43
344 56
185 332
149 62
212 343
89 4
114 39
296 328
166 129
244 320
28 165
24 149
302 272
95 301
230 280
288 34
156 24
280 172
155 230
263 302
143 293
34 100
220 31
56 7
311 247
288 211
305 223
142 18
191 310
97 31
135 223
243 157
108 41
141 130
75 99
138 288
248 81
154 208
304 199
227 206
179 73
74 292
223 171
226 331
209 176
76 219
217 84
214 142
15 7
86 263
336 142
341 256
59 175
231 133
123 11
206 251
267 207
218 343
328 91
6 101
193 268
10 279
77 118
276 258
293 274
75 154
180 73
196 4
182 70
250 67
118 316
240 1
251 103
299 182
16 105
148 309
281 125
21 116
198 217
120 282
189 25
224 152
239 21
242 327
229 292
193 165
72 214
183 173
334 304
231 17
86 48
103 184
233 158
129 42
20 53
177 344
215 309
291 310
31 265
93 169
323 106
249 209
25 237
160 315
57 239
183 246
141 285
186 251
185 34
216 118
235 295
56 274
166 42
52 173
314 283
100 153
86 241
323 320
198 115
271 223
231 327
152 113
64 220
155 19
277 265
320 289
274 217
66 293
153 75
340 131
297 193
148 125
318 281
108 27
296 74
150 8
267 228
17 140
235 42
326 223
62 38
229 13
22 10
134 294
87 304
79 197
103 153
294 124
94 184
68 44
317 143
22 223
154 331
344 178
319 268
91 11
315 199
30 73
8 168
194 204
234 262
61 331
117 330
209 174
316 274
114 218
43 199
100 163
18 310
133 141
132 327
331 77
245 123
340 307
109 14
188 166
149 303
39 257
13 147
148 293
119 166
160 66
341 293
177 194
107 325
317 4
189 81
19 38
301 207
204 106
265 114
228 279
163 31
4 95
139 114
125 218
308 134
198 281
139 42
267 187
229 88
333 149
202 216
205 150
207 111
245 1
225 272
122 91
308 222
274 102
167 193
162 150
337 200
5 81
4 149
254 210
299 116
20 6
275 142
97 239
243 186
121 308
238 93
295 231
293 272
191 13
165 100
118 250
25 138
256 301
182 255
97 104
183 340
290 305
303 86
300 155
317 248
82 332
202 338
250 295
6 71
340 70
111 97
223 293
254 320
52 340
202 176
331 157
332 205
94 164
114 315
318 313
250 313
286 189
235 52
188 114
0 97
89 300
200 294
41 88
106 28
293 69
233 211
83 262
218 334
132 61
113 268
39 16
20 30
316 15
338 73
161 318
53 177
76 245
64 203
166 131
122 280
54 63
198 321
93 71
22 305
78 331
99 271
101 175
171 86
237 236
335 12
321 112
194 277
77 47
254 170
118 147
159 262
252 181
124 232
70 95
246 95
344 41
104 110
237 299
42 314
1 198
140 22
248 299
284 155
135 311
290 107
276 232
261 80
328 162
121 216
266 234
64 344
238 312
293 315
0 256
71 178
144 333
258 29
150 281
147 307
225 140
309 192
61 339
87 86
303 133
193 277
312 239
167 127
64 318
320 300
250 103
95 215
32 309
0 166
246 205
137 168
296 159
34 15
75 198
256 325
301 254
67 78
174 100
83 312
269 319
271 220
23 15
273 0
340 325
225 288
201 292
21 42
261 167
30 91
267 15
305 191
334 133
313 272
141 7
244 66
66 138
160 293
210 156
273 337
99 130
74 103
22 56
205 11
185 233
83 84
201 105
158 267
145 319
215 257
32 46
78 92
55 152
195 146
159 82
250 266
341 342
342 181
132 80
266 333
87 326
157 135
300 28
294 234
321 101
267 54
193 224
108 291
140 87
251 292
255 247
192 154
330 324
136 251
135 27
261 90
302 112
227 278
214 149
234 62
29 342
255 301
290 221
25 92
257 10
164 188
175 299
216 338
291 173
107 319
225 341
284 254
241 96
49 58
87 196
122 261
7 199
94 89
51 200
164 60
76 44
304 262
261 313
66 310
161 89
167 6
169 89
133 176
190 275
301 285
266 8
42 86
68 118
130 27
129 199
201 97
66 129
120 221
37 184
166 206
33 241
306 202
288 122
51 306
62 162
180 128
291 235
159 313
111 196
305 230
35 245
173 97
117 116
219 141
338 270
8 314
19 189
97 213
326 257
10 236
272 315
122 209
117 28
82 63
143 255
160 162
273 281
205 267
124 117
179 143
208 178
11 189
337 193
220 108
222 338
39 304
56 182
215 118
246 45
54 107
214 162
133 148
135 28
243 319
278 230
331 153
338 208
48 32
70 104
116 187
124 265
232 178
27 102
243 246
95 326
201 134
185 63
166 83
284 1
313 173
283 105
112 260
195 236
180 330
317 109
257 331
98 15
291 276
321 260
104 33
41 169
298 153
331 51
44 68
36 263
177 272
35 89
258 134
104 281
144 152
135 91
84 13
253 188
294 279
138 89
307 76
131 163
79 138
139 33
3 47
124 297
228 257
189 234
246 234
128 286
226 90
264 136
132 169
81 264
235 63
205 159
149 80
90 54
29 214
254 258
28 98
49 177
118 116
169 285
109 235
123 246
200 82
241 326
19 292
308 109
1 337
152 253
256 201
332 244
280 8
262 105
293 169
62 304
267 246
124 65
227 143
259 190
154 260
85 34
73 237
130 29
216 98
242 79
283 103
241 107
74 36
313 333
128 123
59 224
106 151
208 102
231 338
33 318
40 70
256 158
70 153
237 256
18 64
100 174
230 229
260 7
65 25
11 198
265 45
172 207
17 330
20 87
138 160
196 264
262 57
161 265
231 46
83 50
58 312
271 69
16 240
301 280
38 170
216 136
89 35
95 250
300 327
315 282
57 217
182 115
184 10
86 252
104 5
147 60
285 274
262 27
3 13
278 303
242 132
310 212
69 22
39 170
164 27
78 170
32 127
230 318
57 70
183 153
196 121
121 114
149 124
29 329
82 271
116 47
316 124
142 257
196 306
285 176
206 263
236 278
54 94
103 203
218 132
187 301
250 98
292 124
124 90
298 223
54 332
98 260
152 290
223 54
33 180
148 38
38 269
86 32
58 158
273 342
36 128
115 220
253 268
192 148
28 242
187 67
166 260
195 293
293 183
228 327
119 286
43 294
185 326
78 61
319 95
183 130
265 251
21 134
100 115
184 128
12 26
97 179
33 257
101 64
293 329
249 267
79 88
36 341
125 5
184 239
278 7
28 202
159 129
168 65
70 116
49 320
310 338
278 304
216 314
338 230
213 44
335 196
321 52
117 297
174 202
100 41
98 33
249 106
79 242
336 195
149 226
0 319
273 101
24 46
115 130
45 117
172 143
261 54
83 340
198 74
58 197
163 173
230 110
192 304
155 342
281 71
298 19
314 54
93 61
96 69
107 20
30 28
93 212
70 45
322 311
268 36
111 198
203 93
112 295
258 209
176 268
131 206
73 268
330 249
302 331
240 216
109 221
275 123
73 290
230 234
56 62
157 90
170 10
118 146
180 192
99 316
76 322
141 33
308 154
50 106
25 159
283 303
94 105
97 303
163 216
310 105
216 302
342 194
182 40
130 47
241 38
323 81
243 27
152 337
35 186
144 210
250 150
255 228
322 154
192 262
68 335
300 46
74 126
312 237
164 114
315 322
77 181
183 145
172 40
191 146
238 167
272 232
178 141
124 224
155 30
144 294
199 43
144 232
268 301
320 95
94 60
240 168
216 240
127 334
186 153
213 342
183 192
273 286
305 196
144 323
320 104
82 215
174 183
204 45
90 108
163 22
274 2
214 148
231 11
221 159
199 83
257 344
21 284
27 5
155 202
188 261
247 169
178 240
179 84
172 342
106 3
151 133
234 274
194 89
259 107
30 11
65 57
161 107
38 64
178 216
206 12
300 33
9 309
283 9
285 336
44 174
165 81
0 155
68 272
94 87
284 160
124 98
204 311
89 248
44 208
240 291
266 4
224 334
276 116
74 325
169 70
316 281
132 16
132 238
327 124
142 272
282 186
38 79
83 258
293 14
276 270
241 3
94 338
39 65
99 308
45 134
202 274
258 246
202 97
334 240
199 162
79 115
72 222
88 212
308 127
180 41
252 103
315 11
33 130
257 137
130 148
26 257
127 220
2 245
81 285
164 52
296 99
236 214
258 268
78 332
303 7
146 141
261 76
125 327
268 190
319 271
90 254
234 171
125 48
55 112
61 291
326 221
110 75
216 257
333 318
83 15
300 6
271 183
24 298
133 79
65 194
25 294
71 142
256 181
120 29
93 238
63 329
114 146
246 69
153 107
206 234
56 132
333 205
61 53
2 275
131 160
91 107
338 160
132 11
246 110
169 204
144 143
186 132
250 247
88 207
39 21
153 151
174 244
160 123
73 198
210 225
80 9
23 266
44 176
229 277
79 193
84 282
248 269
144 171
47 162
179 128
172 104
296 216
280 22
3 221
328 127
201 212
307 234
82 159
225 232
84 323
84 130
51 37
330 98
199 66
128 273
171 80
144 8
102 49
229 332
101 41
221 177
329 205
336 209
92 322
89 79
107 140
116 93
141 217
61 269
146 232
251 192
241 8
242 27
340 321
15 344
264 138
176 248
344 167
14 338
146 90
149 189
308 211
203 241
269 173
172 242
324 250
73 309
219 120
315 193
274 18
284 79
208 247
290 224
89 324
55 344
101 227
144 327
133 93
208 108
304 329
228 274
177 59
195 116
40 58
265 330
184 80
84 267
21 87
51 67
316 86
63 179
163 324
199 243
39 49
14 79
9 182
312 193
262 47
80 263
216 194
285 202
289 168
276 162
342 6
264 62
232 118
69 222
155 78
173 223
71 155
44 189
5 329
293 121
95 139
301 3
256 89
263 143
109 125
219 80
60 308
53 233
187 26
117 296
117 65
319 115
204 166
71 214
16 327
206 279
27 217
59 148
200 309
177 260
149 177
242 169
284 101
237 230
164 308
192 207
114 122
327 75
270 182
286 5
97 116
132 198
277 242
255 175
67 96
178 304
170 327
190 193
41 172
269 312
9 210
317 8
59 16
102 44
121 220
10 299
171 312
127 212
41 298
163 300
214 267
310 325
271 83
205 238
131 103
95 6
36 168
221 163
283 262
116 19
215 182
229 91
98 96
318 275
65 245
261 293
88 98
63 121
201 61
229 250
56 167
89 38
257 311
116 43
304 116
139 277
46 106
177 307
301 27
84 44
165 327
213 170
253 302
170 226
110 129
342 249
62 290
155 213
159 196
80 105
249 325
184 19
224 162
62 49
43 173
81 287
134 237
105 159
85 265
257 178
185 124
96 336
104 280
10 58
186 165
68 267
9 47
312 144
284 302
310 28
254 13
20 94
85 144
201 95
203 33
330 325
146 341
201 328
166 290
275 283
21 142
311 275
156 234
24 196
154 109
204 2
291 91
328 219
118 159
88 162
270 290
277 256
120 145
186 178
319 174
176 196
172 159
318 336
190 91
53 279
155 323
317 16
50 15
225 117
77 101
291 328
83 122
81 255
149 29
329 89
307 302
196 237
243 323
79 300
107 65
324 189
222 261
243 273
193 291
32 58
50 17
50 12
319 57
239 10
339 90
247 139
69 158
15 26
115 340
215 338
256 15
266 6
208 201
65 259
120 115
271 94
74 230
176 313
241 72
306 45
211 277
204 130
214 273
288 63
166 1
18 337
35 93
125 114
308 21
186 171
103 74
196 143
235 312
340 261
315 262
203 199
276 141
194 56
255 59
324 343
231 292
200 236
22 187
330 114
185 303
122 242
262 92
159 97
198 307
60 294
216 142
280 115
259 160
333 146
7 323
61 129
221 281
322 252
200 78
214 261
27 134
133 185
327 225
323 165
340 237
325 231
285 156
209 292
134 270
150 200
192 127
107 48
205 224
211 135
13 344
320 294
251 205
174 131
25 71
158 100
240 136
11 45
75 1
154 182
317 42
168 195
302 67
139 32
201 111
341 115
221 134
138 30
316 265
199 289
209 22
344 245
268 106
129 309
41 167
268 81
46 27
94 42
287 317
139 51
105 251
242 24
146 107
90 256
343 184
200 42
338 35
60 182
254 257
96 296
308 201
202 284
249 309
258 197
176 138
265 322
147 32
288 292
335 219
81 297
112 153
188 322
256 45
261 63
260 153
318 339
193 141
218 341
135 19
17 16
65 7
235 48
206 194
285 318
249 129
174 114
223 86
239 67
208 155
225 121
302 242
249 177
26 258
233 275
337 216
204 196
165 343
55 73
213 280
342 328
215 315
341 241
228 229
290 319
183 150
72 244
144 238
312 36
135 310
109 313
3 106
323 194
16 108
280 197
155 226
172 240
31 146
42 181
39 186
322 108
41 191
144 79
156 155
294 62
164 245
280 142
342 199
153 322
288 88
175 0
50 283
233 336
26 210
56 146
302 343
145 14
213 220
22 156
157 82
3 300
232 53
232 47
136 190
193 185
304 150
75 231
18 297
214 54
108 132
123 55
299 257
102 90
102 295
178 308
3 263
1 78
51 53
221 327
220 142
181 101
287 280
145 297
7 268
82 11
209 341
259 51
192 213
7 69
195 129
113 278
132 41
166 173
184 11
210 324
57 120
150 139
128 340
62 178
109 223
131 302
91 40
72 288
24 204
329 92
103 289
302 314
89 321
55 122
42 183
263 31
337 65
85 105
212 90
297 169
85 297
99 141
75 43
226 342
49 47
28 82
344 166
305 336
231 176
56 142
168 227
332 249
62 61
62 63
104 39
106 233
36 155
280 311
238 279
178 228
310 249
12 2
59 0
153 207
186 31
317 151
340 34
214 1
33 71
224 173
82 9
210 47
258 223
296 220
125 104
19 33
237 234
34 212
125 145
144 5
319 299
61 146
271 246
97 298
167 290
38 88
323 177
322 260
333 72
137 132
324 13
86 145
65 22
48 28
71 245
250 244
146 2
198 301
84 20
246 24
108 127
103 333
289 50
324 277
123 18
278 53
322 198
274 48
1 179
293 147
84 146
5 70
341 78
157 273
115 123
277 49
183 125
207 299
233 193
2 239
263 317
48 259
298 329
13 266
111 65
18 170
240 134
293 173
85 274
157 281
81 73
266 195
111 86
70 159
247 23
191 58
228 210
228 123
246 78
296 331
7 11
267 239
6 133
206 326
305 127
78 318
115 148
73 326
180 265
32 169
186 278
247 40
166 157
51 335
298 304
124 86
294 330
67 254
15 146
129 130
196 163
50 172
144 230
339 183
293 26
7 36
206 157
76 274
264 169
256 283
26 224
43 275
297 89
160 291
175 10
219 84
47 327
241 25
256 112
55 77
23 95
229 201
73 324
296 2
29 51
9 326
140 71
174 315
82 295
303 90
167 150
304 92
245 91
293 220
70 146
124 78
225 153
129 234
36 270
207 112
62 197
222 339
51 181
96 154
246 216
49 97
338 21
243 20
100 25
173 131
56 24
215 287
77 141
7 221
175 9
246 250
200 204
199 269
192 230
9 171
274 43
52 90
245 283
292 54
19 245
88 8
44 288
114 32
344 314
302 59
148 51
223 22
103 177
206 13
315 219
57 236
21 146
146 66
336 260
98 237
229 302
198 280
339 134
314 344
311 329
280 74
245 154
0 33
328 146
1 319
62 100
304 312
128 313
259 25
4 229
24 217
115 305
194 15
114 86
251 337
199 255
343 102
131 60
115 284
156 276
195 5
291 212
106 288
139 268
190 39
26 223
26 255
194 141
96 129
68 233
66 295
132 259
64 126
261 170
69 84
7 295
150 33
173 151
164 199
242 59
44 315
21 14
203 121
141 171
71 273
85 135
54 2
207 25
135 93
164 187
29 337
339 95
94 302
264 302
208 285
316 313
139 34
287 225
71 243
227 180
268 215
210 311
50 239
206 44
249 149
95 168
10 324
174 319
255 281
96 229
82 323
64 252
95 114
213 305
327 264
210 338
194 16
44 192
184 52
53 97
71 26
74 326
95 314
135 36
276 166
264 321
28 66
333 196
46 319
202 147
94 199
178 154
201 333
209 52
64 100
248 23
200 196
244 148
202 217
243 283
273 209
88 331
204 307
210 78
97 95
252 49
289 57
319 144
156 219
195 277
124 48
265 194
58 255
81 262
120 193
340 217
190 222
72 175
67 324
224 258
36 199
320 155
203 322
159 104
49 181
297 291
169 125
220 138
6 2
51 289
103 11
39 325
326 271
296 116
78 297
92 198
9 98
102 61
43 205
72 82
87 141
49 68
280 266
240 112
227 318
311 240
250 111
305 228
81 53
328 90
53 85
192 28
80 279
249 138
124 185
306 235
236 103
249 118
323 215
13 229
14 310
176 342
302 229
329 258
286 308
52 120
3 261
19 162
260 343
32 175
129 261
42 333
261 26
246 144
9 18
101 5
181 55
326 336
236 36
319 267
297 272
65 328
304 9
316 220
282 217
306 28
59 309
280 240
19 307
247 211
229 3
9 120
60 9
222 19
239 202
312 160
145 175
90 204
139 26
1 158
235 231
51 137
302 82
239 246
321 299
157 100
220 77
176 326
185 33
192 85
320 243
124 72
81 265
250 221
187 226
229 297
324 79
313 160
319 311
318 68
298 195
213 78
169 196
245 152
28 324
225 163
305 204
144 176
124 64
293 7
208 169
322 63
19 92
141 189
307 275
93 44
47 140
220 314
33 265
174 253
52 151
146 15
231 318
26 226
17 320
21 139
289 254
76 85
108 251
134 105
97 335
162 72
256 78
272 185
305 289
160 228
330 7
231 116
13 241
22 253
57 326
120 93
87 151
141 110
61 87
64 219
59 27
256 167
227 295
95 15
313 10
257 335
263 216
317 286
309 306
92 159
223 334
132 290
318 312
113 297
44 25
287 307
143 161
150 9
34 94
231 159
330 18
104 115
110 120
178 94
293 100
120 235
62 263
299 213
272 323
199 294
190 86
108 78
193 20
341 178
298 181
102 9
188 74
314 142
189 143
22 202
53 332
210 161
65 118
177 161
139 173
339 44
182 195
225 186
106 58
139 118
109 327
192 78
123 295
140 18
74 193
253 284
305 88
36 1
230 79
254 339
319 334
39 97
187 179
18 261
103 283
48 63
274 85
64 191
265 11
290 295
183 132
212 341
309 175
97 283
67 137
282 254
218 300
128 175
238 262
108 84
215 300
34 53
88 22
18 332
279 18
172 1
57 110
312 230
325 96
60 314
273 201
133 339
60 144
325 178
46 128
320 121
31 279
209 198
321 92
196 283
61 26
139 194
20 102
240 0
261 68
331 200
59 76
197 241
215 330
85 79
183 308
171 282
308 288
231 329
292 126
231 227
250 227
339 309
205 204
245 57
42 88
298 170
304 28
259 338
121 146
123 46
294 223
303 199
163 213
58 310
149 176
240 153
202 155
301 73
25 152
198 230
253 206
321 45
283 148
96 263
162 0
130 22
110 26
181 125
193 39
199 120
191 52
5 99
319 136
285 257
273 170
175 58
94 285
84 171
253 167
296 101
221 299
23 274
88 146
60 265
253 68
194 181
212 128
60 22
296 12
25 59
261 169
276 118
337 201
295 296
313 38
344 55
276 95
117 114
4 142
76 315
290 337
140 124
330 196
1 329
127 207
236 28
70 145
241 81
339 260
195 245
67 257
276 80
44 159
260 286
183 40
266 3
42 64
84 283
324 181
85 284
213 270
84 251
338 243
273 48
51 40
323 42
120 310
265 320
259 35
148 220
126 90
131 127
245 217
182 110
158 24
109 111
64 269
148 289
254 97
319 19
112 122
141 111
50 4
146 272
115 255
285 180
294 167
13 269
88 27
139 205
153 144
150 105
148 215
239 164
306 287
338 76
158 182
268 185
121 329
153 134
161 201
127 202
309 182
2 114
189 52
231 330
272 210
171 27
46 329
169 146
202 290
32 258
79 187
57 143
290 86
170 249
271 14
302 157
344 174
5 173
103 234
62 214
106 232
123 61
38 82
238 338
11 66
254 313
126 155
44 33
122 173
105 228
307 270
121 119
5 160
46 25
265 228
253 77
98 34
134 44
253 17
184 216
160 212
298 67
178 320
82 50
326 181
6 116
226 320
38 60
55 295
263 308
214 4
81 58
183 143
210 200
194 43
175 276
94 337
309 64
13 217
192 120
103 247
70 21
113 284
25 194
338 72
248 203
174 97
247 4
275 243
76 335
132 77
279 235
325 251
257 93
93 282
48 182
288 238
145 225
335 291
56 216
302 286
30 89
19 211
241 210
323 85
105 27
170 71
225 113
212 78
205 259
205 195
205 0
162 163
217 119
7 149
262 338
174 281
132 317
147 110
57 154
39 129
242 339
8 165
179 127
187 186
337 219
234 279
11 150
153 265
157 156
33 67
322 114
194 164
300 27
117 69
220 310
259 252
290 174
216 202
252 250
24 307
170 84
119 106
220 248
260 176
177 279
245 300
146 160
236 194
71 49
193 310
216 195
181 84
180 270
172 324
212 281
317 6
32 248
297 191
292 89
33 55
244 329
156 133
324 159
5 157
310 79
39 177
262 11
183 295
259 181
27 174
35 101
85 162
295 240
56 203
299 268
184 338
5 186
269 157
280 198
331 320
321 54
332 259
155 204
95 241
268 11
138 121
153 96
226 108
101 23
69 106
111 270
136 316
332 15
274 181
81 24
324 251
283 117
101 135
60 192
211 172
118 41
110 102
53 148
73 287
65 1
164 241
168 63
151 106
82 81
99 197
334 201
333 112
306 48
122 78
116 134
82 71
185 156
14 250
59 178
325 217
42 6
82 277
118 43
118 252
42 141
305 129
34 160
205 281
202 313
315 329
60 331
211 4
337 293
282 13
319 52
148 263
47 196
232 329
11 188
125 74
86 95
58 48
81 171
52 321
22 236
334 261
205 229
175 180
183 323
98 278
31 122
32 289
311 248
62 91
98 71
109 151
47 33
289 283
294 150
4 232
187 240
280 120
17 214
118 127
74 342
80 64
280 178
136 292
231 85
24 177
2 208
2 91
152 179
104 172
208 80
170 288
145 7
122 183
299 8
268 182
261 314
288 119
84 193
327 334
284 85
272 53
154 96
96 324
39 143
331 161
326 188
72 250
272 60
197 188
307 16
236 192
5 175
131 287
161 18
303 217
198 84
119 180
174 93
85 3
129 56
102 20
248 10
98 329
272 252
149 132
124 166
209 243
25 285
337 12
289 48
98 37
134 228
248 243
148 248
228 338
147 282
189 272
149 129
222 260
27 149
161 145
314 259
182 5
142 178
144 293
323 292
263 335
70 10
164 75
289 313
131 231
217 332
153 280
34 24
296 174
187 275
171 204
103 241
137 77
30 268
309 149
157 19
290 180
74 261
51 163
90 177
336 95
17 194
69 56
227 138
248 39
231 4
69 196
227 46
14 180
157 117
142 149
197 35
244 173
44 261
269 113
141 295
251 27
300 222
125 84
170 140
264 282
150 324
54 292
229 28
191 153
41 66
168 143
93 325
104 20
281 275
62 103
82 168
61 112
322 290
120 332
260 161
300 167
218 26
212 292
238 207
174 132
54 341
208 116
99 322
328 83
146 44
196 25
236 336
74 83
117 194
109 329
141 2
36 153
235 40
39 333
312 276
189 107
147 166
92 166
15 201
150 59
52 329
232 104
256 140
180 129
36 147
307 262
220 18
219 72
98 324
218 30
121 172
252 90
302 342
138 137
186 89
91 335
143 265
283 109
305 60
181 58
286 54
335 309
227 252
220 61
151 27
125 289
66 154
145 13
278 235
111 217
179 83
32 120
39 22
274 207
229 246
236 35
273 263
72 246
51 218
162 98
64 95
235 77
51 48
122 83
71 63
232 282
167 18
183 305
224 182
254 296
331 208
169 148
306 135
145 99
213 15
236 264
310 260
2 283
323 9
341 210
291 65
229 129
26 185
44 250
269 299
103 157
305 25
310 106
124 178
344 333
275 1
21 204
138 152
236 66
239 280
316 164
321 298
192 5
295 215
268 295
198 32
256 111
105 278
85 109
46 181
158 269
10 262
180 202
268 130
319 191
327 80
291 181
14 203
292 21
38 67
176 32
252 123
214 200
206 275
125 144
240 135
62 75
240 330
107 214
78 90
196 271
271 113
31 120
188 301
342 266
105 152
35 132
297 275
169 14
5 311
181 226
104 279
152 30
53 182
253 143
64 28
57 11
133 64
65 168
98 17
278 5
20 317
307 124
57 201
201 12
155 325
164 121
8 221
34 142
187 100
212 285
19 311
109 200
281 238
217 146
163 322
334 69
30 144
49 96
167 304
317 202
101 61
1 223
182 111
78 55
11 262
196 131
63 214
157 128
93 188
147 82
128 208
176 295
69 50
152 171
112 11
42 113
235 126
126 215
132 279
269 195
225 143
73 27
342 185
206 66
139 249
174 83
265 64
209 46
86 314
66 180
142 292
221 106
102 230
16 1
317 124
68 110
287 109
14 116
193 279
82 304
228 263
154 314
119 271
148 344
142 24
7 146
50 129
50 20
239 337
129 254
108 224
90 92
86 220
190 145
81 319
1 102
147 51
323 11
338 135
63 61
227 192
217 238
319 307
183 341
202 275
44 284
151 292
288 298
145 322
83 180
241 14
252 214
176 63
136 34
240 180
220 293
111 46
86 266
213 169
102 0
14 113
261 266
229 141
158 308
106 196
244 1
31 119
294 61
184 97
169 34
263 285
106 267
285 323
338 233
122 125
88 37
34 234
285 312
8 136
275 94
233 20
292 181
17 18
216 182
303 322
202 324
212 25
223 143
110 213
180 144
102 120
13 12
158 289
106 46
228 130
323 221
129 82
200 130
278 314
112 168
214 275
216 227
73 296
69 29
109 284
62 142
71 165
174 252
310 149
55 139
343 269
69 117
54 12
146 29
210 26
314 18
134 285
295 243
7 206
107 181
113 143
69 78
119 193
198 189
212 154
287 54
331 76
340 281
320 219
146 109
63 153
335 83
118 306
64 312
234 183
62 87
241 32
190 327
208 31
170 85
97 118
53 211
104 241
104 34
66 262
230 67
54 160
298 224
98 244
126 224
143 267
332 24
188 68
41 292
211 145
17 152
200 71
214 55
197 17
163 91
77 32
170 89
239 36
235 220
170 78
119 187
132 221
160 2
178 260
266 143
234 288
19 4
65 220
314 340
183 191
269 104
0 56
325 161
76 226
203 189
311 339
34 330
344 99
107 106
115 274
38 221
237 7
118 76
234 24
328 187
297 288
247 275
170 7
2 153
23 1
155 130
9 270
48 199
177 155
180 231
86 276
132 107
314 36
284 318
145 85
341 194
284 51
263 19
85 288
106 297
293 209
246 259
157 185
134 182
267 32
83 196
128 191
39 115
59 143
313 60
160 292
49 11
274 304
47 96
171 83
278 93
291 4
3 328
267 309
29 137
84 320
22 31
102 329
20 149
328 191
186 2
277 44
102 241
178 295
245 181
279 69
206 71
335 316
188 92
202 208
143 87
301 30
251 143
279 85
89 283
326 267
233 129
6 167
125 87
342 144
291 87
138 51
138 154
213 291
199 147
31 288
332 260
113 221
44 119
290 144
172 323
106 199
65 163
273 309
209 121
186 213
59 55
61 160
104 340
255 119
215 201
138 9
167 36
20 219
286 95
183 271
245 189
272 151
279 314
312 280
191 252
211 18
53 280
56 145
71 82
68 13
202 129
23 41
207 295
192 44
226 5
69 72
159 182
90 213
19 293
93 260
60 268
196 128
281 58
187 269
82 297
220 176
243 41
238 124
196 108
293 188
136 67
290 132
327 5
55 178
33 228
304 115
25 86
104 220
197 202
113 181
77 305
311 271
263 278
284 198
63 145
129 63
125 56
276 249
333 162
116 250
25 332
211 238
258 253
240 78
276 151
227 48
111 76
67 163
207 245
315 97
62 267
332 246
42 259
153 48
161 295
126 249
32 304
55 161
74 21
86 340
288 56
92 253
225 222
45 114
29 161
340 84
281 140
210 215
100 168
30 308
303 92
322 51
247 203
175 292
34 248
332 32
335 171
41 174
271 320
80 116
212 131
37 73
125 15
26 27
218 201
319 190
305 255
94 127
186 328
61 79
56 135
182 98
310 108
73 51
12 55
88 107
200 115
122 128
44 340
329 265
87 191
175 83
343 25
72 180
190 98
335 104
56 59
68 333
116 108
29 175
96 204
123 227
253 227
203 278
166 48
279 58
153 237
20 286
283 88
275 2
279 46
13 21
49 42
196 146
148 12
239 273
295 49
58 154
104 164
56 107
199 241
146 31
77 159
300 127
103 53
273 251
80 207
123 278
210 191
305 297
6 263
160 156
138 306
120 143
22 14
26 146
229 281
29 188
9 7
44 169
66 182
32 254
299 297
126 46
195 320
158 114
204 25
125 213
279 72
284 0
254 316
156 209
272 12
162 106
65 189
336 247
132 187
169 283
28 238
172 154
128 195
69 166
149 341
80 213
5 47
57 126
133 295
275 265
137 55
339 219
14 183
78 270
192 108
121 104
48 190
172 99
88 252
300 271
121 88
221 52
255 261
107 95
216 135
273 230
319 253
17 179
271 344
164 261
252 33
257 109
304 33
197 82
332 107
343 342
202 123
0 73
84 263
68 172
195 28
183 47
110 171
56 109
168 160
134 70
246 340
84 330
161 287
333 62
121 56
137 53
190 128
139 259
278 236
287 18
283 299
91 241
56 99
147 35
267 152
322 255
214 98
152 58
283 193
317 118
85 161
115 228
69 81
180 179
17 136
42 49
254 40
170 28
55 90
221 165
301 156
37 249
192 32
328 186
259 188
306 120
17 132
148 24
249 204
16 299
119 175
233 71
129 80
216 334
283 235
19 218
308 118
301 325
152 7
252 56
211 268
10 246
161 32
323 97
169 41
194 77
138 66
313 77
203 333
197 14
34 27
43 186
34 295
120 155
296 184
89 274
43 7
108 53
309 311
288 161
322 164
41 20
5 76
125 337
208 76
253 113
201 198
120 48
338 107
33 3
160 343
314 5
61 99
263 60
305 170
38 177
170 86
240 248
38 148
16 141
2 39
91 242
146 27
246 208
272 117
213 333
292 234
314 332
52 139
73 194
245 306
155 149
0 246
46 48
256 200
312 124
189 85
24 205
254 133
120 47
264 193
242 307
170 263
67 239
98 303
57 189
209 314
125 328
61 197
148 254
22 215
149 142
113 140
75 113
204 43
102 68
253 332
44 275
195 178
148 158
278 199
68 202
316 119
0 84
259 322
99 259
273 119
294 264
153 330
35 206
150 230
287 201
290 220
77 26
34 324
13 293
302 14
109 314
318 314
231 165
304 75
21 250
295 323
263 275
156 264
148 113
279 160
82 154
129 166
199 76
149 336
101 163
164 332
328 123
275 260
131 194
49 249
302 99
161 249
292 290
70 54
312 171
130 18
64 231
181 228
120 67
220 184
248 7
280 340
45 231
291 209
211 76
209 310
61 232
32 217
317 155
162 141
20 207
27 264
111 260
330 56
212 300
294 109
286 83
67 249
315 2
23 190
312 221
24 234
330 52
154 343
214 41
55 81
190 239
250 118
167 93
104 137
244 321
166 100
150 36
321 175
270 306
227 326
304 343
265 172
140 215
87 209
308 93
1 207
70 42
129 236
142 182
174 20
12 100
228 141
294 141
143 89
298 320
84 49
146 116
187 191
211 310
266 95
106 249
185 147
269 235
267 120
31 65
111 290
198 64
168 251
128 315
269 217
63 222
136 274
89 57
271 97
209 13
147 22
107 71
257 29
95 302
136 293
268 303
27 339
111 57
160 313
272 32
151 136
45 298
158 152
24 318
182 117
66 179
29 147
62 56
141 173
111 191
183 174
159 288
326 87
320 132
223 268
86 284
75 12
32 225
240 8
57 46
227 100
121 242
107 135
309 150
234 290
139 111
324 18
34 65
325 18
171 12
243 67
267 227
238 227
175 121
265 337
333 9
282 199
62 73
144 201
87 26
121 23
338 325
35 318
232 143
176 57
284 4
92 266
258 93
269 98
73 339
184 14
192 121
234 92
236 61
179 65
33 20
286 273
40 200
268 212
198 273
113 41
336 35
198 88
94 84
210 330
47 291
311 23
257 154
198 199
256 121
66 111
240 265
287 255
192 18
257 144
232 115
2 293
225 89
116 78
289 28
41 244
177 328
154 41
163 1
306 322
281 176
204 16
138 84
105 255
307 324
210 220
123 291
253 73
175 243
254 174
133 239
333 209
119 86
292 304
197 50
326 121
128 234
96 303
34 253
34 167
147 209
41 217
48 29
328 69
25 4
128 149
88 325
101 86
64 329
109 192
52 154
322 163
198 18
295 266
172 274
43 322
187 33
119 269
175 130
18 295
238 318
105 254
306 82
72 159
2 257
307 199
178 81
174 5
43 300
247 132
278 55
42 296
5 280
171 110
92 133
94 66
194 344
198 58
140 275
200 9
8 5
44 244
14 269
155 194
324 197
47 231
35 219
244 29
7 240
95 201
239 74
260 340
34 56
270 0
279 301
127 321
44 8
239 110
311 40
139 318
174 77
72 245
48 244
148 59
174 60
78 108
263 244
304 45
300 197
308 61
281 73
239 13
155 53
307 183
171 85
213 267
181 78
82 167
293 322
180 99
140 248
344 154
4 166
148 213
251 42
304 207
23 172
31 107
152 164
327 235
233 178
212 68
179 98
208 288
253 114
327 16
98 18
128 225
234 285
225 119
175 113
297 289
239 201
275 147
316 287
204 298
219 160
164 2
41 297
310 275
139 191
206 248
62 192
332 27
240 129
229 72
14 37
55 219
35 308
178 76
162 144
253 203
237 205
321 98
10 38
192 194
292 82
123 89
211 254
63 44
11 77
329 67
198 128
243 233
91 324
211 156
123 22
14 262
15 139
192 14
268 277
4 280
116 147
245 110
126 112
266 151
304 203
96 195
248 132
32 252
314 289
241 218
301 12
21 201
122 49
313 43
201 4
226 171
157 129
257 253
324 241
341 1
124 28
312 273
64 235
32 89
187 0
5 13
68 274
303 325
84 184
274 119
86 54
50 22
198 14
103 244
132 137
189 39
53 305
136 321
161 29
46 100
192 343
25 141
257 62
200 63
331 155
23 102
178 160
78 83
14 146
134 65
95 180
67 189
331 344
217 290
221 129
60 62
167 83
66 0
145 144
286 0
131 75
157 132
127 206
139 246
152 15
12 256
172 72
58 286
332 226
91 273
226 222
250 193
6 310
228 227
203 10
88 245
158 240
162 338
302 175
249 31
272 109
65 70
297 306
228 178
85 134
274 339
167 309
6 227
107 169
221 311
246 125
62 217
243 277
172 195
275 127
92 204
23 93
16 146
199 85
13 206
215 120
86 80
118 331
159 341
45 304
175 217
56 217
93 270
72 19
127 312
107 59
41 78
82 222
4 143
121 49
168 158
71 344
46 220
168 139
145 333
151 119
7 150
95 324
309 38
304 46
260 308
91 36
259 95
235 83
253 208
329 201
83 54
243 130
289 296
101 11
127 231
1 91
269 207
39 87
171 130
317 35
25 203
138 10
303 335
304 94
12 86
326 260
123 20
239 196
52 265
82 58
109 41
171 316
304 18
1 39
171 124
59 312
134 61
193 119
119 310
220 51
213 97
40 76
195 77
260 155
343 163
96 169
38 165
169 173
226 18
292 247
173 144
271 140
154 121
178 215
134 274
286 77
332 325
145 156
76 2
274 306
227 16
205 217
220 131
12 29
252 229
247 86
2 36
262 190
16 249
61 225
281 314
72 300
111 277
172 331
63 184
262 217
316 66
205 220
5 123
65 21
84 335
265 75
30 297
243 180
37 163
49 216
299 267
210 212
247 196
104 168
174 36
120 72
216 330
153 21
72 190
86 188
255 28
273 193
89 317
37 274
179 248
43 329
184 174
247 55
61 56
322 203
104 51
111 261
79 39
109 168
92 131
305 278
233 21
236 114
80 34
243 86
85 10
3 164
296 14
178 184
106 59
163 186
340 61
273 80
318 178
146 172
192 283
284 256
172 46
75 5
276 251
146 34
254 34
294 319
35 51
272 256
229 320
330 323
258 171
136 85
217 212
338 251
307 171
157 109
205 44
142 134
278 298
272 291
74 209
342 1
222 199
12 117
105 320
288 262
185 142
230 255
24 59
202 0
170 101
132 225
102 239
17 85
39 239
284 52
274 202
192 340
117 77
260 45
56 47
188 189
48 228
331 332
182 245
181 111
273 258
268 120
83 137
220 127
0 136
75 304
85 247
20 274
157 325
204 339
334 280
44 257
297 56
65 35
193 188
65 193
324 140
152 64
240 36
44 299
293 143
290 202
275 181
137 221
93 94
150 44
232 294
94 113
336 148
79 34
223 320
317 169
320 125
281 265
88 343
116 313
12 77
265 146
26 14
118 271
64 88
74 1
255 304
212 161
171 105
84 187
134 110
201 295
30 266
60 224
63 124
125 26
245 240
344 2
226 72
9 147
334 194
105 93
144 38
261 140
11 270
160 38
296 60
189 180
196 11
63 301
6 110
250 68
197 60
299 253
181 310
178 243
168 265
268 323
121 290
192 317
301 256
268 72
140 133
135 341
41 218
307 220
116 213
252 322
201 227
273 25
250 170
44 344
142 247
157 219
155 235
179 193
232 221
96 332
309 67
132 139
238 244
244 50
86 56
269 197
137 118
244 194
255 325
42 142
201 11
238 199
343 202
104 209
270 138
250 264
319 46
66 227
277 317
268 104
71 60
124 217
157 34
177 54
112 70
221 100
54 127
266 275
173 332
158 58
277 123
85 220
221 242
344 87
31 111
124 234
200 0
236 254
29 60
185 202
163 149
237 95
209 223
59 21
297 58
10 328
71 70
170 195
304 26
232 107
169 50
256 62
47 85
298 49
247 162
272 306
184 126
266 194
110 337
166 182
188 126
208 286
126 293
315 284
119 202
46 289
252 205
253 202
192 206
251 94
302 11
206 223
216 27
56 306
55 166
149 83
114 119
322 316
80 131
78 235
235 270
343 141
267 268
123 224
280 330
5 43
203 123
317 259
331 275
81 135
13 97
156 36
233 35
105 304
257 103
274 126
208 111
111 213
303 114
261 317
212 72
255 100
10 164
285 212
82 190
219 157
24 232
272 178
206 138
44 67
252 207
181 196
122 191
318 15
215 326
214 117
319 318
184 83
150 266
287 213
267 302
208 95
272 84
12 11
199 235
53 315
8 275
190 94
225 65
125 217
156 216
85 216
302 293
213 131
142 321
344 285
135 100
70 86
20 261
82 280
120 307
18 277
156 103
148 15
299 263
146 233
209 143
131 246
145 307
97 154
242 344
203 226
305 221
159 18
128 180
316 173
124 181
329 117
120 321
235 318
78 52
136 281
59 340
115 188
271 332
231 243
161 258
326 34
71 310
114 221
217 94
274 8
105 122
180 309
173 9
199 306
198 192
344 156
173 114
280 292
301 141
221 308
35 228
332 117
94 62
317 213
141 320
22 329
43 144
37 323
91 148
159 226
343 189
110 125
60 152
255 289
111 323
213 154
132 116
300 123
312 146
27 85
53 216
126 15
271 209
295 193
335 205
60 289
128 263
64 304
125 339
291 202
20 123
241 73
178 134
147 75
273 305
111 53
299 58
158 221
83 105
296 18
95 325
223 274
167 65
215 4
243 111
156 171
318 268
292 148
138 45
294 70
161 291
297 286
122 215
281 50
294 81
252 36
123 162
212 121
1 5
322 230
242 176
47 6
211 230
303 160
311 268
69 120
304 247
57 71
307 180
153 100
7 80
7 232
212 249
292 37
242 152
99 110
75 168
254 280
174 142
144 85
40 53
67 47
285 280
221 25
16 168
309 161
222 63
173 297
133 306
135 106
88 114
101 55
187 168
5 203
130 297
296 94
59 189
27 193
52 64
108 242
40 98
232 112
12 322
182 16
7 188
316 252
142 268
343 308
249 26
58 203
101 167
12 334
279 24
213 19
65 178
121 109
3 25
236 320
275 294
81 267
270 20
152 27
188 164
263 24
91 131
43 281
248 220
231 334
199 56
336 90
286 14
91 150
111 16
73 263
329 306
285 75
38 161
335 9
261 189
181 245
76 122
162 167
85 248
66 324
90 253
302 85
279 12
104 269
268 20
175 196
37 153
222 297
276 307
102 271
338 168
153 331
77 110
227 305
198 63
234 142
323 249
279 55
100 317
73 332
175 5
197 278
101 331
101 128
110 299
191 231
257 328
29 138
232 308
95 235
182 206
113 256
163 45
123 243
138 127
109 32
119 210
139 293
163 341
223 178
154 318
24 219
266 147
118 59
274 250
28 286
282 49
151 0
180 218
156 100
38 42
220 162
137 244
284 305
294 57
209 196
66 48
246 120
295 328
338 106
264 182
292 302
126 300
20 62
22 344
16 288
124 127
139 93
175 287
213 126
134 158
6 93
94 270
177 289
129 303
244 152
206 264
116 256
255 43
230 282
277 248
214 145
155 163
103 63
158 197
43 20
293 288
109 191
313 235
231 126
180 19
310 6
291 242
254 160
289 185
105 99
250 208
65 64
307 53
301 6
196 50
209 305
143 79
97 276
205 278
295 170
314 342
182 64
260 87
272 325
53 136
280 10
142 256
162 240
201 6
7 200
282 213
35 233
285 221
129 255
218 88
168 302
292 228
310 247
20 246
257 64
273 257
263 112
27 299
247 312
124 198
155 324
180 4
207 146
96 8
43 303
275 292
21 105
204 186
119 133
301 127
318 225
322 30
35 314
206 189
255 96
163 200
148 322
2 254
43 206
326 1
232 333
204 319
31 170
105 96
39 340
18 275
312 64
65 299
52 194
7 284
108 191
341 121
298 27
291 306
23 116
48 62
111 281
211 37
95 90
232 63
291 284
257 298
91 218
245 105
324 177
142 54
211 212
85 324
249 181
316 38
244 262
323 58
117 103
310 248
37 235
229 78
165 273
34 31
140 120
257 44
203 229
330 4
48 308
62 166
120 126
111 265
238 21
317 276
256 103
256 76
279 291
313 169
21 171
53 6
314 41
145 84
111 256
179 223
182 91
229 341
69 163
139 157
150 160
166 209
108 37
250 278
263 22
201 276
180 107
182 261
233 267
263 324
84 9
207 223
39 298
19 107
162 29
86 29
291 287
305 28
105 328
80 189
337 287
260 122
116 324
151 261
292 33
223 253
308 175
51 253
15 240
31 83
202 134
92 19
343 62
27 291
325 115
267 2
173 55
267 188
197 200
174 301
334 168
279 318
267 29
58 5
43 143
41 212
45 220
52 214
205 305
308 82
205 243
64 333
322 331
17 282
336 308
77 30
29 25
152 328
239 118
258 339
269 280
153 31
305 217
19 282
203 283
219 96
148 202
30 226
134 306
251 286
289 145
60 78
258 220
72 332
344 50
168 268
232 321
201 192
95 122
130 298
49 209
337 144
287 243
86 133
291 48
93 170
137 261
139 197
216 234
89 282
57 40
49 314
21 41
114 210
343 133
150 111
337 320
145 335
249 141
240 133
180 116
283 270
301 340
310 252
310 234
195 326
170 135
13 65
53 158
300 204
201 217
150 343
5 233
60 317
186 272
224 53
161 75
34 163
65 185
56 78
128 148
267 19
229 174
117 214
218 205
141 0
258 205
322 194
213 335
78 269
315 230
240 163
213 108
157 37
127 41
189 230
91 95
199 127
19 12
144 283
302 39
208 170
207 176
309 320
14 153
310 330
272 304
22 316
11 166
107 118
40 156
138 149
332 4
124 248
60 329
118 178
183 331
164 41
56 338
247 155
274 123
49 285
192 303
155 201
76 97
13 117
246 247
23 272
257 73
164 342
38 17
223 285
17 102
272 2
301 250
269 248
31 335
245 195
332 206
80 272
114 299
186 131
56 93
100 248
193 274
251 149
179 253
156 138
181 211
318 163
24 154
53 210
206 288
217 68
105 298
165 109
269 32
95 149
46 178
15 267
341 56
21 268
35 53
122 55
82 28
282 150
182 37
215 175
53 113
231 321
283 344
200 319
299 91
215 100
145 68
19 169
25 335
160 208
20 244
30 17
108 330
307 316
241 64
192 97
156 62
197 301
125 156
109 98
166 277
42 29
127 287
307 158
206 318
143 141
215 7
14 13
72 206
268 112
86 301
14 340
211 82
175 123
152 92
152 268
311 107
120 179
211 12
313 130
28 81
204 178
322 11
28 325
210 265
178 176
157 147
269 245
182 135
16 302
11 291
38 224
51 242
156 132
315 184
105 192
218 266
151 331
160 69
298 313
28 257
244 184
291 116
198 278
219 290
138 26
274 13
253 129
228 183
23 235
243 196
195 96
129 250
110 343
339 343
50 190
136 144
197 314
240 176
208 148
332 52
121 257
108 287
192 30
137 88
28 89
278 34
261 316
178 113
188 80
158 73
232 20
67 121
320 188
33 164
306 221
288 236
213 222
270 31
193 104
46 36
120 245
265 299
30 142
44 310
307 56
171 294
215 16
185 330
16 334
19 63
25 105
222 47
5 109
313 206
150 301
200 223
152 71
56 35
252 320
285 49
32 162
112 335
287 83
248 140
262 216
249 314
94 324
77 334
121 36
24 28
11 48
344 234
271 39
299 286
277 143
24 82
283 188
298 89
60 28
254 173
45 30
209 316
59 220
266 14
73 168
248 88
30 120
263 190
291 104
95 341
52 182
212 229
210 337
71 278
316 101
301 235
310 219
81 256
225 17
155 321
13 330
69 312
214 281
221 335
208 228
210 144
290 281
77 261
37 33
155 134
160 282
151 218
281 25
319 150
306 97
271 93
218 118
120 41
124 281
154 139
271 82
284 148
121 128
221 125
165 152
323 101
23 111
90 46
153 116
294 38
297 2
177 236
143 61
108 301
324 175
11 302
276 281
327 123
40 309
59 236
331 299
92 91
279 33
43 324
94 124
276 105
327 255
280 338
114 212
275 85
124 170
217 28
230 246
171 322
337 7
257 282
331 7
112 291
173 294
284 288
161 116
275 101
180 153
83 170
59 313
71 132
248 126
309 139
213 239
241 144
277 283
316 238
153 289
26 1
107 307
193 121
173 139
248 331
161 226
330 125
43 1
100 222
186 318
116 340
165 44
13 103
186 109
225 14
248 30
247 64
158 232
92 80
146 37
285 69
290 332
278 20
236 291
124 77
55 251
338 206
183 241
30 264
323 265
31 124
204 247
216 145
317 185
272 164
74 296
298 342
293 256
150 286
117 333
84 289
231 115
111 112
292 9
189 166
314 310
177 285
185 129
317 308
74 265
310 265
55 257
176 146
325 175
262 310
0 231
74 111
113 161
240 304
53 212
267 181
171 76
98 245
342 126
159 307
46 116
300 82
282 192
256 61
69 178
145 241
43 252
116 318
123 139
98 288
240 300
25 110
157 143
157 95
335 315
47 245
270 304
307 339
39 9
103 276
285 219
13 249
6 155
167 264
77 324
215 121
169 79
116 111
88 253
60 340
336 164
174 277
242 201
132 249
258 238
85 81
59 162
60 320
132 257
186 250
121 73
315 100
150 144
27 177
291 159
328 107
299 68
188 14
132 150
62 77
335 56
198 13
129 307
97 2
63 247
146 342
174 88
234 157
127 38
7 260
91 243
82 153
321 56
53 311
112 252
146 179
128 194
177 23
152 95
150 61
257 241
305 241
296 183
297 252
51 312
159 277
256 159
255 189
310 180
242 312
310 241
137 122
21 88
305 318
340 258
187 56
190 200
234 4
44 270
337 9
7 336
206 80
5 171
321 265
192 1
57 254
235 193
258 151
94 204
323 86
214 233
87 44
306 177
331 25
139 193
57 234
300 35
222 169
176 210
130 23
342 42
35 231
177 2
54 218
98 111
9 53
48 232
124 219
336 202
192 54
165 65
268 310
190 205
98 257
256 177
162 310
51 162
215 26
194 241
245 88
174 269
87 193
95 257
60 285
100 276
336 262
143 42
79 121
5 196
49 199
339 295
83 18
40 143
307 29
238 304
286 298
237 6
66 35
295 145
243 108
57 237
305 246
133 43
265 298
156 305
96 118
334 236
189 126
41 204
28 278
210 94
216 160
116 286
321 213
103 164
21 339
55 98
172 245
225 213
104 155
48 314
343 49
235 282
222 315
84 199
184 274
342 252
177 101
342 127
284 131
136 235
2 288
138 301
148 127
211 234
303 208
211 213
280 23
167 220
246 315
174 228
344 106
254 302
314 50
92 83
264 327
292 260
185 335
4 242
293 16
234 250
38 63
133 255
280 275
36 86
89 302
114 283
217 184
165 305
77 170
88 210
24 322
116 309
40 151
82 298
58 118
39 98
26 77
230 17
300 154
114 65
337 183
161 102
227 103
254 250
228 238
203 286
258 242
320 172
204 257
321 160
66 309
85 83
276 180
89 81
87 202
124 315
342 229
195 4
163 151
117 229
37 171
20 302
115 11
230 28
167 256
245 164
140 58
74 169
159 172
75 334
227 238
5 337
254 289
66 274
246 181
146 73
132 273
323 206
314 317
310 339
233 89
37 206
152 183
151 314
91 283
243 69
47 243
10 327
318 285
145 287
281 92
328 170
83 144
124 4
109 162
112 262
336 54
165 82
239 63
54 188
306 64
171 280
5 316
124 66
133 144
111 159
148 122
223 163
39 126
14 277
82 179
15 321
145 69
133 238
288 40
111 315
107 94
225 265
98 104
83 40
230 97
317 312
276 332
85 339
281 261
258 178
244 230
99 125
139 16
230 65
1 322
142 305
201 287
306 137
106 207
330 19
40 0
142 187
132 143
312 184
242 0
319 37
51 148
272 52
125 316
259 262
205 308
155 311
170 42
232 113
42 276
300 175
169 236
255 87
144 77
82 146
95 287
110 152
155 182
194 42
295 138
220 152
69 47
23 227
134 120
294 155
338 93
233 75
240 230
17 252
173 238
94 44
176 60
20 199
189 57
221 182
230 72
337 223
166 127
298 308
12 217
117 198
193 108
50 62
8 342
267 86
246 63
233 34
69 170
232 88
194 149
221 201
196 229
315 158
209 157
210 111
122 0
145 160
128 304
266 39
319 237
209 109
325 134
190 177
326 169
142 79
56 308
231 168
321 256
169 23
71 297
328 240
139 158
2 75
154 114
42 155
287 1
20 75
71 244
95 152
12 234
2 34
41 96
121 43
187 227
50 132
284 239
35 207
216 106
106 203
249 275
83 265
136 95
154 31
75 59
65 18
155 187
24 151
111 321
185 298
117 220
160 334
228 168
94 34
280 83
79 319
5 156
194 71
160 138
289 51
63 129
71 36
136 165
324 253
220 305
14 94
1 170
228 286
256 74
338 221
105 244
311 30
98 21
239 324
176 17
318 185
279 106
276 208
124 187
282 117
17 23
301 230
300 251
234 53
33 6
48 220
60 212
255 339
318 234
177 249
338 282
321 57
325 240
327 183
125 283
90 262
293 24
244 288
264 304
155 174
201 128
310 33
32 310
335 26
109 215
312 235
153 304
343 217
144 262
79 299
338 280
83 303
215 17
290 72
322 276
201 86
146 71
223 201
161 277
340 305
96 321
161 336
197 28
95 113
189 198
102 237
171 325
258 243
64 192
20 127
27 15
336 151
17 149
199 214
80 265
138 216
232 23
163 62
314 158
68 129
224 324
162 153
339 152
178 233
205 97
284 59
311 19
325 7
138 61
84 33
343 230
15 266
3 239
245 166
47 142
30 80
225 216
100 29
82 243
301 69
178 315
200 83
145 117
5 148
258 152
294 91
98 213
308 236
136 64
209 123
92 42
121 97
296 266
215 203
10 90
336 305
83 326
186 157
196 186
272 61
77 310
27 244
86 236
269 80
181 264
293 204
17 244
102 245
164 14
319 74
133 136
151 60
100 131
30 14
266 202
341 4
23 289
208 40
90 137
76 94
37 143
200 330
4 239
295 137
277 102
99 32
233 26
287 328
22 284
234 46
333 221
136 312
315 173
110 79
19 147
73 18
265 342
204 154
43 335
153 279
211 289
163 221
223 228
145 32
271 165
82 244
319 158
182 47
292 283
159 237
273 214
171 139
159 319
222 179
232 40
302 111
170 188
343 218
123 269
70 259
18 252
209 96
3 248
32 93
114 57
264 301
235 117
171 157
262 155
344 138
238 52
201 58
42 318
44 186
147 322
165 70
71 29
334 202
4 104
175 107
64 217
80 10
40 104
226 89
328 10
120 227
5 187
200 157
105 243
259 341
2 27
131 294
262 97
9 126
280 49
74 160
244 79
236 175
321 244
36 304
210 298
303 278
198 312
306 134
264 93
197 304
5 25
109 143
102 93
42 325
337 184
100 144
297 106
332 216
199 184
77 211
13 197
124 329
162 227
325 106
207 317
192 315
40 292
149 304
65 3
121 166
40 198
51 252
319 175
139 38
144 69
338 238
39 33
100 246
205 137
338 28
338 33
87 179
179 308
257 318
1 216
187 333
285 227
268 125
49 81
305 42
109 298
75 238
323 64
72 157
27 231
33 28
5 27
262 15
321 186
42 161
209 315
164 230
263 240
206 344
231 236
330 83
157 307
269 102
123 133
72 197
172 78
319 293
43 139
80 307
281 105
105 142
104 61
278 237
199 98
30 118
240 16
323 27
62 31
183 54
332 279
169 187
32 199
215 310
128 95
99 301
180 276
275 255
200 164
6 123
27 115
297 145
240 221
167 241
178 285
0 271
316 180
134 201
210 290
27 140
200 129
304 291
55 213
69 329
230 21
129 213
4 272
336 171
168 71
14 168
343 232
191 40
206 56
232 135
98 88
264 305
281 221
40 268
58 285
290 151
4 152
207 237
189 208
227 109
232 243
318 93
105 150
52 239
287 339
280 122
212 225
279 37
135 315
115 81
18 123
231 251
206 118
13 148
154 324
51 336
101 263
37 53
314 295
79 116
337 214
83 59
129 216
310 237
334 170
52 249
229 271
190 219
273 35
80 254
53 72
74 165
296 59
122 167
71 39
283 202
310 39
90 57
258 156
187 88
343 48
91 93
179 217
210 99
277 28
314 114
55 100
239 216
158 328
206 153
103 198
32 343
318 123
242 69
164 107
136 344
2 105
16 12
189 270
325 24
124 190
82 97
215 75
46 316
266 34
96 197
169 66
337 308
233 116
194 266
38 241
139 161
74 278
215 213
255 223
112 6
322 282
319 128
333 213
338 123
329 48
340 1
318 190
268 259
333 309
196 298
73 106
78 185
112 56
86 260
38 187
29 34
188 2
126 13
163 114
225 238
264 200
158 43
203 133
149 281
221 261
239 147
62 108
197 237
37 287
283 46
34 140
44 255
58 111
166 22
219 29
267 160
162 64
225 20
59 289
171 309
190 162
169 126
204 115
54 342
274 122
19 50
151 45
205 185
108 64
294 113
318 149
178 187
5 116
114 279
329 291
341 208
78 104
174 27
218 19
36 177
184 256
229 166
203 62
8 18
122 115
155 283
239 329
192 336
160 323
158 18
287 68
283 23
120 80
52 252
270 227
336 327
214 131
147 119
35 241
18 63
86 125
80 206
111 38
274 37
266 235
301 135
157 205
303 121
243 223
81 271
35 175
196 51
248 307
149 168
209 17
328 111
187 188
66 319
269 160
24 127
341 141
212 201
263 323
219 246
89 308
89 224
296 155
205 1
72 169
329 320
219 8
5 176
181 194
237 249
34 155
227 155
304 219
20 295
98 316
8 198
196 213
284 188
21 262
341 157
110 30
114 108
326 281
312 178
250 335
160 221
160 226
312 240
195 56
276 305
333 47
298 76
25 314
86 298
83 67
136 51
147 89
274 141
283 164
132 245
283 327
301 116
164 143
267 91
112 8
323 82
149 125
171 73
80 152
195 25
55 35
190 187
280 128
71 236
147 260
83 311
163 3
171 141
85 222
168 256
197 151
62 160
195 30
95 254
162 132
30 325
37 103
325 191
182 178
244 147
326 60
174 304
338 203
236 238
269 136
40 262
98 250
212 153
76 192
126 304
263 39
145 215
100 152
288 328
189 288
188 237
127 152
342 292
94 92
204 141
277 237
177 122
312 257
305 237
121 174
165 248
228 162
156 204
20 21
155 72
49 7
225 228
326 220
84 188
112 343
271 262
76 91
67 305
253 165
24 107
179 37
336 59
167 138
19 75
309 247
51 42
249 121
185 336
87 111
193 179
14 184
141 182
224 62
159 90
211 110
41 203
238 42
112 289
331 325
310 236
3 52
129 90
164 227
68 79
314 279
91 10
137 69
247 31
13 261
222 0
138 146
142 267
139 208
51 207
24 14
289 24
248 89
32 63
341 168
98 219
168 241
210 306
130 182
196 333
67 119
1 217
208 93
337 134
277 271
198 87
205 194
255 303
315 326
189 145
229 208
156 175
93 237
81 119
324 193
220 81
29 64
128 120
39 12
230 196
187 38
105 253
320 255
130 156
230 113
275 108
7 156
301 227
140 233
292 170
255 331
183 42
84 272
327 190
82 144
342 296
159 29
107 291
54 52
279 138
146 128
17 48
223 327
69 180
279 313
34 341
244 141
287 288
81 342
255 177
119 303
305 82
14 322
243 174
118 25
53 187
155 141
328 54
185 271
5 299
215 42
294 15
217 315
287 172
59 297
159 215
340 45
171 180
218 71
3 43
25 188
322 310
25 328
166 185
129 120
337 143
75 51
95 137
168 90
182 340
173 302
313 176
247 84
340 207
145 72
143 51
329 140
231 272
50 59
131 265
137 33
5 270
207 180
36 248
35 278
50 40
318 203
76 205
343 166
260 131
340 310
190 126
132 230
159 137
57 268
73 255
242 185
69 302
51 60
94 253
281 311
71 343
5 31
168 225
26 242
37 300
327 172
231 127
259 202
331 26
146 48
10 277
164 104
193 23
309 264
268 314
295 92
96 224
81 218
305 312
247 219
169 135
148 218
71 96
99 137
102 88
37 295
117 282
120 314
193 265
87 314
79 137
304 160
162 59
297 265
215 63
140 234
1 260
204 277
132 299
198 39
251 29
245 65
32 87
132 337
247 294
298 101
116 2
338 332
66 134
296 327
282 1
24 68
344 129
73 244
331 228
247 135
80 102
85 72
168 209
105 30
191 130
20 283
245 116
193 133
247 342
269 327
99 63
178 106
30 24
41 123
116 48
154 209
178 155
155 120
229 55
237 324
189 41
322 15
23 323
325 103
269 67
343 299
338 286
220 70
289 321
57 235
276 5
261 201
329 143
186 121
333 179
309 313
4 66
289 190
196 287
178 118
56 11
115 10
108 316
150 225
311 243
211 9
199 264
97 93
91 139
5 206
51 270
85 181
152 326
206 307
102 288
180 215
297 149
6 260
176 97
301 83
255 290
189 320
41 341
301 37
102 163
8 179
322 208
231 250
261 299
246 85
127 77
183 83
138 280
294 179
178 152
216 281
43 226
199 267
89 85
74 5
217 188
239 344
167 324
83 132
269 174
12 302
45 92
11 163
275 229
281 220
110 135
143 199
122 217
106 63
251 167
225 321
108 317
282 299
320 229
48 224
216 329
99 228
21 144
82 143
264 90
108 290
14 99
309 1
34 4
20 218
205 340
103 154
327 53
33 100
328 305
179 312
103 98
58 211
290 276
270 204
246 290
38 196
270 75
282 64
123 287
64 181
15 184
215 45
107 40
287 279
225 97
122 162
104 128
329 159
40 246
245 157
198 136
227 218
89 188
343 130
91 210
343 316
35 176
304 57
200 246
160 61
289 251
159 74
56 115
129 55
340 279
71 30
110 144
71 317
120 62
176 81
215 238
142 62
145 203
136 73
189 175
51 238
286 194
55 259
126 68
40 162
144 342
245 188
59 292
20 93
191 111
220 321
108 1
44 166
35 193
107 182
36 68
129 330
165 150
326 258
261 152
58 168
275 77
17 150
54 247
193 155
184 283
189 121
33 296
206 316
19 335
337 58
29 169
73 276
248 172
217 92
195 152
290 56
123 211
294 327
297 336
69 198
197 308
158 129
35 196
222 78
168 125
152 287
94 64
275 8
102 129
327 1
37 141
239 109
203 192
300 319
4 132
261 130
83 146
33 22
189 163
342 83
315 141
256 339
330 16
27 224
339 287
163 15
329 47
24 245
79 107
46 113
129 137
178 126
220 255
159 191
52 317
87 284
333 176
55 282
204 66
134 269
81 118
316 105
114 214
66 243
304 333
305 309
197 195
141 140
113 196
242 147
134 115
252 54
315 268
69 275
85 243
231 281
302 191
288 41
140 78
276 304
94 75
190 261
185 161
187 86
54 246
32 285
84 334
33 330
45 321
26 144
33 68
124 211
28 219
286 37
4 33
96 287
200 98
184 152
339 275
102 186
100 338
126 105
273 229
171 51
123 172
324 89
19 339
150 182
273 54
144 334
182 196
192 20
336 43
292 65
342 317
237 338
181 216
339 3
308 145
118 1
252 300
140 93
113 332
279 289
62 154
84 57
59 294
111 305
311 229
208 120
8 129
303 4
238 297
33 192
227 312
59 167
265 163
118 279
26 332
65 136
107 152
1 18
22 301
179 294
336 66
37 258
168 204
76 287
40 4
274 106
160 142
301 344
4 225
202 281
42 12
247 298
247 287
112 14
45 40
70 206
107 186
154 310
224 272
157 202
118 109
62 181
281 306
313 326
1 285
116 197
162 199
25 41
126 324
119 186
104 196
13 82
95 76
284 133
12 286
320 102
27 92
299 201
265 18
306 84
171 81
172 255
221 24
123 310
309 218
288 129
164 163
70 139
167 344
133 23
201 53
41 159
331 318
229 109
342 82
336 120
240 237
233 46
22 52
112 92
93 279
92 227
303 195
151 56
148 274
270 41
49 220
112 33
129 81
187 221
318 145
293 327
228 100
285 187
30 190
244 301
231 195
42 190
65 281
188 258
77 9
46 26
28 178
148 297
155 244
145 233
325 243
272 207
198 116
120 234
165 182
54 305
261 82
139 182
151 189
139 289
310 186
275 60
288 203
180 269
3 316
55 44
208 56
36 75
242 116
120 74
9 55
267 118
335 298
336 227
26 46
271 288
138 36
111 45
99 52
271 10
185 61
190 267
112 263
153 13
58 90
202 178
132 92
214 141
39 104
303 159
190 83
56 178
117 292
149 331
204 122
149 243
25 97
147 118
324 267
97 261
102 199
223 283
107 253
252 112
264 66
302 134
58 104
253 37
26 74
221 28
281 318
191 200
188 55
170 192
156 304
242 66
288 257
100 98
272 267
164 229
56 222
161 261
188 37
325 100
340 150
12 251
88 254
317 279
69 320
127 200
67 234
180 255
213 261
186 208
262 326
287 5
137 162
284 108
137 316
6 281
167 35
299 105
278 36
212 297
192 80
289 331
218 108
113 7
115 16
271 24
199 341
40 261
96 319
199 14
213 76
147 230
11 338
217 229
71 111
90 343
37 289
182 281
157 263
195 42
329 63
118 33
293 32
273 67
163 276
48 149
184 21
19 199
120 162
100 205
1 163
81 236
1 149
253 177
108 26
84 58
80 338
94 23
164 194
228 165
160 328
62 16
166 14
143 38
332 251
46 33
317 112
227 102
179 142
27 60
139 89
43 103
106 149
69 174
65 212
114 52
20 226
241 126
262 80
68 23
131 138
99 196
252 213
151 273
52 341
125 181
96 134
126 248
99 115
93 250
43 288
164 284
103 101
249 148
282 229
105 212
56 313
83 88
210 126
233 196
199 0
24 39
276 176
79 26
208 130
38 203
149 128
299 285
324 237
140 203
120 71
34 209
195 15
236 203
33 200
199 205
270 62
237 308
168 327
84 17
145 237
76 26
31 255
8 171
15 30
240 340
100 1
135 299
108 61
263 247
271 86
229 258
5 166
49 52
58 125
78 337
282 334
163 199
205 119
22 232
293 80
279 219
68 163
329 83
282 47
343 2
149 17
321 275
34 343
162 195
30 12
177 309
29 168
154 3
318 109
334 197
286 23
120 226
92 152
101 122
223 323
38 32
326 244
198 241
153 238
42 188
43 33
57 338
272 253
51 87
95 204
288 134
192 37
277 154
73 0
65 115
91 5
176 36
186 9
339 15
140 313
322 235
55 272
343 224
302 284
183 160
175 116
68 316
84 293
153 230
177 147
200 233
321 226
317 65
290 275
254 17
217 340
80 71
187 241
128 271
91 237
294 224
300 270
105 219
187 50
295 132
227 106
51 2
73 274
42 260
73 170
309 323
213 334
115 1
334 123
123 313
102 310
149 64
182 124
286 216
198 30
282 163
8 150
214 71
194 81
172 199
46 339
141 116
181 179
317 324
207 259
195 61
126 101
283 82
97 332
104 143
188 25
29 185
91 129
6 286
92 99
320 120
201 160
202 161
215 11
177 128
163 176
319 344
179 64
151 144
203 145
305 295
147 281
71 250
343 175
66 213
88 145
173 197
163 255
163 90
267 314
0 125
112 318
226 139
143 125
293 119
289 121
0 144
171 159
172 76
216 342
80 66
116 271
25 282
224 278
75 276
130 143
49 33
190 344
183 16
218 232
285 319
285 58
317 20
193 213
325 129
66 17
87 43
293 218
186 245
153 278
295 206
94 41
44 281
254 52
92 136
181 230
290 149
248 33
192 196
251 281
343 306
297 66
6 53
95 330
248 240
320 59
293 314
195 31
199 141
181 102
174 28
201 327
309 199
288 81
147 252
195 186
7 290
42 321
36 283
233 133
314 87
274 150
92 5
332 292
147 177
221 78
300 72
127 153
287 52
5 216
105 97
45 111
282 94
45 67
291 247
41 14
112 208
253 169
71 123
216 199
116 219
337 260
120 116
250 165
130 188
162 321
290 2
11 332
16 25
195 171
194 168
294 312
269 128
64 144
260 47
5 113
284 214
270 135
181 195
166 5
138 317
231 202
116 125
42 32
172 197
324 309
255 249
266 7
341 173
120 15
275 306
229 102
97 313
297 165
220 337
137 106
195 254
133 139
188 208
238 69
172 62
219 330
311 42
215 15
224 47
321 11
150 320
226 4
140 3
342 180
11 94
336 144
150 329
91 25
314 304
314 208
168 87
223 294
36 102
207 186
77 88
191 120
300 4
184 291
51 221
250 177
104 160
202 321
24 272
251 331
188 231
322 281
253 315
303 26
235 330
233 141
64 80
286 71
240 144
47 166
71 259
218 195
260 26
257 159
129 116
177 6
130 135
279 21
22 168
64 334
150 5
60 45
114 123
268 332
220 85
260 57
338 75
118 181
142 248
156 330
12 91
253 282
161 317
271 311
225 233
261 79
54 177
136 47
154 157
307 84
173 118
316 186
111 225
123 272
99 296
184 54
60 328
328 263
50 147
54 35
331 57
171 62
175 44
248 189
18 271
126 159
152 310
115 114
195 0
147 277
153 28
215 109
294 297
261 198
67 164
289 238
339 307
121 219
235 84
139 170
231 286
217 220
149 182
36 208
270 297
183 238
73 72
32 210
36 42
329 231
35 254
199 29
289 252
186 127
102 79
152 62
301 167
103 285
300 267
320 173
83 41
218 94
123 157
59 314
64 245
344 111
191 88
67 58
98 153
97 165
177 21
237 301
80 199
99 269
157 63
53 287
159 218
199 102
267 60
219 62
261 188
0 262
113 157
325 40
229 116
41 44
236 204
263 282
152 73
81 253
176 308
106 0
62 286
181 225
130 181
143 145
240 25
185 205
306 70
108 279
299 260
254 282
70 85
245 176
86 171
58 50
276 242
224 321
42 120
1 130
102 8
211 118
25 320
299 226
163 208
196 310
286 184
136 247
234 249
43 67
48 268
43 338
123 74
245 107
333 135
309 53
343 160
19 187
246 155
306 34
105 257
250 149
96 28
224 252
155 208
275 55
156 206
64 120
183 279
151 84
122 298
177 228
112 36
279 17
88 277
292 214
86 102
324 17
290 215
335 319
221 75
155 27
160 146
170 184
67 113
187 248
130 177
46 71
223 280
158 315
225 313
342 40
17 69
318 194
34 161
0 66
338 329
46 287
55 127
228 82
180 322
232 338
307 93
55 324
279 278
101 181
186 123
75 56
70 147
132 133
79 266
127 273
281 336
27 257
297 129
93 199
147 312
284 124
270 9
174 223
112 306
259 191
227 41
279 44
169 60
294 23
203 173
200 11
54 29
137 68
335 51
259 119
339 281
283 175
228 13
280 52
173 4
38 279
178 26
323 33
285 279
309 77
30 262
320 271
101 81
59 329
283 70
27 163
138 103
281 44
99 147
23 3
167 323
226 268
41 229
4 3
115 0
244 54
318 174
119 13
179 287
91 20
184 28
44 283
175 314
270 11
279 100
5 300
326 31
321 62
82 66
66 266
94 110
107 172
5 252
305 242
67 145
224 259
133 107
290 109
169 166
78 251
75 130
133 308
46 95
239 243
54 322
218 57
49 344
317 183
9 262
330 26
250 230
146 207
72 318
227 171
241 99
71 213
33 132
160 265
60 49
40 133
265 159
301 192
340 276
166 174
247 131
134 199
200 274
244 40
256 179
172 71
100 134
23 42
169 36
234 89
98 92
184 340
71 7
202 318
139 337
23 28
315 84
57 104
178 80
338 117
276 177
14 202
209 189
306 250
149 106
64 224
177 34
308 181
270 153
41 104
331 56
44 170
161 252
252 254
266 268
140 109
81 144
166 172
276 283
68 237
157 14
309 221
266 189
120 210
15 310
0 183
135 43
187 194
15 255
268 214
267 199
338 212
4 204
88 271
40 157
122 200
43 258
243 237
32 332
145 256
12 218
85 309
112 75
137 161
186 273
331 128
86 186
86 110
41 129
23 187
268 302
317 71
191 249
237 179
254 6
126 169
141 114
280 85
145 205
129 317
323 4
73 128
217 286
35 29
194 4
26 31
207 54
335 117
145 262
182 146
123 127
45 38
14 193
99 22
140 103
254 130
215 77
125 275
179 342
191 246
287 236
284 75
316 6
58 205
53 299
223 296
144 265
54 300
50 269
279 104
223 59
205 245
320 335
53 34
158 1
205 37
297 251
204 253
177 42
261 302
3 197
324 24
108 343
71 84
334 124
20 86
139 142
30 0
81 327
153 286
236 262
304 261
175 308
113 338
17 280
91 88
315 197
241 246
229 165
264 22
82 264
239 289
82 69
154 195
189 327
162 280
24 37
285 339
147 181
128 325
295 113
146 92
304 228
63 113
325 28
340 170
258 158
7 329
72 168
111 259
64 160
135 251
79 225
218 45
338 101
49 180
156 191
262 267
188 107
260 323
289 292
63 163
337 56
264 312
292 92
201 243
174 73
338 331
155 272
128 229
149 290
109 65
147 321
248 91
170 311
269 322
32 119
316 233
264 146
208 159
34 30
317 91
303 13
133 333
242 283
131 55
74 302
21 133
110 53
312 82
286 231
130 52
293 66
82 265
278 291
131 112
95 18
339 71
320 262
204 342
110 217
299 239
193 61
52 177
326 209
120 161
57 298
238 90
312 125
143 23
35 21
285 240
112 315
299 206
106 6
39 334
117 61
261 43
167 228
70 98
192 116
121 129
137 309
24 57
274 194
142 207
51 248
115 90
212 314
236 34
99 306
133 193
324 156
323 18
22 249
322 284
288 154
36 196
97 80
328 174
309 194
316 78
168 148
163 50
206 43
68 229
292 46
200 106
249 319
97 238
142 68
316 110
177 331
79 1
134 242
51 341
67 197
174 169
206 65
23 294
268 42
220 21
280 264
336 153
72 176
74 343
293 201
35 263
54 209
209 192
56 318
230 294
127 161
172 92
98 328
19 173
228 313
276 263
29 318
245 206
243 190
42 201
150 193
335 269
115 163
263 115
48 283
96 39
9 125
259 255
234 50
35 70
294 235
244 311
300 163
329 3
3 174
198 277
304 258
20 193
308 287
309 277
77 209
1 152
304 220
54 42
278 154
319 277
264 180
92 284
29 56
226 314
69 23
25 322
129 192
72 188
230 56
84 106
288 218
285 72
52 181
305 77
158 257
104 189
190 325
177 313
24 340
318 259
344 260
143 189
163 124
319 275
6 171
15 187
0 107
75 78
73 17
179 305
163 214
291 327
257 55
96 270
76 102
96 10
114 13
194 97
157 64
46 336
271 112
205 218
94 101
41 253
156 39
144 158
273 113
67 25
112 66
41 76
314 4
124 97
252 236
123 249
309 156
315 238
269 37
61 128
283 31
227 194
79 334
83 104
140 149
274 6
305 245
146 230
282 311
168 288
237 260
2 176
193 284
20 301
46 228
57 125
217 141
230 259
290 159
265 250
306 314
37 146
280 108
89 232
327 229
148 231
307 341
200 172
288 246
88 334
224 81
189 319
294 73
203 344
304 165
243 32
147 98
47 17
53 30
79 144
251 276
217 110
275 79
275 173
173 316
132 214
154 44
302 203
110 11
155 41
120 275
53 298
9 231
211 202
338 184
179 126
249 109
179 105
94 335
62 132
30 306
15 58
5 267
132 156
31 213
163 125
204 263
334 332
64 115
194 341
323 210
301 307
186 306
17 93
228 51
265 314
287 26
227 263
65 216
250 228
246 131
114 224
88 236
99 109
22 328
63 173
47 328
143 236
256 31
258 138
196 225
10 4
108 193
324 335
136 222
308 224
164 78
0 227
112 297
284 23
230 99
226 74
332 334
267 110
26 310
65 289
20 23
12 196
225 78
145 115
303 145
192 24
14 267
111 24
251 123
220 258
267 72
329 148
150 129
165 119
98 45
237 217
121 255
209 186
24 223
247 15
161 122
96 159
134 148
62 173
159 228
194 182
41 82
155 250
268 82
128 32
54 124
169 150
200 30
61 24
221 307
37 49
231 110
26 143
73 48
75 23
231 129
49 303
181 235
163 283
265 225
307 43
89 295
229 127
344 200
13 133
324 227
268 186
144 116
208 308
90 263
74 179
306 17
60 222
8 31
36 230
134 200
87 185
187 43
208 191
244 260
197 296
89 107
328 145
40 266
37 51
217 26
236 60
316 8
102 104
61 55
327 207
316 179
159 60
189 44
20 293
181 238
320 319
328 192
28 332
199 337
199 260
262 260
206 331
238 74
3 282
29 271
164 108
185 19
301 168
113 232
126 99
148 227
262 66
45 140
126 312
227 54
239 142
157 27
7 223
37 192
144 240
262 257
225 155
285 238
341 330
236 159
115 53
195 311
91 222
199 137
118 117
205 216
9 145
109 252
130 142
323 268
203 166
191 221
219 0
213 318
77 304
343 215
265 191
126 125
62 135
43 302
216 268
127 322
100 211
183 90
9 162
296 107
340 295
171 3
64 343
202 294
179 330
206 175
309 220
74 319
284 26
81 279
127 221
149 276
72 115
177 149
124 34
0 206
266 75
130 127
250 167
338 228
114 321
64 337
281 192
260 265
122 234
39 309
235 39
170 157
39 215
289 32
255 64
51 192
333 61
210 173
15 249
137 153
310 208
164 53
32 90
254 72
207 198
6 207
158 262
173 111
180 295
308 70
12 173
243 274
325 35
82 73
281 310
101 313
15 102
184 26
336 19
89 333
29 235
263 9
172 0
82 72
295 265
37 298
136 340
176 335
294 191
339 133
331 117
82 4
181 120
297 78
193 129
315 44
320 211
178 193
98 134
191 186
82 235
127 136
42 331
303 150
315 256
229 65
109 15
313 189
110 66
324 301
155 61
134 16
80 118
99 150
61 43
36 3
266 15
139 278
137 138
81 173
193 209
270 4
104 262
76 31
75 200
136 58
267 291
200 337
339 206
311 223
216 42
254 131
191 117
318 86
325 95
14 326
52 17
136 320
332 84
260 38
231 135
124 113
94 283
58 132
258 174
93 81
46 292
267 192
97 107
335 215
180 66
18 313
201 44
81 87
85 77
272 46
209 87
122 204
228 216
0 31
76 180
98 341
288 131
288 28
208 215
321 319
302 98
169 233
245 27
333 6
255 213
102 255
337 245
296 185
162 174
159 120
273 338
221 7
34 131
122 39
288 269
218 182
71 197
126 173
120 201
288 282
245 103
343 9
321 127
203 340
57 79
2 339
33 303
141 269
97 125
26 217
319 114
223 220
25 200
249 228
195 208
210 197
202 225
125 235
248 296
51 247
22 77
323 72
303 98
251 153
306 116
252 66
243 33
301 82
258 0
198 261
240 333
253 338
65 162
283 195
12 92
93 145
91 7
47 301
120 134
76 262
255 91
267 320
254 159
234 94
186 65
271 297
223 212
12 52
226 59
255 49
206 277
86 283
202 339
154 21
9 313
170 98
33 96
50 158
210 11
32 125
184 122
210 293
55 198
231 152
308 303
61 67
327 8
313 337
223 40
90 158
136 42
28 265
165 115
42 30
228 196
154 115
63 106
308 292
17 276
186 240
218 178
54 256
160 175
342 344
276 268
119 340
155 175
12 120
184 320
67 201
154 254
343 27
334 52
325 1
287 160
91 285
227 338
122 168
231 60
300 201
163 109
12 162
38 1
211 344
225 154
159 317
269 223
115 293
92 112
91 70
29 293
10 343
222 300
27 103
11 88
322 7
230 326
53 189
192 237
134 37
222 194
92 310
223 314
167 250
319 80
334 107
99 121
88 196
287 49
183 2
235 47
84 276
119 208
75 250
329 243
58 304
323 299
157 313
61 159
10 291
342 297
341 180
227 292
158 213
223 277
323 251
317 295
47 280
83 231
220 326
24 26
312 149
246 16
85 198
34 223
76 325
117 78
109 103
310 329
331 279
61 199
32 85
128 344
136 236
291 93
208 32
157 127
151 135
107 243
223 127
321 332
132 188
316 118
24 279
220 57
303 58
141 150
159 179
122 213
314 131
81 45
66 202
332 286
161 156
214 332
270 21
36 96
313 97
310 48
124 323
143 284
313 224
179 298
152 69
239 314
225 85
89 94
115 48
235 53
150 321
196 116
259 309
99 67
36 78
325 27
74 299
288 189
3 178
144 49
37 294
26 233
312 298
110 309
121 24
101 172
315 95
152 65
99 57
106 183
95 34
318 309
107 6
343 331
255 57
152 122
324 274
241 34
90 42
225 177
35 198
281 219
280 291
127 165
28 125
67 52
325 308
87 318
1 9
234 44
263 117
282 294
72 336
134 156
233 102
49 16
207 29
325 196
249 233
233 59
132 231
17 285
159 91
276 21
22 158
218 272
293 140
150 216
64 285
276 32
10 310
165 196
264 246
222 70
55 240
10 20
146 52
181 207
228 314
172 3
234 72
37 209
343 203
111 220
273 166
88 261
139 269
123 86
56 13
159 199
36 205
2 14
144 335
207 320
43 202
317 68
288 158
322 344
74 39
101 110
244 151
40 117
338 42
33 327
328 257
313 29
4 109
157 247
190 195
16 264
152 262
260 88
175 52
94 81
161 51
298 319
336 98
20 7
265 254
192 47
168 246
211 330
334 110
131 237
289 221
174 340
199 207
214 155
31 338
253 223
288 323
167 342
205 197
72 149
107 148
177 263
29 31
125 166
153 340
223 185
310 80
137 321
107 206
57 178
115 31
229 222
179 276
16 258
194 45
87 256
292 30
111 301
236 84
316 293
112 60
101 190
67 219
181 56
130 206
10 24
341 302
54 9
258 291
141 61
12 135
20 340
26 121
185 340
52 29
19 106
299 34
213 96
95 334
124 104
95 28
297 186
20 82
248 319
111 169
81 52
250 35
33 83
10 54
159 145
326 26
119 266
167 214
294 302
206 246
144 227
103 342
118 184
122 37
44 57
23 54
112 18
65 71
240 268
53 91
226 161
240 272
221 49
166 257
167 329
204 258
157 269
84 63
225 262
237 170
290 113
121 315
256 257
190 288
173 331
81 306
147 92
335 231
196 282
10 121
5 131
91 261
43 188
338 17
299 86
305 153
99 135
212 174
121 196
135 170
288 27
56 0
286 154
185 117
144 97
238 149
130 232
312 76
93 276
294 53
188 199
50 63
37 240
248 229
52 295
326 290
1 112
79 314
234 28
194 27
314 231
227 311
242 33
98 294
328 79
239 231
200 183
277 279
209 160
290 336
196 16
323 156
233 220
189 331
305 61
89 63
147 21
90 11
132 282
204 147
322 43
154 113
99 335
72 67
31 292
342 80
216 242
52 208
146 157
16 252
206 333
210 271
331 89
202 136
28 14
271 134
293 302
328 193
310 245
177 13
57 95
265 264
190 218
220 62
100 202
281 129
263 67
162 254
54 325
83 205
334 344
201 23
121 320
133 286
42 102
11 339
13 257
139 241
292 64
336 65
137 227
143 34
281 87
291 50
20 206
210 34
175 251
275 59
23 124
56 16
318 95
244 284
319 118
107 220
157 50
76 185
293 260
280 25
85 92
237 12
0 293
257 265
293 20
140 62
297 338
337 103
263 174
30 332
40 17
80 179
127 59
53 73
234 212
276 90
93 297
337 258
126 23
40 326
247 317
31 16
252 167
154 265
86 203
129 223
196 308
222 109
79 56
6 327
29 314
130 17
118 284
282 204
330 213
275 200
164 77
88 332
66 167
183 314
94 301
155 279
63 199
247 48
67 80
248 63
42 327
257 32
199 153
21 222
62 248
52 125
4 201
274 10
137 115
111 239
283 192
298 268
80 262
73 132
290 77
333 20
148 333
119 246
216 296
149 258
309 30
309 72
187 37
204 132
114 94
54 66
266 105
55 288
6 173
141 164
16 259
234 166
236 206
202 219
169 321
253 58
102 208
264 238
30 57
1 238
187 132
254 162
95 342
159 166
220 139
33 262
229 286
320 331
52 142
127 329
137 71
269 47
233 230
139 258
159 200
198 224
112 7
217 239
270 115
207 204
60 33
251 195
12 304
327 73
75 207
283 294
90 277
31 15
294 98
303 65
91 111
163 9
215 65
29 160
332 6
117 323
18 208
157 297
50 130
98 256
22 163
168 105
338 38
72 144
315 3
207 302
10 230
125 47
93 243
8 331
93 263
166 258
173 166
169 195
202 224
278 275
271 248
278 133
265 232
238 260
273 40
54 141
76 147
307 232
310 131
117 248
36 314
143 203
118 234
90 252
149 318
283 16
6 268
212 32
238 130
93 2
83 32
218 129
235 322
67 9
113 73
303 289
282 48
197 293
266 37
265 273
207 319
224 101
5 90
219 291
103 188
149 330
19 9
331 146
12 337
21 17
23 246
288 82
312 301
341 264
138 118
46 284
130 313
127 93
297 39
74 246
265 93
112 111
175 326
246 134
135 39
155 84
304 68
283 315
310 121
160 312
163 328
94 138
159 161
212 307
197 249
1 7
333 226
195 287
10 45
26 115
12 336
236 250
156 299
119 221
54 31
94 334
324 291
107 82
260 35
26 238
306 129
183 262
160 58
279 156
47 258
202 127
110 131
215 212
291 176
90 274
214 40
187 218
326 102
231 139
307 173
300 199
295 222
171 240
45 164
169 161
281 236
339 262
338 127
304 40
183 266
115 272
332 70
253 283
262 54
294 217
280 163
301 176
206 93
236 44
261 7
218 249
324 148
298 285
179 150
157 236
301 8
212 159
86 248
108 194
244 247
238 160
311 233
161 302
201 77
276 57
17 12
207 76
151 280
169 9
169 276
126 86
81 266
148 335
126 343
135 184
178 342
163 329
179 234
339 24
202 15
3 326
218 236
234 143
90 222
43 11
113 126
69 217
103 46
123 7
200 24
131 110
88 142
101 42
334 114
160 88
86 279
285 54
145 249
244 269
159 1
293 192
14 284
334 115
326 38
232 51
156 221
37 21
312 332
333 101
220 2
20 268
150 252
221 208
157 343
74 194
19 21
302 127
203 45
109 72
279 14
17 321
88 94
325 140
1 202
45 104
294 145
61 173
136 139
25 19
181 273
304 171
148 137
195 306
327 341
149 55
229 329
191 280
260 230
249 158
115 27
159 102
190 127
131 215
173 263
149 43
273 314
30 170
106 177
146 206
29 259
263 1
141 250
55 246
327 48
212 255
264 267
334 294
92 342
148 219
262 21
272 305
96 334
200 151
235 182
101 4
92 21
325 148
1 256
277 64
126 106
162 18
22 160
8 222
213 145
238 323
160 304
3 268
180 211
276 197
22 340
216 44
155 126
168 270
240 76
84 35
55 22
48 201
285 110
160 190
3 168
32 279
20 55
201 54
71 286
89 28
229 151
150 45
181 340
202 184
20 332
84 292
167 243
287 23
211 288
289 77
130 133
121 28
270 323
44 335
323 110
205 247
145 143
199 344
59 66
143 173
177 175
208 200
60 129
21 225
70 246
252 97
136 108
26 281
183 212
215 239
69 311
150 272
286 287
128 179
276 213
150 101
86 235
313 182
76 21
332 88
319 184
200 180
261 92
20 338
30 199
207 323
59 259
326 145
229 67
282 305
88 219
7 322
161 312
120 170
24 304
278 83
120 259
111 14
238 295
221 228
248 324
329 189
253 134
328 230
252 261
215 274
77 0
40 39
223 112
169 330
295 84
7 198
63 238
27 237
247 331
184 230
118 338
268 28
118 151
265 61
190 143
75 14
129 25
99 38
125 64
276 69
283 206
208 186
192 294
318 311
190 269
201 113
297 190
39 70
5 108
5 36
35 6
131 9
97 110
76 36
24 337
166 268
296 200
259 203
210 166
173 215
57 287
336 155
52 84
120 25
308 73
121 234
59 264
44 318
122 255
42 264
156 215
36 119
130 303
334 117
185 297
190 208
88 158
151 148
77 195
23 101
267 163
182 304
267 203
76 173
213 206
22 23
80 109
15 62
123 286
66 131
196 91
194 283
191 19
142 169
94 10
31 128
318 300
311 28
128 186
114 9
78 140
197 46
173 106
281 271
99 131
52 254
17 146
275 140
342 118
207 6
239 321
118 320
234 230
167 286
41 86
36 265
2 286
307 13
27 169
19 168
289 66
52 209
159 175
64 121
46 105
313 244
203 217
88 106
22 49
121 41
119 168
225 64
136 179
175 296
9 143
183 294
202 46
232 72
192 90
192 280
232 120
164 8
79 289
250 215
124 80
68 133
97 127
198 182
323 302
130 210
277 322
202 124
160 300
76 59
303 140
331 150
146 11
226 243
327 18
283 112
89 234
339 249
190 234
293 59
343 98
245 54
209 130
81 257
44 307
57 84
288 39
5 129
272 241
294 19
32 50
322 107
52 222
254 145
9 34
38 200
329 126
327 230
218 264
288 271
43 6
3 191
16 324
136 0
132 276
28 259
51 204
319 221
221 164
155 95
7 161
41 120
139 174
299 70
274 211
227 150
30 284
285 70
292 194
254 264
64 131
300 293
270 315
314 214
338 108
43 292
199 9
244 81
62 275
268 209
193 110
316 213
344 191
210 84
152 291
202 263
95 258
31 190
23 115
232 327
196 223
43 97
171 35
278 212
240 45
238 119
302 96
262 35
206 195
226 131
212 15
16 298
121 212
177 164
211 148
242 38
85 175
220 253
276 114
27 233
29 33
322 241
195 71
107 274
160 65
209 313
123 126
261 115
293 172
107 68
219 155
61 316
129 70
245 266
301 106
54 1
265 57
82 23
339 121
116 302
166 219
227 212
190 105
8 174
106 62
186 340
105 138
168 255
196 64
31 214
114 295
167 183
169 188
306 212
101 315
288 207
279 103
289 120
0 297
258 168
207 12
134 140
128 155
68 243
105 236
33 186
145 339
300 246
309 244
10 243
249 201
153 81
58 124
22 273
264 252
97 287
334 242
45 148
91 55
293 340
257 214
296 123
230 291
135 190
70 302
132 138
246 41
143 167
271 189
315 17
146 165
35 62
81 124
250 54
163 197
256 253
0 141
179 283
1 94
58 171
231 56
110 254
162 61
26 227
160 184
136 160
205 191
285 342
280 176
115 178
114 76
124 40
146 296
79 256
108 143
25 281
187 204
149 136
216 317
243 123
308 22
164 109
220 243
266 313
130 324
249 286
73 301
123 294
150 268
192 138
283 48
200 324
339 23
293 320
314 325
101 40
311 6
327 287
307 306
157 270
270 65
15 271
197 285
232 166
177 14
142 41
28 282
69 30
287 241
342 260
89 0
9 10
247 341
181 279
195 241
256 150
71 227
82 260
26 79
339 264
107 123
324 116
35 226
112 216
62 211
229 159
9 185
35 69
71 292
76 203
57 102
283 232
38 277
54 318
99 161
180 33
24 19
213 162
237 290
21 196
47 206
40 287
208 139
217 185
142 78
35 195
248 342
314 157
154 10
74 47
146 164
53 244
38 326
25 158
167 69
138 202
264 42
199 52
112 134
80 20
59 155
314 175
152 17
241 11
51 295
211 97
9 138
207 49
280 127
338 36
81 71
107 193
206 187
213 265
342 85
95 52
310 56
189 122
219 92
96 32
81 105
85 321
142 167
47 249
118 73
290 122
312 255
178 156
32 262
15 153
87 180
70 168
285 57
126 94
249 227
121 169
227 156
119 242
9 52
284 165
302 188
198 324
285 153
291 61
322 168
263 106
324 284
4 190
217 13
144 231
339 169
88 32
5 112
202 230
188 44
285 134
204 271
275 232
190 75
119 41
137 120
101 142
6 90
135 107
230 143
316 100
174 331
218 123
81 239
308 227
3 329
268 140
104 271
208 92
188 269
38 73
67 212
313 140
174 246
12 191
218 281
233 225
119 317
66 6
275 40
229 244
155 293
87 123
271 235
118 54
87 32
147 207
313 36
10 109
297 77
233 195
144 118
66 330
292 14
102 312
315 91
344 117
201 215
55 190
299 296
292 219
153 180
55 267
298 34
324 101
186 173
115 190
140 332
184 41
7 40
158 309
277 87
207 126
208 262
18 162
9 63
103 97
236 120
287 278
222 17
326 201
193 161
190 302
287 53
232 139
314 33
114 53
117 40
62 64
91 72
93 215
89 161
152 318
17 247
134 207
106 76
228 49
21 197
250 267
160 269
246 193
112 176
149 246
40 108
152 61
207 39
186 72
197 170
246 199
245 49
294 92
188 205
338 301
300 329
327 340
339 36
303 201
12 220
129 160
209 270
270 52
130 263
255 69
308 15
195 165
344 177
62 339
115 267
97 191
33 250
107 199
285 218
124 210
172 156
129 83
127 339
98 322
159 344
56 221
240 172
143 240
18 272
177 336
127 84
151 202
241 182
285 270
176 285
131 159
322 52
333 236
123 130
62 84
318 92
168 26
294 311
209 136
237 287
323 140
180 164
148 35
256 27
264 339
313 48
147 338
80 112
77 53
106 246
212 191
133 71
48 215
85 126
313 74
183 20
132 312
219 238
115 201
195 328
261 285
200 300
335 70
196 112
246 21
268 331
41 158
54 75
28 273
215 143
28 78
255 265
205 164
234 172
74 333
186 27
246 30
314 274
319 236
216 63
38 30
127 137
240 103
125 81
130 42
72 128
129 279
128 281
282 247
246 107
83 285
39 83
122 149
171 149
133 301
36 321
303 109
6 88
79 214
266 273
6 301
62 167
322 268
276 329
11 329
68 344
105 316
185 18
288 8
193 196
309 324
197 274
197 325
159 208
199 280
24 242
222 71
58 2
102 251
340 278
30 192
258 91
4 58
21 282
197 27
322 257
120 35
259 124
188 262
191 73
117 88
253 49
101 156
60 15
44 22
206 92
120 165
329 234
283 3
322 191
260 192
105 11
336 206
69 298
123 113
320 17
80 181
266 262
330 134
251 314
23 91
318 247
283 25
120 317
112 13
214 203
197 189
122 277
254 96
51 149
40 283
285 128
55 322
225 175
196 337
91 178
36 273
51 61
107 226
67 265
334 5
113 242
213 53
272 226
178 327
203 59
60 302
298 151
135 29
111 74
44 232
328 269
282 51
303 302
168 74
258 342
300 91
227 60
340 153
35 8
227 240
305 18
151 288
287 88
15 200
336 85
274 151
83 229
144 310
191 197
264 140
59 146
35 131
65 242
150 118
88 339
206 329
307 15
146 216
257 338
315 66
117 23
118 176
71 55
307 38
298 14
9 264
272 37
141 14
276 277
297 325
343 196
260 274
153 318
217 162
237 144
101 280
60 59
285 337
238 139
250 94
309 329
73 210
1 114
231 154
334 103
150 319
280 4
104 173
18 296
95 116
271 323
226 125
141 167
185 32
259 76
279 323
188 214
327 195
173 209
94 261
97 189
32 24
70 160
51 6
191 95
173 31
127 1
336 288
77 270
266 168
41 249
18 330
195 159
241 191
283 10
72 218
215 89
295 343
91 189
286 70
114 208
238 58
14 256
5 140
8 148
44 172
340 309
180 315
85 96
298 276
2 292
252 240
5 168
16 59
338 271
118 38
26 203
134 260
251 81
50 280
35 104
133 299
163 28
225 273
157 39
180 15
96 200
53 122
306 187
161 189
283 67
270 342
222 201
209 273
38 147
32 73
3 228
26 160
268 108
210 130
317 328
193 134
74 132
103 0
31 228
103 142
156 43
289 90
90 22
28 260
293 212
312 265
301 270
195 60
172 128
288 177
270 1
311 84
25 15
55 237
182 142
12 10
45 135
138 225
68 37
8 274
107 21
284 152
58 313
190 238
308 215
237 101
187 255
260 240
30 174
113 81
271 205
46 280
134 153
288 53
170 293
77 153
337 74
202 22
150 322
120 264
228 258
62 333
233 270
152 176
225 208
217 50
89 196
203 81
270 307
103 75
172 20
154 302
180 216
193 68
123 190
41 77
294 213
287 300
289 226
80 185
28 154
54 207
12 97
207 158
191 92
240 315
85 226
94 281
95 36
164 317
126 193
30 140
178 331
2 92
84 111
152 105
84 344
99 226
314 284
340 54
68 336
335 65
274 129
6 94
101 34
287 227
171 219
286 150
297 25
149 51
251 118
42 312
26 316
65 197
326 139
45 335
182 22
194 36
307 214
148 133
292 106
297 147
48 75
56 254
114 171
330 262
207 45
184 95
226 33
201 94
144 261
302 230
305 166
322 283
210 179
56 98
45 33
30 198
164 133
194 128
287 338
45 244
125 208
151 86
4 254
311 69
248 293
78 247
254 114
104 91
277 149
336 57
259 142
143 191
100 136
21 239
116 172
89 195
321 203
272 281
219 210
15 60
206 122
313 228
263 84
181 278
113 57
187 265
143 195
60 65
71 322
28 280
154 133
310 298
83 21
264 40
318 143
5 149
133 149
69 306
323 340
62 70
270 176
305 9
296 129
129 172
272 91
40 180
107 300
103 8
95 289
45 259
227 93
124 46
252 52
138 293
24 20
77 33
320 180
46 310
226 91
126 252
43 93
174 141
253 328
95 293
276 229
249 208
43 278
196 69
281 40
138 309
331 140
98 249
100 272
204 89
173 335
193 324
264 204
212 326
268 43
14 118
48 247
152 260
320 99
44 277
123 119
303 106
310 130
106 216
180 29
161 194
50 209
344 210
257 151
28 134
152 101
267 196
264 317
224 125
78 142
174 11
162 9
90 104
39 310
136 208
155 34
175 322
102 332
196 254
281 207
102 214
21 107
242 60
319 33
268 38
6 325
319 181
302 228
313 297
13 135
294 196
245 73
111 211
99 8
173 73
216 267
242 333
285 170
111 62
152 312
69 153
320 144
226 165
114 121
304 99
315 103
334 225
297 269
221 325
243 268
53 26
88 97
120 51
153 79
52 26
153 301
127 333
314 17
9 29
181 288
263 4
295 38
20 108
308 171
62 272
290 326
333 299
10 198
19 192
153 282
222 56
2 119
325 311
192 271
282 175
0 292
157 48
232 105
217 109
162 326
23 256
222 195
176 181
137 292
75 74
123 322
235 328
0 164
48 319
224 43
127 156
332 264
5 309
241 128
182 78
50 186
320 148
175 224
21 176
44 317
194 251
197 344
31 324
155 18
145 62
191 170
257 275
117 27
13 194
251 34
94 5
288 258
244 0
178 292
134 50
210 227
219 21
26 308
229 200
69 128
200 247
322 165
212 115
320 1
165 61
68 303
325 22
152 200
290 294
70 218
127 43
183 196
172 286
0 51
116 233
164 28
38 145
297 92
0 243
300 145
243 318
327 244
13 93
318 129
229 265
335 1
281 57
276 221
202 229
29 257
113 130
233 55
237 160
45 251
156 265
282 287
186 175
232 220
6 214
82 142
57 29
314 66
199 252
8 40
64 216
74 309
305 80
179 55
17 208
179 63
212 5
158 199
68 166
132 38
135 331
26 176
95 337
47 71
151 38
309 168
246 190
28 4
342 77
17 233
278 44
243 154
32 109
322 180
300 49
333 328
53 205
126 309
136 123
42 136
155 306
171 205
217 113
292 84
260 172
123 253
100 177
15 227
252 85
135 261
55 317
291 249
56 206
323 321
323 102
199 115
310 44
79 259
20 209
300 295
28 130
9 184
131 234
8 318
186 137
292 193
255 108
172 124
87 144
316 42
128 24
297 113
85 331
96 72
157 43
168 343
253 78
8 327
104 96
126 322
40 122
144 169
48 96
282 113
305 39
332 45
25 96
116 165
231 273
110 54
173 18
0 139
81 28
18 122
291 3
161 228
268 5
4 40
107 240
295 218
10 139
271 92
214 122
10 160
27 73
290 143
97 115
148 314
213 152
256 222
174 19
237 215
298 30
2 309
71 274
56 141
121 270
165 131
332 192
237 203
295 287
75 163
287 73
5 208
78 300
175 327
191 32
49 258
65 36
216 244
30 166
89 7
339 271
159 246
134 161
46 114
117 123
343 283
189 210
149 39
82 20
185 14
262 16
245 324
164 281
98 162
107 259
182 297
320 227
257 238
145 157
217 310
74 313
243 74
32 5
204 261
231 66
339 190
257 91
334 118
104 48
2 223
192 114
305 337
188 337
244 325
241 242
72 137
334 330
229 323
5 161
189 252
74 215
252 114
338 318
341 97
68 69
234 57
282 208
181 29
17 187
96 201
90 3
316 200
4 101
24 342
75 185
11 133
202 262
286 60
282 224
155 286
161 304
256 116
15 280
22 153
20 33
286 295
262 46
114 204
106 298
330 30
77 281
44 117
336 156
31 247
182 288
38 204
140 285
157 57
225 148
24 199
288 242
284 267
80 230
287 72
41 220
319 313
159 206
263 157
68 305
97 226
232 4
247 229
107 91
301 148
311 178
237 275
242 57
18 87
93 283
73 148
268 53
329 57
57 20
135 108
338 4
30 196
32 168
3 274
328 137
109 171
214 68
94 251
79 238
190 72
170 199
25 150
172 276
63 138
112 152
295 221
226 164
192 320
115 162
245 260
37 317
321 42
253 47
16 159
103 327
297 216
313 186
14 255
102 259
101 70
54 118
229 158
2 83
233 23
301 201
210 95
5 244
286 175
285 52
51 102
172 303
25 174
288 301
182 92
166 324
218 74
54 313
157 277
15 10
201 188
215 227
105 74
59 174
300 278
248 327
198 86
178 10
265 107
211 298
179 280
16 211
127 166
96 222
262 244
329 344
291 27
167 125
308 302
214 317
151 132
298 182
58 323
33 170
220 90
229 83
111 312
47 313
12 105
275 180
124 1
299 117
231 339
218 90
215 31
36 191
301 48
340 128
232 181
260 70
144 286
319 98
339 54
64 73
169 131
265 22
150 318
343 312
43 142
143 213
125 137
53 78
101 232
115 35
112 290
89 10
232 334
322 178
195 177
216 169
308 200
218 325
270 143
317 29
163 308
40 297
297 17
130 331
52 228
105 282
124 135
121 32
325 339
186 135
327 4
286 87
186 338
315 153
293 76
90 319
191 79
44 14
309 230
51 291
137 51
251 157
147 0
279 140
221 47
201 222
301 314
154 55
326 100
316 193
330 23
139 122
118 129
69 202
123 121
60 173
24 339
313 147
25 127
119 228
97 175
283 78
275 157
271 163
82 313
188 196
317 223
119 256
46 62
328 71
190 4
297 96
339 191
77 84
289 142
298 163
267 241
62 41
55 10
5 285
328 195
289 184
39 124
324 307
137 178
114 271
19 62
95 308
204 295
94 188
89 181
172 33
60 247
209 150
108 228
212 106
56 317
2 150
63 72
201 163
49 290
139 286
302 106
302 166
256 65
296 124
73 44
264 2
182 229
47 272
329 294
298 112
119 92
53 94
112 93
51 69
200 255
138 13
223 336
39 296
36 39
81 202
86 18
205 133
193 189
238 257
211 17
23 89
255 310
41 193
4 24
50 293
190 38
208 1
258 315
256 68
173 135
78 39
54 4
31 309
343 110
169 189
149 285
184 112
284 151
115 100
23 26
138 117
329 122
143 44
342 141
154 68
8 29
83 10
122 56
74 140
156 344
196 132
128 334
151 281
60 135
179 56
124 36
194 133
312 278
102 70
176 278
275 274
340 225
7 53
330 89
11 231
73 136
9 20
318 112
90 112
190 300
63 268
73 195
46 328
196 1
15 244
144 78
70 280
318 169
336 210
95 175
316 167
121 342
27 151
75 153
191 271
47 160
52 19
95 273
188 232
102 179
344 28
119 94
204 90
163 99
226 186
96 253
337 73
344 267
339 280
78 294
299 174
308 226
126 307
254 245
303 15
237 121
114 20
307 113
176 201
6 304
111 84
155 313
160 32
13 25
234 69
313 101
102 177
116 278
34 303
293 284
54 201
332 49
28 49
337 165
21 181
263 228
60 128
200 341
220 281
114 274
215 33
229 105
78 77
158 337
85 323
220 195
245 183
323 100
149 194
11 228
167 226
262 52
212 290
125 290
262 60
205 163
298 343
183 102
94 69
290 105
199 112
331 116
164 122
67 45
99 149
25 206
291 34
32 136
205 95
133 60
78 274
208 113
291 86
104 177
312 195
50 161
230 4
307 164
193 248
208 326
210 318
3 288
150 147
189 13
162 135
1 267
312 300
28 196
278 340
156 178
245 179
134 93
329 244
40 23
283 94
168 284
16 37
286 182
306 0
157 66
301 134
162 76
1 194
235 284
190 58
126 206
96 20
341 331
205 264
148 287
223 306
342 170
158 260
275 61
11 67
248 202
28 29
49 118
257 47
252 12
214 113
178 264
302 56
225 310
39 214
184 162
253 212
191 218
238 142
91 254
266 51
57 98
125 122
239 208
290 20
48 85
65 286
137 156
57 19
273 318
191 325
147 276
77 272
338 195
137 13
273 65
187 120
205 52
219 168
98 50
44 21
249 343
69 326
172 25
255 166
15 268
170 2
61 30
55 42
274 166
121 51
143 297
198 142
177 25
167 88
93 289
38 174
339 300
98 164
96 161
103 272
229 126
323 121
56 292
279 129
64 55
186 4
304 229
246 65
172 111
76 52
134 226
46 210
46 110
167 233
16 52
315 320
183 119
287 31
265 71
228 92
183 207
88 328
65 261
198 288
233 4
116 40
238 48
86 323
167 29
100 140
82 185
60 337
14 27
155 114
217 291
118 211
154 321
322 329
185 215
32 272
91 205
49 75
106 8
136 253
294 156
21 76
299 270
62 140
42 341
314 138
0 74
48 91
279 97
235 243
81 97
45 4
174 239
164 144
170 109
140 41
247 140
115 197
133 50
277 150
277 168
341 197
68 324
196 113
56 74
209 128
183 252
294 285
87 330
89 21
240 40
200 138
284 100
263 194
68 319
171 277
102 256
86 174
17 332
268 254
173 109
32 123
205 233
261 344
59 33
334 343
36 252
128 266
213 133
234 41
144 117
241 164
214 59
340 55
209 268
284 338
91 124
126 269
51 88
296 204
59 343
223 266
332 193
23 76
10 196
22 293
114 15
72 142
186 124
189 103
9 43
109 224
277 138
168 189
176 197
223 17
223 258
9 68
13 127
236 301
214 128
321 225
8 338
317 187
279 269
219 245
332 344
325 163
99 105
82 224
194 281
259 207
63 150
163 180
181 41
307 91
34 280
278 67
239 197
14 226
98 340
324 21
36 268
235 101
5 71
143 312
162 79
149 343
49 29
112 288
128 29
71 128
24 264
228 26
194 207
294 118
35 154
203 318
324 341
67 120
100 132
199 250
93 211
75 66
339 1
330 222
102 22
280 306
300 239
344 136
286 93
2 263
61 341
265 47
121 195
321 133
73 200
171 334
131 89
164 319
237 146
95 87
254 126
293 231
202 118
13 202
141 42
98 312
279 188
340 65
39 17
227 178
286 131
99 274
218 170
13 105
167 60
210 49
239 28
188 329
181 129
133 128
323 71
143 196
144 253
251 59
260 25
252 82
86 117
132 227
261 137
65 97
113 116
116 231
86 161
82 132
93 330
261 1
314 249
20 3
131 315
9 248
181 43
16 199
38 332
219 312
35 189
272 277
296 282
62 152
122 145
97 41
292 263
118 27
110 310
128 38
145 79
320 228
77 337
187 143
318 114
100 159
103 218
88 111
273 206
172 21
324 317
3 299
102 327
291 203
23 337
329 210
135 151
266 208
318 21
270 76
142 13
90 317
220 328
258 294
168 156
138 39
78 236
241 52
30 302
82 120
55 159
327 125
315 76
115 229
75 49
146 251
284 98
52 70
151 329
274 135
105 106
241 12
323 142
223 208
36 242
227 321
181 138
324 223
71 38
212 216
9 337
326 45
234 209
21 34
2 327
230 112
250 49
95 110
197 340
39 79
219 110
117 275
334 231
146 245
223 29
290 14
98 279
255 95
16 142
267 115
137 306
194 258
109 322
266 54
337 61
268 40
19 222
78 66
208 203
210 0
248 27
313 342
125 237
284 231
246 319
75 11
177 187
149 75
326 185
253 124
197 258
90 165
304 97
203 198
233 104
74 210
116 251
330 333
271 238
113 25
190 211
223 52
210 228
125 23
284 199
105 188
332 156
242 179
193 127
5 286
240 228
338 8
111 67
33 148
0 61
73 284
260 307
52 130
79 247
47 303
332 62
192 226
236 304
293 171
9 195
232 83
36 50
292 277
318 246
309 299
148 237
178 34
50 226
271 227
71 257
110 263
321 36
86 111
119 122
161 313
302 36
214 266
335 265
61 169
75 93
258 77
312 214
321 53
78 43
310 35
203 69
99 264
140 300
30 92
149 52
214 306
135 8
49 86
100 267
196 240
83 9
302 131
166 73
339 203
266 267
212 42
305 262
45 197
190 146
193 327
3 126
213 9
43 175
342 256
320 314
165 169
296 141
322 215
249 230
76 167
122 79
196 220
186 20
243 162
11 23
181 332
337 1
58 191
45 308
134 22
178 38
108 277
152 140
105 240
62 261
16 109
291 275
34 128
262 274
31 222
0 18
96 57
272 204
236 162
65 290
204 171
50 252
274 58
107 284
81 203
243 255
310 134
79 178
247 283
48 84
283 74
86 212
34 309
163 318
28 270
159 11
267 340
93 241
340 323
161 337
301 149
113 44
343 272
55 29
271 324
121 199
133 48
253 220
313 45
78 23
190 24
100 14
160 140
233 199
76 270
314 292
81 315
195 173
241 199
72 265
337 168
182 83
135 317
282 281
320 35
268 313
25 61
259 242
276 228
91 260
101 286
88 342
43 62
263 35
171 164
287 10
100 262
45 337
17 216
284 110
103 31
25 106
219 16
109 229
180 182
48 24
193 51
286 140
11 4
247 190
125 187
301 228
218 228
334 339
257 127
263 111
338 275
340 75
112 44
2 207
342 190
250 40
291 298
140 212
202 260
180 166
184 176
61 119
336 311
61 42
32 8
327 38
179 26
93 336
136 279
71 179
109 67
122 338
7 179
234 13
185 54
114 19
218 208
284 311
101 157
169 140
225 241
222 334
210 344
328 217
81 63
326 315
323 201
256 73
84 31
282 24
83 230
242 10
130 323
73 111
293 52
313 252
117 126
157 165
105 113
288 186
189 199
91 209
88 139
126 182
327 199
195 275
191 312
254 221
128 244
151 221
53 51
67 138
105 156
216 179
234 65
286 142
290 301
101 76
51 97
324 104
292 203
60 31
96 163
149 67
168 250
45 219
249 24
225 299
318 272
79 313
304 222
287 21
339 248
111 136
143 162
315 150
76 117
76 296
44 206
77 48
319 257
275 344
20 110
120 33
148 166
196 253
34 166
305 271
287 36
333 87
127 72
112 204
120 65
256 94
224 186
340 93
59 262
105 81
149 147
63 86
215 270
12 157
208 55
44 205
171 58
311 291
288 249
64 283
244 25
8 152
159 158
201 124
258 61
68 84
119 34
277 144
159 220
48 125
159 292
198 60
69 12
38 19
79 28
148 96
237 61
47 276
144 325
322 303
102 25
80 170
195 51
223 122
237 23
13 317
299 162
68 93
125 128
300 75
55 284
321 184
326 56
108 341
148 233
20 287
257 34
259 211
160 271
68 27
216 291
113 99
276 12
267 326
246 288
269 60
224 85
173 322
200 132
97 56
9 64
311 71
336 281
98 109
129 211
208 34
138 42
3 292
280 329
106 250
265 209
285 18
265 294
317 21
331 101
134 195
135 174
235 162
270 292
321 31
99 242
240 39
162 62
196 256
24 70
179 10
171 215
45 246
64 128
322 76
23 344
181 24
241 323
64 305
41 299
106 139
112 32
209 193
43 35
244 11
52 94
223 72
94 343
342 58
141 229
270 184
167 236
237 66
149 191
161 244
209 286
224 86
55 169
179 229
338 241
125 293
221 292
184 15
261 235
206 324
302 306
205 79
6 100
320 30
323 259
295 163
53 37
92 90
9 259
0 186
215 272
240 74
135 2
74 141
34 52
171 93
269 79
344 90
243 141
66 33
77 148
154 151
75 223
296 207
71 16
307 203
195 84
117 50
101 342
248 292
185 256
5 336
341 333
206 205
191 47
68 288
131 320
205 151
272 48
45 53
125 132
60 338
88 204
107 340
231 304
253 280
268 287
93 331
78 243
262 123
296 289
255 163
67 108
101 254
135 209
151 233
215 37
17 2
191 75
62 48
171 283
72 328
71 95
206 327
267 90
157 284
340 174
28 213
341 217
297 68
110 194
191 152
289 52
36 286
30 303
31 187
242 26
263 23
119 241
185 165
255 182
250 140
98 82
134 230
329 164
91 15
222 319
278 41
236 169
181 335
251 30
33 287
181 164
238 305
282 37
143 237
268 244
284 227
213 120
171 104
191 7
285 276
259 32
168 95
160 298
73 97
104 31
167 44
308 258
49 60
13 308
336 92
149 334
305 38
158 72
180 220
25 204
217 139
254 82
52 205
45 66
169 39
245 340
191 139
334 340
30 294
268 116
196 80
303 266
59 205
244 130
310 171
194 233
287 62
83 164
103 91
289 277
328 250
176 316
44 123
186 15
53 20
60 202
291 177
268 137
11 153
43 297
119 325
39 118
43 120
288 121
338 217
24 83
13 325
315 28
145 140
294 110
88 36
318 31
59 311
248 224
4 146
229 236
157 137
105 221
169 250
16 237
183 242
180 294
303 240
261 108
178 289
51 284
165 221
91 83
15 302
326 134
307 244
139 168
276 161
237 87
60 236
48 307
148 109
223 239
193 238
98 144
157 80
37 142
23 191
310 162
14 143
230 286
193 26
167 188
211 168
234 271
248 69
49 187
205 149
144 148
76 275
213 146
314 255
6 119
227 55
128 242
95 3
184 101
250 185
341 296
333 276
108 158
140 82
201 169
314 133
334 212
163 10
303 210
152 245
160 255
316 263
221 285
44 133
296 6
145 285
172 284
184 335
196 141
262 266
22 193
13 149
82 312
90 50
51 134
275 245
159 291
186 114
41 268
287 205
183 104
217 193
191 268
327 174
74 143
301 96
149 18
7 130
226 242
336 194
295 268
329 44
218 265
63 232
193 212
152 236
19 61
268 37
121 298
249 0
44 7
261 336
166 110
34 269
64 293
89 74
205 274
187 8
87 131
20 15
65 282
253 231
47 260
121 253
336 172
160 327
256 13
144 62
297 267
181 190
94 244
173 242
167 85
186 322
32 228
223 176
290 41
190 192
112 91
42 98
0 286
274 297
110 12
142 204
256 315
302 137
0 188
49 223
266 242
264 112
31 203
221 305
72 95
134 190
299 290
12 299
35 61
79 302
316 196
178 174
230 210
93 292
343 317
36 297
165 295
252 200
259 331
316 312
79 287
209 152
45 80
339 130
102 210
160 99
272 74
332 331
96 121
17 67
336 25
170 70
222 148
239 224
76 186
304 71
316 231
145 60
37 48
58 133
169 322
102 62
133 218
208 10
21 4
136 98
190 96
71 161
229 283
256 226
14 276
338 1
290 28
158 77
240 4
173 213
67 304
152 106
290 278
208 103
159 315
148 318
192 141
221 138
170 342
194 111
139 7
90 282
258 166
52 326
87 116
158 33
239 260
186 42
135 281
85 11
74 255
268 297
177 261
136 91
72 207
295 61
225 10
341 274
32 35
64 301
113 59
11 43
200 147
134 282
237 108
46 89
169 272
103 34
103 45
208 300
76 78
190 140
334 64
336 91
211 27
28 5
150 97
131 280
201 241
137 277
320 158
322 305
208 128
192 147
190 305
344 307
321 149
59 153
334 127
25 334
117 87
137 211
136 229
73 212
326 4
55 210
12 16
32 76
308 44
117 64
167 253
294 240
23 201
107 234
178 206
28 160
302 60
237 167
6 89
119 232
47 147
305 70
278 88
175 279
140 239
299 210
167 306
299 126
248 320
13 146
134 265
216 13
179 51
101 9
330 313
167 27
207 238
26 64
272 206
181 137
224 296
262 51
86 166
179 318
0 146
43 274
254 50
288 341
333 303
324 176
308 52
326 340
301 253
205 299
202 295
99 48
253 111
266 231
142 245
63 90
172 170
265 302
176 149
199 132
244 164
115 337
298 309
326 207
75 123
9 319
187 138
95 253
287 20
331 88
339 103
217 292
67 198
288 233
305 334
109 271
339 199
64 72
209 159
227 172
10 72
94 243
62 180
342 307
200 220
293 46
10 155
35 120
328 276
319 47
250 85
108 35
9 253
335 288
184 34
234 83
304 192
37 216
2 319
153 212
280 305
340 13
64 4
266 328
323 257
42 224
343 38
230 57
32 67
23 87
181 303
47 36
2 43
199 272
286 322
16 20
143 148
324 219
185 11
286 208
0 122
158 71
117 211
168 52
331 110
30 135
296 293
343 37
314 184
295 255
47 296
279 116
188 239
105 130
83 186
52 95
253 285
319 123
119 270
221 116
111 275
61 1
104 258
101 289
99 79
182 338
261 117
309 39
327 228
229 325
31 333
140 16
149 241
305 248
222 210
186 141
132 106
53 295
125 17
84 183
290 255
265 247
23 189
198 15
279 145
239 3
126 61
316 71
105 144
182 30
334 88
62 341
141 208
247 142
129 311
76 84
327 286
308 120
235 199
208 298
99 238
288 248
324 310
299 55
296 249
5 106
73 178
290 177
111 174
175 60
111 272
139 210
113 4
219 172
235 174
78 135
194 152
314 139
304 67
66 36
127 79
290 31
251 305
283 100
331 304
306 312
195 68
93 165
109 57
334 301
164 273
243 49
86 72
170 319
286 178
259 179
200 297
20 220
252 256
177 242
152 341
171 297
286 46
130 152
235 232
6 1
180 26
124 87
199 58
290 48
325 270
316 267
155 209
323 187
75 22
147 234
1 34
226 102
151 211
46 3
242 264
172 299
128 150
142 144
168 217
69 188
29 20
233 176
254 235
112 37
239 204
13 292
317 205
315 338
341 79
183 168
295 82
36 226
4 269
305 160
99 203
179 112
318 121
39 289
14 170
248 104
83 100
88 21
229 92
192 189
112 244
21 164
298 241
285 246
298 325
191 89
104 107
244 312
201 229
315 289
250 199
283 0
290 339
254 108
248 268
255 269
334 208
67 275
11 20
14 111
290 117
243 260
114 247
242 304
129 226
89 285
305 10
196 89
86 141
207 329
56 171
34 72
320 85
33 217
166 323
231 137
97 222
324 295
225 284
305 333
60 35
279 10
329 35
54 17
155 247
16 322
182 36
296 242
72 161
153 197
209 107
117 146
83 316
20 238
218 190
247 231
293 310
207 163
308 262
262 74
24 250
120 43
298 135
144 37
106 66
275 227
180 304
171 155
132 326
24 293
290 71
330 298
39 162
112 63
155 335
29 119
158 330
1 140
299 193
147 152
253 18
195 69
208 138
140 194
177 298
47 197
46 49
242 7
187 291
159 93
78 314
13 273
295 269
62 319
70 48
237 105
154 242
249 276
245 311
272 225
47 124
0 184
135 272
124 27
213 89
25 302
136 288
201 221
34 249
247 2
260 248
88 227
220 223
154 344
153 89
29 268
178 301
128 221
230 264
66 28
8 283
264 209
114 290
60 334
71 117
206 265
162 8
283 227
58 227
42 73
4 207
99 64
288 290
72 48
276 129
151 232
109 244
33 15
107 27
327 206
91 66
258 255
177 144
320 26
127 240
197 318
275 3
302 257
247 166
126 79
213 316
231 307
6 206
235 269
37 265
66 235
238 341
283 290
328 222
93 130
92 343
106 175
172 144
95 238
118 28
251 130
142 246
163 4
23 177
326 17
77 19
18 183
330 67
81 122
98 119
203 119
147 106
25 300
138 167
172 29
35 153
74 312
198 72
59 82
52 246
316 0
120 316
119 225
90 168
185 130
159 168
314 107
18 36
118 282
183 201
72 205
172 93
86 165
319 36
241 41
197 217
175 215
54 40
267 140
342 15
85 150
297 282
22 29
153 80
126 109
22 295
137 82
140 175
136 5
230 64
66 84
249 335
68 340
161 184
125 200
168 167
277 304
75 80
29 151
317 255
221 282
90 125
246 55
142 239
275 205
60 148
124 337
10 199
319 252
197 3
305 72
258 274
211 267
274 149
187 78
204 231
317 36
91 200
338 151
45 13
219 20
221 169
293 38
112 124
187 201
88 77
329 179
277 224
331 280
244 278
298 18
240 224
146 188
310 104
274 64
28 288
188 216
66 232
25 298
67 204
177 300
245 187
158 141
310 100
170 141
164 198
316 229
202 38
116 129
238 183
296 27
239 331
68 56
91 282
166 305
3 184
23 325
213 63
10 66
311 59
341 57
185 64
113 312
204 310
259 296
149 115
75 264
62 327
48 177
45 305
244 285
289 311
295 256
313 112
293 339
300 274
56 264
158 6
213 242
46 158
208 341
69 136
190 284
248 6
267 230
166 84
56 325
90 152
86 303
30 87
198 123
26 4
31 195
234 304
75 279
18 135
124 108
314 43
106 176
308 330
199 100
289 69
116 296
204 219
9 302
144 215
189 250
72 322
331 173
77 178
242 193
85 322
157 191
191 203
61 283
109 108
109 78
100 342
251 178
175 50
26 207
4 46
132 89
270 178
255 27
16 293
224 208
152 187
48 163
286 306
239 148
145 243
96 179
13 144
175 250
68 245
297 67
6 199
97 220
280 193
161 297
202 267
316 36
110 153
11 341
19 156
216 67
260 325
130 231
152 308
18 165
300 225
198 213
271 170
321 80
318 193
147 171
186 10
129 3
234 220
261 209
151 279
123 87
249 297
159 225
32 132
320 179
303 161
164 231
54 53
9 332
6 85
319 169
294 27
5 226
282 67
257 307
259 215
289 291
2 264
28 207
81 22
253 153
3 16
290 283
92 308
178 247
298 82
290 150
297 158
100 55
164 228
329 104
283 312
234 190
109 228
154 67
234 332
317 164
110 43
46 69
165 277
75 103
244 211
293 8
94 4
76 231
332 195
23 159
6 24
322 261
92 270
330 159
203 60
174 112
260 268
186 32
153 201
294 78
5 240
118 97
68 5
177 142
89 92
330 122
56 341
41 2
106 287
200 225
286 268
132 99
96 2
144 165
268 14
274 155
38 48
229 94
292 32
1 173
33 108
17 135
235 205
206 303
272 282
133 318
4 303
114 272
229 245
277 53
341 309
1 128
120 306
264 226
165 299
102 72
258 336
252 274
174 187
214 106
275 74
175 173
196 111
247 248
93 166
32 160
120 36
232 280
27 42
36 295
47 81
155 221
289 43
155 36
104 322
260 2
62 190
44 271
38 124
321 161
40 114
307 187
285 343
281 175
49 40
165 229
160 111
57 198
77 114
332 36
137 274
151 35
171 15
125 13
257 197
184 306
238 239
124 307
93 24
38 18
208 65
75 288
55 275
122 74
177 252
320 43
46 213
308 332
231 74
93 258
343 50
90 324
217 115
53 309
181 177
334 157
123 257
58 258
77 116
96 37
88 337
321 207
9 276
171 9
13 8
88 250
67 211
64 241
283 190
281 341
5 297
316 201
63 130
230 231
38 141
185 103
284 123
195 123
21 200
262 176
328 228
307 293
169 201
169 42
176 243
176 214
288 69
4 310
172 326
22 94
12 5
322 221
227 267
146 306
313 168
35 155
103 180
167 280
97 254
152 298
303 132
217 11
72 96
171 287
166 56
162 201
113 167
283 281
4 299
132 27
91 284
318 256
1 254
337 39
37 304
6 204
307 129
139 148
75 301
271 295
73 182
119 59
229 234
203 210
25 30
184 3
284 60
159 111
319 224
26 18
198 145
128 70
327 13
31 211
166 163
326 54
242 95
5 304
108 325
183 134
295 65
322 228
178 28
117 157
7 185
141 248
72 199
294 271
251 14
298 274
128 35
2 118
208 181
338 55
67 215
333 259
269 34
142 299
69 282
273 50
106 285
124 71
324 112
179 7
211 260
90 18
202 272
337 257
16 147
197 176
45 19
281 53
75 259
267 146
169 44
282 118
309 27
80 95
271 268
101 109
248 245
165 183
56 334
33 168
245 342
97 185
65 298
118 144
141 252
77 284
1 248
206 151
50 273
236 106
233 197
221 162
146 241
208 77
318 308
202 26
89 150
87 315
130 308
34 276
8 6
187 250
8 341
16 138
207 50
195 226
120 64
246 211
232 197
103 155
179 29
233 189
125 95
141 343
311 337
224 189
337 344
125 233
315 26
99 104
224 78
81 229
233 162
258 114
251 55
123 31
305 290
23 181
26 300
243 48
144 247
181 139
263 43
84 18
129 9
102 1
131 193
297 185
273 183
62 269
76 207
32 255
298 51
60 220
232 228
238 121
288 83
145 119
317 19
171 4
274 138
190 319
15 250
133 221
167 112
215 2
180 156
172 125
56 144
145 129
50 321
267 153
8 14
173 300
101 242
67 112
234 185
16 150
246 4
114 328
161 286
332 155
191 42
87 221
65 254
209 201
19 330
324 167
150 52
282 160
73 270
316 223
209 5
47 285
178 14
96 279
155 305
37 193
22 60
227 31
244 32
331 182
95 59
9 66
283 120
78 267
183 172
339 240
34 32
88 76
285 12
163 266
146 295
59 57
263 342
60 111
316 244
185 311
41 219
245 130
197 87
44 236
167 109
157 180
74 12
308 141
278 128
40 111
186 142
10 170
49 255
202 247
342 148
247 332
209 329
109 74
203 67
142 128
107 230
308 207
215 149
1 209
17 113
318 292
189 276
72 331
220 276
71 85
40 165
158 22
329 70
120 79
99 209
201 73
31 212
213 149
100 335
322 23
238 129
54 80
87 58
138 81
56 33
40 307
164 318
174 33
270 7
2 248
279 7
96 333
95 77
326 77
158 63
97 301
173 241
33 107
96 239
170 209
204 230
174 122
1 172
80 326
335 258
161 185
322 96
127 291
68 112
156 174
244 331
158 31
93 150
44 157
336 269
155 186
299 185
132 224
168 73
171 236
87 327
312 234
313 263
37 29
196 68
177 43
138 315
104 133
23 51
102 274
150 199
36 27
177 233
209 184
29 222
105 289
241 95
173 179
122 332
314 217
324 48
232 277
146 127
136 19
32 327
79 74
228 151
227 159
104 74
166 124
139 60
48 25
233 81
21 186
297 198
75 303
137 83
165 205
253 35
181 294
343 248
117 17
10 252
0 265
122 304
156 1
212 18
294 22
301 130
186 53
305 108
332 273
335 202
1 270
110 59
173 224
77 122
247 280
234 90
45 71
179 192
170 19
17 60
292 254
164 293
56 332
32 205
267 89
36 126
131 0
149 32
43 68
224 158
186 59
216 46
329 248
251 252
239 134
101 146
158 99
69 251
341 294
255 54
2 164
276 155
289 186
221 256
135 98
24 294
202 93
102 198
182 257
49 319
249 87
320 273
269 40
277 213
108 116
134 48
63 317
305 148
127 290
177 26
235 166
341 140
180 123
226 28
152 191
241 30
207 321
303 186
257 24
102 174
242 342
104 238
39 295
61 220
313 214
242 157
172 86
77 282
309 282
306 127
298 100
21 97
344 125
335 39
161 50
264 55
127 64
213 219
111 287
306 188
224 172
125 250
32 151
29 59
109 47
123 29
340 315
196 39
160 321
289 14
180 69
191 261
228 270
19 141
160 215
83 222
93 27
153 57
160 333
126 7
152 238
263 255
336 181
168 136
94 51
230 178
107 237
294 0
151 322
137 119
284 55
237 197
314 233
150 278
249 245
56 134
78 57
295 199
251 146
199 304
26 108
67 143
147 204
262 86
264 53
45 234
287 196
69 93
96 125
227 77
344 318
179 109
253 258
7 72
246 169
266 68
124 311
302 313
64 273
61 161
53 289
188 163
212 319
181 268
138 252
46 12
199 116
210 305
297 255
20 120
61 329
287 125
200 211
150 270
101 304
109 311
264 309
222 2
176 7
321 152
174 118
202 252
11 85
0 112
326 210
212 223
103 141
48 327
125 108
258 229
16 230
29 296
36 306
302 327
318 283
43 59
74 7
61 344
24 85
50 282
264 30
90 300
238 47
232 31
309 177
46 179
234 6
121 258
91 73
66 90
150 250
282 69
107 302
95 217
305 231
223 328
145 216
294 177
40 267
316 112
343 268
41 121
24 254
73 165
215 228
265 200
118 122
47 289
149 190
95 56
81 331
96 297
24 71
300 285
94 197
240 51
242 8
108 55
255 318
304 338
190 230
124 267
150 120
140 99
22 283
128 197
264 130
152 76
103 296
68 309
191 258
123 221
80 175
342 101
30 39
103 52
278 254
255 70
221 277
62 221
119 165
172 187
103 160
105 2
226 121
77 137
93 201
316 163
100 114
106 131
35 11
39 116
176 144
182 61
261 24
131 45
145 209
84 141
228 90
261 334
252 144
334 303
96 120
285 198
64 132
46 194
222 308
183 98
259 86
274 142
70 315
236 306
328 178
34 215
315 309
120 281
130 122
302 13
75 133
57 251
200 127
222 91
335 150
326 319
343 263
178 128
288 307
155 203
79 231
137 94
166 261
87 156
314 69
331 123
185 75
213 184
179 115
318 231
122 212
269 162
208 90
149 47
247 253
305 58
33 47
133 170
139 0
17 20
251 234
51 216
168 130
167 317
177 89
56 327
342 16
63 75
103 195
143 230
119 262
127 73
133 296
203 300
170 282
166 289
144 108
222 207
184 325
304 191
124 304
313 144
223 111
276 133
141 131
288 312
245 303
4 84
170 146
109 48
159 40
68 19
325 121
258 87
25 107
208 185
50 193
309 290
131 32
46 264
270 26
40 276
4 200
18 222
261 212
100 61
344 188
38 343
251 311
7 16
210 115
3 341
254 276
179 175
55 95
58 42
246 344
287 152
310 294
168 116
133 159
178 183
276 231
181 312
209 108
291 20
286 126
195 341
152 182
182 300
181 124
9 146
320 79
192 193
326 219
229 284
113 170
103 221
175 285
311 87
166 125
320 181
237 186
28 119
194 340
82 16
333 88
237 163
28 315
57 135
86 223
307 240
257 129
152 149
217 60
173 245
285 229
252 177
295 182
49 124
79 106
231 77
281 215
104 11
280 258
103 220
299 340
94 3
21 174
11 183
143 243
163 76
290 328
59 131
237 322
175 184
35 103
188 203
182 185
44 127
70 213
221 278
131 241
196 149
201 341
120 39
270 302
126 314
331 197
85 204
39 327
202 296
327 337
188 287
309 292
185 40
199 75
245 221
280 5
75 170
305 78
43 189
317 231
34 281
321 289
31 19
339 230
300 20
92 220
108 135
21 98
46 276
77 220
124 270
114 209
99 223
67 207
13 34
189 35
132 10
39 254
152 85
178 151
189 243
187 313
71 203
273 211
90 68
39 103
40 136
140 79
293 292
66 282
326 176
327 76
292 128
274 27
281 104
238 282
5 73
334 9
47 246
11 242
155 67
208 338
225 40
267 162
144 160
46 104
62 322
109 255
302 289
152 304
319 262
184 116
84 230
122 140
69 39
301 35
250 18
260 14
303 64
133 119
189 285
325 65
105 180
203 184
66 42
202 151
174 226
193 243
265 149
181 73
87 342
117 293
62 250
93 294
218 198
129 139
260 235
225 229
277 330
282 9
154 34
107 3
0 7
258 111
61 89
106 92
130 268
229 257
54 64
73 11
45 302
120 54
150 208
172 178
208 290
166 313
17 50
225 72
114 25
310 89
36 334
219 328
291 339
284 154
4 89
36 188
221 317
282 289
285 300
340 166
274 11
93 239
101 129
228 320
14 175
231 122
42 150
47 229
249 93
203 258
285 86
154 49
227 65
178 122
325 236
200 36
50 58
241 247
12 272
261 134
159 27
105 209
252 329
5 9
267 303
67 21
256 289
175 54
105 135
227 21
9 246
110 156
0 17
165 267
17 177
58 110
76 334
99 247
233 227
265 136
150 258
262 164
231 320
274 301
163 36
132 239
25 134
142 243
166 270
154 16
278 138
298 324
137 216
143 270
93 73
11 261
297 195
127 210
327 196
135 136
114 206
141 294
246 221
279 199
127 330
269 141
278 107
168 76
117 310
25 18
120 288
209 163
51 293
216 203
213 341
8 232
306 281
153 49
240 175
169 84
250 281
78 197
337 29
266 165
306 36
269 272
152 324
154 119
25 225
203 275
161 8
285 89
111 47
337 190
244 150
155 236
304 42
15 270
197 215
165 76
67 319
199 301
22 16
309 209
168 155
298 323
294 34
80 41
59 179
256 224
256 323
198 8
309 339
204 323
173 80
202 24
134 338
340 292
172 318
273 28
138 244
204 244
262 153
233 341
244 238
160 280
231 57
129 6
100 155
303 141
302 65
136 120
116 114
176 75
113 322
10 99
246 139
276 1
295 234
44 154
201 332
191 176
302 290
158 266
250 71
305 209
230 161
98 270
101 202
178 98
39 131
173 99
170 225
310 12
4 189
180 169
280 151
106 34
76 6
226 177
209 18
283 289
18 224
323 29
254 45
137 121
57 43
311 140
114 232
84 297
285 190
233 17
197 114
96 308
62 229
146 40
258 319
337 70
191 226
21 92
193 106
291 134
333 69
183 50
200 232
338 114
206 232
166 30
90 278
138 283
286 84
319 42
263 27
79 157
146 314
128 329
266 329
98 325
49 184
10 215
116 267
14 108
103 152
138 268
71 277
42 119
148 170
52 259
284 67
311 75
126 317
46 182
195 179
141 201
16 283
316 69
197 158
38 220
102 159
93 338
321 333
120 195
328 229
289 255
232 311
228 181
50 325
15 191
32 55
3 229
213 288
4 2
211 326
335 331
78 319
117 22
277 266
170 62
289 19
314 28
330 203
133 198
317 53
43 183
283 288
146 215
209 317
180 213
193 124
233 64
54 88
66 39
194 101
139 242
44 112
197 88
24 22
309 85
203 138
329 285
6 79
144 21
132 112
60 326
213 200
125 257
312 323
247 262
284 161
323 49
193 231
290 57
130 62
292 316
223 106
24 273
182 269
344 175
49 188
221 339
312 19
138 21
337 104
7 117
49 170
119 142
219 207
209 95
103 12
217 70
31 108
129 214
58 23
221 54
287 156
340 196
273 108
278 19
21 337
199 249
261 259
22 67
184 226
280 117
118 177
215 46
187 115
15 76
337 116
321 46
294 56
240 218
123 161
25 307
121 42
335 48
106 261
70 142
110 332
38 327
7 35
137 100
175 258
249 35
84 258
198 154
302 210
44 78
279 32
182 226
214 260
41 259
296 290
196 35
105 49
259 37
141 30
87 124
184 22
156 130
144 34
86 83
167 175
192 326
30 295
221 322
182 307
246 240
177 81
30 344
159 32
251 117
1 320
65 291
52 328
137 40
41 260
264 126
124 68
21 119
15 198
325 6
327 202
261 224
315 275
123 33
266 162
320 209
77 239
335 201
223 225
112 326
173 212
121 328
36 5
88 297
129 112
47 164
164 266
53 28
159 328
309 206
92 74
140 57
211 88
110 36
205 335
107 287
137 328
148 4
91 186
336 183
163 231
257 61
51 297
100 164
249 53
229 4
175 336
291 344
156 331
294 228
257 112
204 273
140 157
226 240
321 266
3 225
313 106
344 246
142 57
134 124
263 26
100 213
255 259
325 271
338 86
276 220
151 181
2 28
230 315
334 158
93 123
126 209
130 241
122 62
116 274
28 9
67 23
35 252
35 87
192 161
296 195
192 168
128 322
39 82
81 185
118 242
180 236
246 219
134 281
126 71
23 221
233 221
71 305
209 263
30 337
241 341
78 226
22 83
227 151
279 34
262 82
253 52
123 288
255 258
49 151
268 290
294 299
342 341
72 276
277 334
13 185
288 278
129 189
163 250
119 212
44 153
129 41
93 134
314 191
125 37
183 190
189 303
305 50
59 260
12 99
222 303
247 205
110 23
188 105
158 258
122 132
137 305
165 184
279 68
328 118
324 246
15 226
8 125
249 196
132 309
11 78
92 18
150 315
76 29
198 242
214 34
341 269
302 320
73 317
180 34
219 191
112 213
209 290
162 60
193 263
204 309
186 227
266 182
152 125
59 225
0 162
208 0
72 43
281 193
241 45
165 59
224 114
224 176
185 65
306 9
248 15
126 111
267 5
225 146
84 66
322 17
226 202
148 155
207 86
156 256
306 252
97 132
200 266
194 326
234 160
263 220
49 227
217 178
331 267
333 95
4 19
193 204
88 122
62 224
185 325
99 313
260 266
321 211
148 95
131 272
327 40
294 51
202 142
157 292
316 149
26 156
27 292
293 3
158 343
98 203
281 17
138 68
289 22
289 63
53 326
339 326
40 26
9 314
318 204
334 29
109 278
171 257
268 134
273 321
26 70
73 245
201 178
219 206
271 329
6 213
137 332
133 261
71 56
50 246
27 167
237 276
109 320
182 262
214 224
142 220
97 181
85 49
82 19
116 152
319 16
1 113
292 104
108 303
79 99
42 60
180 284
241 290
126 301
289 110
320 307
262 231
8 138
251 96
301 243
16 145
62 32
105 6
339 187
192 235
130 63
36 338
128 291
132 277
202 285
276 119
265 316
279 327
250 286
235 244
36 66
31 263
142 205
199 189
122 230
251 31
2 24
212 291
29 240
211 175
5 154
99 168
323 6
199 67
160 206
81 19
259 120
285 222
265 280
40 175
260 41
245 238
47 99
105 201
309 147
186 316
159 2
338 99
225 160
67 321
17 342
123 312
89 62
75 54
166 167
157 314
316 137
36 111
202 282
344 100
64 19
142 175
100 4
298 120
203 228
177 174
20 165
64 303
269 184
105 63
66 190
282 167
97 75
62 188
305 265
341 240
205 307
131 94
194 188
102 260
281 39
329 33
115 327
213 47
321 271
268 327
313 104
119 162
324 130
65 180
193 50
344 253
136 115
86 3
129 159
332 89
148 111
215 127
240 209
213 88
259 163
298 161
71 89
340 308
218 220
316 206
73 280
29 221
293 244
3 91
180 146
300 48
212 188
278 185
245 76
321 118
226 162
281 245
99 9
180 30
230 30
275 136
121 12
282 324
60 73
96 174
262 245
289 162
321 168
182 175
337 299
308 46
24 96
232 99
5 308
254 267
208 101
331 86
171 169
142 197
52 8
104 123
180 238
126 108
181 132
318 338
301 181
94 288
170 265
112 333
46 55
1 0
324 69
269 159
307 48
251 236
270 255
338 324
71 65
146 183
54 156
332 2
250 78
36 229
256 54
184 64
192 23
278 284
344 271
263 70
156 293
25 143
34 102
217 317
233 266
42 112
198 222
140 110
342 23
289 16
64 124
46 165
179 34
213 132
133 166
4 205
111 90
102 164
28 44
29 112
275 221
128 241
0 138
284 286
318 325
139 74
15 284
81 291
226 152
84 333
181 23
77 250
149 297
178 124
264 161
70 248
174 128
64 309
175 185
333 258
110 165
70 112
42 202
122 228
306 231
207 139
301 327
110 242
341 228
265 344
130 342
286 158
233 231
143 321
17 153
37 281
278 1
150 63
84 157
334 172
278 178
330 166
64 0
18 217
343 271
324 199
80 129
165 326
267 151
138 158
324 318
238 309
37 337
146 94
155 154
99 55
90 189
98 259
341 139
319 320
170 53
176 110
46 322
204 181
335 206
129 8
125 270
245 126
20 279
88 1
162 264
111 110
143 217
193 250
13 255
58 142
263 239
312 162
24 164
144 88
198 129
281 313
132 294
338 44
206 332
7 173
246 18
262 134
165 108
310 101
324 0
297 202
282 325
251 144
215 160
243 93
96 46
180 189
242 300
245 86
343 226
189 332
66 25
25 31
111 189
151 171
271 51
194 274
133 39
262 101
311 93
2 238
26 294
169 138
138 56
188 127
96 294
201 323
303 298
252 338
337 169
98 191
231 333
110 69
103 240
92 279
207 202
319 301
202 63
134 51
331 21
39 212
342 52
183 100
202 39
1 11
56 257
22 51
126 330
188 77
192 152
118 49
215 252
273 140
315 172
94 55
273 41
122 32
328 26
283 66
338 312
298 194
300 141
271 147
196 291
170 29
98 31
278 122
311 261
148 257
301 178
45 256
306 73
164 59
139 264
160 211
195 303
195 7
129 296
110 248
169 335
169 46
108 62
129 85
301 324
339 189
10 25
42 56
205 153
143 208
56 312
156 242
246 17
224 77
267 8
162 125
234 58
83 12
203 289
165 64
220 308
179 76
59 165
60 123
290 196
96 264
174 299
110 339
266 233
204 95
328 241
33 194
262 114
173 90
334 104
180 181
96 299
182 270
254 195
83 26
310 58
293 245
252 210
301 110
265 222
50 73
102 216
248 185
335 110
50 272
173 6
284 226
7 9
11 297
224 179
174 43
117 188
343 20
28 142
245 265
105 67
241 202
330 71
332 103
108 113
156 270
196 290
210 163
230 62
27 28
166 91
209 151
64 300
66 144
158 223
316 125
89 2
178 196
99 43
162 147
343 190
78 164
183 287
217 248
144 82
201 7
56 170
53 116
241 101
160 331
104 339
84 105
284 99
41 102
292 227
203 32
60 39
124 116
105 31
17 266
259 101
26 101
103 67
203 154
28 151
231 240
160 6
68 322
78 113
311 281
333 107
88 72
18 179
330 202
131 102
108 179
175 151
87 302
18 322
311 106
296 329
31 172
297 34
195 55
153 206
136 324
130 262
121 275
343 88
36 197
45 252
50 342
74 124
275 228
232 314
109 16
183 142
163 301
291 211
132 250
337 164
180 93
47 15
91 211
275 165
333 26
69 161
81 292
297 213
99 61
224 128
122 29
254 169
291 0
232 202
229 14
176 266
49 30
37 148
92 163
282 28
304 164
130 153
66 68
220 136
182 9
339 143
131 125
157 218
42 178
266 326
144 61
257 81
89 167
234 75
143 226
339 227
137 235
262 183
320 332
224 143
58 113
40 139
111 176
141 37
109 230
154 152
262 233
106 24
344 48
65 12
126 181
95 178
238 138
215 206
280 270
48 322
81 223
333 343
284 330
69 4
342 195
108 299
106 154
80 52
61 288
63 11
16 31
230 103
208 44
286 317
151 304
117 155
207 267
162 137
177 223
81 249
271 46
238 63
9 27
34 185
204 101
15 66
158 41
49 44
307 19
289 341
106 344
278 292
295 22
323 176
307 165
231 293
170 148
15 256
303 47
176 115
111 66
21 291
13 87
330 308
42 72
31 273
324 282
261 282
231 97
131 207
14 307
224 320
330 335
41 6
183 302
40 1
220 19
186 136
203 72
47 266
269 309
229 149
284 116
41 227
122 127
86 20
198 254
20 204
153 307
107 28
326 293
66 87
21 202
247 315
123 73
124 120
25 166
250 50
147 97
161 136
338 250
152 18
316 302
27 326
344 60
321 108
192 197
114 0
110 169
327 328
29 106
87 89
18 281
157 339
44 17
318 138
116 104
138 234
28 135
222 290
240 234
16 222
230 308
102 318
254 111
63 23
49 91
283 300
310 300
48 4
283 2
27 94
197 144
291 82
226 229
154 296
185 214
124 123
78 151
126 12
56 150
286 240
322 125
265 224
317 75
175 157
191 201
182 263
193 261
316 269
242 334
49 129
142 242
121 100
340 291
98 220
341 176
5 89
254 127
103 225
52 247
279 61
315 74
102 69
335 197
22 331
322 209
116 232
24 131
196 303
86 15
126 187
289 116
286 213
142 326
35 130
167 307
261 18
1 104
290 270
199 136
288 140
4 292
176 338
59 291
215 342
205 126
293 4
16 42
265 215
257 84
58 170
83 281
188 61
220 147
203 80
274 257
286 61
277 137
230 329
102 151
261 14
137 222
185 22
115 194
89 206
158 211
255 16
273 135
148 205
272 116
136 59
2 109
21 299
223 264
261 338
216 12
91 65
98 266
201 246
28 30
264 164
90 267
175 104
34 196
291 187
8 122
312 270
127 68
1 246
311 179
80 191
169 186
98 344
81 132
155 111
36 156
296 313
95 4
259 193
228 102
270 104
159 271
334 143
255 275
47 7
50 245
321 248
179 38
4 14
111 100
266 272
195 270
27 95
232 64
339 322
311 289
329 264
91 207
69 172
89 258
75 10
186 271
251 111
8 336
101 178
312 333
242 87
32 236
158 234
209 337
219 285
249 307
220 266
61 127
344 181
272 81
132 339
154 339
181 9
238 196
146 278
200 109
315 79
317 314
297 48
140 12
241 270
222 50
265 79
88 23
200 86
85 184
153 285
294 17
231 264
97 106
135 13
252 87
1 205
318 223
281 102
193 95
303 290
83 267
127 279
308 284
74 168
21 300
145 142
126 167
182 85
14 285
178 318
295 261
142 9
248 171
281 337
36 210
254 181
8 231
318 297
297 155
95 117
187 45
301 184
57 146
297 167
313 233
62 157
279 30
230 7
161 203
153 161
37 210
307 236
280 177
124 342
311 276
289 196
219 216
42 299
128 58
124 332
148 196
143 13
190 114
328 319
94 294
250 38
47 91
121 278
219 151
238 245
149 223
202 139
203 47
253 82
129 138
39 190
32 62
314 134
195 119
258 215
2 68
206 255
239 172
67 173
228 4
10 282
257 226
0 330
200 64
228 54
0 336
309 61
186 330
188 72
257 198
209 258
184 271
320 286
238 106
97 207
201 284
28 60
179 185
342 298
127 284
329 7
40 242
206 249
57 292
233 217
138 229
12 138
324 186
274 197
38 260
59 172
298 8
328 338
131 133
250 314
15 104
44 191
203 320
248 143
138 215
20 162
118 220
170 3
213 211
245 247
259 320
86 164
191 3
215 296
206 76
74 226
296 146
13 129
314 260
43 228
235 31
295 81
281 121
120 130
323 136
185 199
244 100
233 142
46 207
151 236
110 132
221 19
308 191
98 148
45 342
106 110
70 313
306 205
12 179
53 160
291 94
15 295
261 15
259 249
42 26
18 246
248 31
218 186
98 38
232 292
34 219
17 296
311 73
44 225
251 196
137 192
93 142
263 146
184 267
210 219
141 129
90 9
264 315
343 73
166 135
265 60
192 260
168 248
13 35
321 290
110 256
279 255
8 289
187 253
237 103
109 236
190 85
129 65
141 100
1 252
11 182
162 327
135 252
224 144
197 309
132 286
217 24
291 63
42 284
30 172
63 211
202 322
174 85
230 273
49 264
116 168
191 63
20 335
195 198
33 160
101 233
55 179
7 246
242 141
2 165
131 301
228 308
188 20
120 327
100 87
218 140
40 8
165 26
62 314
207 255
188 338
133 143
53 60
101 197
288 64
280 53
212 293
339 265
149 250
217 79
209 110
32 52
103 72
15 138
23 62
281 74
30 182
76 307
213 127
139 239
278 144
282 83
156 224
286 56
92 143
273 169
297 221
200 252
301 133
51 267
253 335
214 161
312 197
141 307
224 169
46 79
323 2
114 30
265 80
87 306
46 203
25 289
244 287
92 239
258 27
243 314
295 135
218 216
79 261
151 253
260 297
325 195
156 22
286 119
27 89
189 340
193 296
126 247
106 41
198 293
187 196
330 204
128 60
162 173
296 71
338 306
97 21
50 286
105 186
246 321
172 109
195 291
152 323
6 314
40 145
68 39
67 268
71 266
315 176
9 216
54 232
36 328
20 90
90 308
137 158
2 206
95 246
55 28
165 126
295 37
204 206
155 258
322 19
5 340
175 45
212 248
141 57
216 162
126 96
181 318
309 136
25 112
118 309
80 111
94 317
309 214
179 212
304 190
298 47
71 211
190 343
162 30
4 144
43 98
313 320
306 74
114 168
166 314
215 276
249 83
251 321
319 78
143 273
116 49
72 160
70 264
166 274
39 280
97 205
249 313
38 55
51 290
289 253
92 26
270 27
49 340
291 115
305 112
47 44
12 145
90 89
200 250
279 125
277 328
121 224
89 337
139 3
40 233
66 37
66 216
199 32
304 236
42 1
141 81
245 180
140 305
189 164
312 49
133 92
249 51
318 330
342 338
65 144
75 341
203 179
292 47
245 142
50 213
305 96
136 71
44 239
282 17
225 161
189 124
153 4
2 259
85 196
339 258
86 36
132 136
175 78
343 158
282 330
13 119
314 98
83 211
275 32
79 105
218 11
100 9
34 2
172 175
129 143
254 213
256 149
52 211
157 220
149 160
33 312
308 231
134 6
85 190
226 317
326 304
118 31
60 178
153 209
304 231
286 316
44 121
312 4
3 332
282 63
174 307
129 27
266 318
266 150
97 225
160 337
170 153
100 297
168 38
268 119
36 189
172 133
69 110
74 69
340 234
61 233
41 270
230 237
204 330
3 115
90 333
321 165
155 148
186 287
319 198
221 293
130 140
159 221
9 342
160 166
264 248
108 207
195 283
215 202
314 268
26 323
168 135
133 214
123 328
152 118
301 190
58 165
214 64
137 195
1 106
331 286
245 304
189 291
43 145
213 225
237 306
161 9
204 26
306 224
301 293
290 176
3 83
102 192
276 47
240 217
51 108
97 102
311 237
246 237
328 7
165 289
133 121
142 71
149 1
320 153
103 335
25 154
0 123
262 25
164 226
72 330
8 114
185 307
42 236
210 17
171 148
204 198
221 265
67 40
290 310
93 79
342 67
187 5
58 268
160 225
267 107
157 285
192 16
41 315
11 129
186 187
45 270
193 157
284 178
264 26
174 76
214 268
340 255
238 178
209 291
163 170
259 91
274 154
344 25
213 255
280 152
88 102
178 294
106 326
132 20
276 318
289 92
148 310
168 211
85 249
198 118
241 305
135 133
196 73
55 308
43 31
207 74
294 305
326 268
217 221
171 69
197 47
111 18
136 27
234 191
24 184
81 314
43 217
251 137
330 63
233 156
90 306
225 287
255 337
207 47
266 97
121 66
246 202
36 19
138 201
180 104
275 311
314 58
253 224
173 120
17 314
35 83
4 291
53 142
296 131
276 168
250 152
43 273
271 340
282 0
324 188
106 281
276 285
6 83
130 111
40 56
106 332
156 124
343 302
77 176
144 84
161 138
168 230
250 298
341 290
257 5
179 315
31 32
196 81
222 239
250 299
70 49
38 232
89 108
309 15
93 51
308 91
171 242
121 323
28 137
227 19
14 112
235 184
74 101
269 3
186 298
107 209
303 207
246 87
226 49
334 142
161 251
343 298
90 221
281 228
54 257
231 225
260 272
334 77
8 194
281 315
303 270
132 322
298 121
315 45
262 75
43 219
229 179
278 85
137 90
200 216
144 332
95 98
109 52
306 326
0 79
135 262
56 215
194 55
176 61
318 110
15 320
189 54
312 44
32 20
112 43
24 320
54 62
139 13
179 334
315 109
170 4
158 218
95 93
227 63
175 71
322 189
114 297
103 313
204 104
293 235
239 311
41 334
220 116
59 132
3 196
344 10
314 238
283 264
5 218
83 7
25 34
245 84
148 71
159 149
279 16
273 216
74 151
325 259
318 326
334 310
33 340
322 176
344 124
164 16
155 340
45 21
95 282
234 31
253 141
41 47
269 10
125 158
224 123
259 176
282 173
17 238
151 270
281 94
219 127
53 143
138 28
124 45
39 335
1 165
51 226
310 191
332 21
73 91
198 197
38 139
188 40
168 51
287 311
300 275
294 189
296 103
33 65
58 239
303 97
33 48
189 109
193 34
156 163
93 91
202 292
96 217
14 129
137 243
45 318
172 120
21 28
198 178
191 187
334 296
134 85
117 7
250 56
39 299
39 166
96 251
141 288
148 234
33 137
125 8
16 227
53 168
283 306
162 301
322 40
45 73
193 88
225 297
21 161
24 111
319 280
115 171
166 63
147 261
53 66
265 195
246 286
330 316
218 304
263 59
92 192
271 68
265 324
36 79
258 203
283 32
160 203
288 145
185 162
6 103
99 96
79 20
100 5
335 267
131 277
120 292
150 55
80 336
94 340
211 92
6 192
14 9
99 251
279 212
292 233
113 151
33 232
130 35
300 190
296 133
67 13
245 81
302 192
314 291
152 40
333 168
93 268
55 135
170 335
228 143
261 30
222 96
66 30
38 302
198 131
266 178
208 94
295 32
290 26
182 75
169 0
218 230
46 187
260 84
144 15
117 271
73 38
105 218
32 176
4 226
85 212
320 282
146 167
242 34
136 278
265 240
216 37
323 173
251 166
138 337
280 15
176 328
182 42
214 326
76 101
108 270
242 204
223 162
99 341
243 4
336 149
238 228
112 142
110 344
106 120
171 250
293 70
52 195
344 212
122 121
5 231
157 91
188 39
42 157
19 237
130 316
28 182
68 168
282 202
226 327
74 231
115 99
136 170
329 293
261 172
98 264
127 126
196 130
166 133
193 116
310 169
249 80
268 154
226 11
86 242
249 318
151 249
237 279
277 142
130 128
272 296
164 162
279 259
180 244
226 7
140 155
167 321
312 155
30 272
311 238
64 138
171 50
57 265
110 25
249 156
275 266
199 201
157 56
294 97
196 154
24 162
195 98
52 171
142 64
99 331
145 250
45 36
275 222
325 47
339 137
85 300
97 281
121 115
286 128
16 188
192 61
224 24
186 84
56 166
206 137
129 5
320 31
114 96
146 99
74 335
277 244
207 125
207 333
149 295
72 107
117 106
60 225
145 259
73 139
46 186
135 62
162 161
174 291
180 106
133 300
277 185
149 60
169 222
101 35
326 49
112 307
25 130
112 322
334 59
247 249
216 51
211 40
176 312
322 157
263 100
108 335
3 0
328 75
329 95
52 318
56 299
124 272
214 84
291 320
55 158
107 163
148 272
296 245
328 299
29 131
308 329
104 266
283 130
96 93
157 223
4 5
163 207
124 213
134 76
16 117
277 163
295 195
87 115
203 14
305 244
186 1
118 205
34 107
246 256
111 143
341 339
226 203
343 105
73 151
266 259
152 39
152 265
102 324
276 250
100 234
296 114
279 292
108 160
145 51
256 218
119 251
149 56
282 266
157 75
106 159
252 284
208 305
90 8
11 248
226 116
68 179
171 217
137 62
25 75
328 84
52 336
244 264
311 203
260 174
182 76
155 63
95 138
323 273
43 293
107 116
165 245
222 64
303 323
300 62
112 215
155 278
39 152
80 264
213 90
35 281
237 214
181 206
290 139
87 41
118 257
104 338
79 86
257 292
176 293
228 68
268 30
39 10
318 334
52 323
51 211
219 192
149 92
46 267
4 52
260 330
138 75
277 217
23 63
222 272
302 274
264 109
121 13
186 290
224 111
255 67
199 34
265 139
128 184
249 36
154 89
116 4
321 236
303 72
63 249
44 278
70 293
216 127
322 183
151 131
272 90
136 44
94 154
75 106
184 202
109 6
256 304
59 300
237 129
150 10
160 121
303 198
254 142
60 171
95 304
208 279
285 217
325 297
232 76
164 294
197 122
175 57
308 137
97 338
239 160
33 260
278 111
268 233
82 308
260 128
40 327
86 268
319 216
228 318
180 311
275 168
128 92
74 277
59 269
262 146
264 323
13 31
2 49
257 206
19 53
145 49
191 97
218 167
276 83
7 166
39 4
229 220
236 231
269 148
340 288
123 265
14 314
264 134
39 196
218 287
89 127
10 128
92 225
275 46
306 210
32 231
296 43
317 106
88 172
77 265
120 283
201 211
323 62
195 105
100 309
161 284
134 224
340 201
87 18
262 175
93 339
326 123
16 304
87 165
216 282
193 21
212 99
183 197
320 257
225 106
178 73
128 45
293 300
323 312
38 340
311 315
33 291
213 181
288 277
315 318
258 172
226 169
125 204
101 47
189 195
251 101
112 119
282 211
16 127
143 233
180 163
250 1
34 91
192 102
159 98
39 136
72 84
272 75
106 107
188 113
180 341
16 263
186 83
5 79
170 87
44 329
186 247
157 208
344 265
182 173
340 190
280 37
48 124
295 208
152 300
242 15
135 286
344 223
188 59
157 332
161 198
235 37
157 163
113 217
114 150
60 16
28 249
75 16
312 282
224 226
285 138
196 316
341 213
207 206
314 296
341 27
90 141
146 57
85 236
245 331
333 103
110 86
201 98
162 332
223 91
143 220
263 68
193 244
6 13
35 251
344 270
9 109
117 213
85 280
109 296
60 332
109 309
340 28
32 188
86 219
196 342
185 81
10 294
33 70
164 150
80 77
218 311
187 202
173 57
149 85
309 234
41 55
307 17
70 262
180 204
80 202
70 229
335 274
247 201
163 288
256 28
207 89
56 277
103 119
135 144
163 296
105 272
179 16
239 88
21 160
299 156
264 235
267 122
167 204
157 175
146 85
75 237
123 96
52 77
155 12
193 72
88 262
92 211
73 79
274 29
263 82
192 311
253 145
11 298
275 36
229 25
10 219
269 35
274 279
214 121
83 314
334 227
188 247
82 321
12 297
284 269
74 227
242 180
195 163
58 147
19 109
271 207
183 79
268 97
279 207
268 8
89 184
6 253
88 60
224 104
278 74
35 240
4 313
217 89
294 42
138 241
149 251
197 140
261 322
67 135
2 155
69 59
49 166
105 101
241 188
33 289
260 179
261 176
156 332
49 342
204 278
271 206
336 192
153 64
165 201
118 308
253 184
18 55
149 174
289 198
74 155
334 278
336 261
42 229
121 72
323 189
176 96
54 123
150 307
280 325
56 92
336 8
312 117
190 292
98 255
137 89
128 233
181 341
275 172
76 218
208 66
238 290
334 184
81 282
181 81
192 272
17 329
263 283
291 110
235 127
106 67
224 340
105 268
288 287
5 136
22 34
114 173
280 220
241 39
134 67
19 6
236 124
275 81
204 142
119 66
122 163
38 29
343 75
246 235
167 39
262 344
181 240
217 287
255 85
248 181
323 326
118 47
165 282
70 129
82 287
180 228
205 130
312 57
199 79
294 20
294 307
110 16
336 188
159 309
308 339
94 70
314 182
87 167
300 276
322 61
148 313
179 114
203 274
184 328
88 167
251 296
224 108
215 104
240 204
20 63
51 199
177 254
139 217
177 239
249 333
12 335
334 34
123 255
113 174
12 192
13 27
292 338
40 49
100 30
83 336
80 108
184 62
302 46
13 100
147 67
225 51
79 166
90 65
59 170
85 277
230 212
272 243
78 321
311 303
28 331
46 217
273 61
142 260
241 110
99 95
282 231
31 287
186 244
210 277
158 28
316 343
152 180
258 288
114 186
4 158
101 147
268 102
242 206
235 8
318 266
230 2
0 223
284 258
166 53
1 73
8 20
278 135
129 209
321 324
77 321
290 120
205 190
60 273
16 99
169 339
162 99
67 238
73 70
155 216
253 219
241 301
296 334
169 194
154 62
265 52
122 116
185 87
233 93
306 203
76 324
278 323
138 303
102 26
113 187
45 224
87 247
22 186
329 144
289 180
212 328
256 52
304 302
276 138
311 266
287 235
107 264
104 175
221 95
302 165
58 246
247 323
187 18
335 115
287 246
105 98
286 318
147 313
106 116
304 328
211 163
311 298
150 154
316 53
113 208
168 55
110 237
301 117
335 145
91 159
275 201
188 325
96 30
95 230
85 186
286 277
201 144
49 93
252 122
244 342
102 315
194 198
62 343
62 98
291 252
107 147
101 50
267 247
295 24
217 144
321 89
88 29
11 324
232 33
92 150
84 95
342 53
278 116
99 305
237 75
92 7
69 7
103 328
286 219
310 293
1 144
70 158
220 54
283 214
222 66
238 209
343 81
276 143
170 277
189 127
283 145
281 52
261 193
177 38
247 17
276 67
241 177
148 226
43 327
161 115
242 100
162 225
179 57
130 96
250 307
36 152
264 154
222 119
274 272
156 173
88 318
289 232
320 106
107 292
290 183
102 326
237 329
75 156
138 298
254 262
320 183
92 222
58 150
280 0
250 48
222 12
242 155
152 89
241 254
94 180
248 3
144 300
96 170
197 32
170 103
327 294
105 169
215 1
78 89
301 40
35 301
74 94
25 171
166 222
203 337
227 87
188 245
69 330
74 135
55 105
33 279
180 97
94 38
336 322
27 180
127 129
264 69
315 333
97 26
148 28
38 194
212 218
159 87
88 186
169 212
329 200
329 304
215 150
275 186
40 27
114 36
258 251
125 318
236 284
27 230
332 154
113 142
23 43
230 311
70 344
110 324
6 247
208 243
88 171
27 105
66 140
247 90
85 35
303 57
34 305
77 151
79 199
3 151
32 91
101 0
336 186
35 294
146 70
156 187
72 233
335 282
42 240
335 175
136 214
238 123
72 319
162 318
18 156
27 8
93 316
271 319
128 164
344 302
215 220
249 144
287 262
208 322
6 336
293 137
324 225
34 82
318 151
24 313
133 201
141 335
155 24
115 18
1 23
183 156
332 217
141 305
332 220
71 113
67 116
289 316
157 243
73 145
59 112
144 205
197 243
132 167
261 323
176 142
158 206
92 33
32 250
50 200
220 11
214 303
42 205
332 1
281 150
279 284
47 198
5 207
333 302
62 209
313 178
38 182
40 38
12 148
99 291
334 205
264 311
269 140
19 139
318 335
74 300
190 223
261 73
34 263
20 270
25 306
275 30
200 8
148 106
165 23
97 119
99 166
52 292
136 333
19 24
302 324
5 254
151 73
94 115
321 71
20 322
237 149
344 176
277 209
234 93
2 253
19 29
104 321
119 261
119 172
334 51
75 83
68 298
154 88
238 218
166 253
93 185
10 97
83 6
94 20
88 234
140 327
28 91
55 279
178 221
187 271
308 26
210 229
123 122
11 311
67 199
106 162
298 164
256 5
164 220
278 92
247 53
137 166
70 149
34 40
250 42
104 273
286 250
143 164
109 307
286 42
96 187
204 33
98 243
47 136
80 214
128 219
339 213
133 157
125 89
5 258
2 300
229 184
153 58
173 334
131 195
225 158
186 128
281 267
137 339
198 143
154 102
98 7
117 154
59 301
290 341
104 94
276 193
115 262
108 313
318 60
270 90
91 110
207 52
313 5
88 161
248 271
168 117
211 73
23 335
8 214
116 326
176 288
71 293
57 64
305 264
18 274
90 322
94 78
53 260
300 105
94 211
192 151
230 307
181 249
236 8
330 193
290 327
0 140
274 337
98 181
161 330
312 203
191 157
33 268
125 68
86 55
233 314
90 28
59 13
59 157
96 220
228 12
230 322
71 24
327 270
26 15
109 144
56 342
232 157
192 70
288 286
270 173
219 152
180 235
201 107
93 197
32 64
44 324
254 340
326 81
206 145
152 201
304 276
95 53
57 132
13 23
140 165
160 24
176 234
50 11
320 256
61 318
234 156
273 291
197 204
315 337
318 41
182 246
121 311
253 116
252 277
129 195
269 239
110 195
290 287
270 254
342 59
276 81
226 329
222 182
199 41
198 106
319 327
37 310
252 150
41 151
228 113
57 106
45 331
323 146
252 249
308 209
46 261
238 83
215 35
107 14
90 164
22 288
307 314
18 270
36 253
144 275
48 10
61 219
224 16
117 314
83 139
257 45
10 89
232 126
46 152
299 155
36 335
116 169
90 186
262 159
168 247
169 81
234 193
184 238
343 213
124 16
203 11
210 280
182 162
113 32
265 133
174 6
273 280
13 271
156 48
195 211
244 193
100 240
96 207
204 286
188 87
146 309
224 76
176 226
298 83
269 5
160 30
291 259
45 85
15 136
172 80
237 318
291 88
201 37
130 290
303 84
275 198
189 184
189 214
122 143
31 196
11 316
47 77
46 248
17 176
95 320
162 26
112 226
95 315
116 297
67 188
271 326
49 125
179 204
58 228
139 231
209 299
8 267
61 33
154 197
251 105
266 134
40 52
179 131
134 139
25 223
130 280
47 93
341 25
47 247
130 174
65 52
308 64
239 250
180 59
119 314
198 133
145 125
258 275
267 333
180 234
296 316
80 176
304 260
114 277
110 326
138 134
257 195
104 284
114 46
285 211
14 244
28 152
323 160
46 93
46 161
321 17
77 80
204 93
127 91
123 92
246 152
147 127
160 47
314 206
208 110
314 23
26 147
140 343
66 316
243 112
178 15
305 300
249 96
206 198
259 73
128 71
42 97
188 8
246 333
120 326
183 228
324 234
88 138
60 134
21 320
73 336
223 69
52 234
222 278
19 81
248 287
239 31
251 263
201 338
258 46
280 116
49 305
38 317
321 304
54 126
139 140
306 49
286 342
73 14
9 69
253 170
116 316
87 297
110 39
159 50
258 135
9 214
273 94
108 69
318 16
141 89
234 258
210 54
263 272
87 127
190 131
87 3
132 195
226 141
125 33
216 320
299 248
74 157
143 264
327 144
330 342
0 93
220 128
77 107
170 104
42 41
230 35
2 244
326 69
73 176
58 243
284 14
294 214
239 41
269 26
323 209
235 102
51 118
221 271
260 196
4 220
320 281
201 180
111 151
297 5
94 221
332 14
311 267
25 297
163 0
271 325
197 276
200 291
216 175
129 72
246 220
268 15
291 194
340 143
125 196
336 341
273 121
264 343
298 165
33 159
340 200
243 251
101 104
202 128
27 131
151 343
243 173
114 40
30 23
131 139
115 232
36 185
335 343
268 27
4 241
319 135
269 181
86 277
131 122
19 321
64 18
225 171
20 215
169 300
43 233
271 191
8 195
85 71
47 318
281 13
336 63
184 258
250 97
331 50
213 159
143 124
256 319
169 275
249 305
131 142
23 315
56 204
127 171
87 33
229 157
221 227
150 153
170 149
219 292
169 123
50 123
33 40
134 268
148 16
68 334
193 182
154 267
216 112
235 224
231 269
166 103
175 284
98 211
109 246
130 224
213 192
169 185
42 92
218 231
236 181
323 334
10 23
211 81
305 183
178 255
44 188
338 182
25 218
172 320
276 333
61 188
318 303
218 53
115 302
104 159
342 171
48 179
338 220
50 34
80 157
168 127
125 43
332 245
96 103
203 103
164 251
77 73
134 27
91 4
178 142
38 258
288 326
280 332
238 109
65 217
84 102
244 239
323 276
246 64
197 102
317 212
228 155
157 241
148 222
29 303
92 139
325 197
243 7
71 333
246 244
30 330
224 249
59 103
344 197
94 15
84 73
176 113
278 269
253 161
121 53
198 239
245 99
139 177
331 265
275 141
13 337
176 9
7 261
329 184
10 86
326 33
193 338
92 331
252 255
64 311
222 209
295 335
323 8
240 118
59 88
13 4
336 257
189 113
142 118
61 285
28 250
27 14
173 149
265 274
243 156
297 334
236 296
120 278
102 165
51 66
105 189
50 156
35 223
23 314
145 195
1 98
184 74
283 322
25 305
157 30
96 132
300 184
202 218
240 21
89 192
211 136
234 30
91 74
35 67
177 46
195 34
133 18
233 335
138 47
166 271
307 157
20 173
241 281
299 97
296 256
85 84
176 220
321 314
255 88
279 217
246 300
182 63
214 28
341 87
137 229
314 124
314 146
344 192
200 174
257 135
337 339
141 239
326 68
17 47
263 281
111 29
89 147
53 50
128 82
279 251
322 262
198 146
13 309
176 169
24 167
218 77
218 328
95 333
62 147
301 262
179 157
173 33
342 36
1 324
16 165
46 135
179 103
324 11
246 280
175 29
213 10
186 288
129 287
181 289
211 287
266 240
279 214
317 119
23 171
200 123
66 256
198 171
41 311
113 18
161 262
248 94
179 122
236 139
310 205
71 68
328 37
11 49
293 99
147 48
262 285
11 244
221 172
266 243
50 134
269 287
175 122
304 43
229 30
314 122
114 296
237 315
42 310
41 92
34 177
335 338
270 233
334 141
207 36
235 130
255 29
44 144
232 86
81 13
141 17
190 33
253 183
200 144
200 89
149 27
157 224
315 160
214 14
329 222
158 261
112 229
257 215
242 189
249 54
116 86
337 41
197 30
158 10
292 103
323 196
80 160
208 202
124 105
293 275
61 165
52 178
154 188
156 146
229 7
89 318
231 37
5 209
233 253
315 65
73 341
72 268
272 134
214 243
69 272
291 200
279 67
285 29
332 142
110 220
143 128
218 134
32 78
14 225
278 195
292 291
218 137
222 152
69 307
144 270
53 18
324 62
42 22
139 320
168 338
125 119
38 338
212 261
27 342
11 96
38 278
266 27
68 294
49 106
189 261
269 236
136 163
318 219
250 219
97 176
110 239
42 340
252 110
119 35
119 43
242 212
209 62
216 17
178 274
326 94
167 100
31 188
319 204
285 184
201 8
26 296
292 280
255 125
111 83
32 265
51 279
130 32
275 199
132 307
43 178
130 88
21 233
184 43
131 341
79 102
64 33
284 195
49 2
176 339
180 148
192 319
62 336
112 61
187 296
179 183
307 20
179 66
128 261
21 308
187 121
327 299
84 169
153 90
277 249
249 142
269 86
319 159
128 100
185 337
110 243
19 212
154 103
36 307
96 329
310 263
167 52
286 339
138 162
153 12
217 183
180 95
98 65
47 20
25 216
312 121
200 277
287 250
204 167
256 104
293 229
324 29
343 274
279 321
98 150
130 304
2 179
105 0
177 290
32 128
94 32
201 268
36 262
124 183
280 324
184 169
224 263
93 31
286 315
71 326
139 129
215 236
145 278
102 161
30 228
327 47
42 177
59 136
106 181
125 30
195 251
86 296
14 134
72 341
181 16
143 160
38 186
342 333
59 11
122 33
255 205
50 331
2 202
172 47
229 37
125 131
244 296
342 250
343 241
238 57
252 15
91 64
220 43
50 124
147 223
172 67
203 205
30 310
329 274
56 50
312 7
50 228
213 197
167 230
125 120
297 59
220 173
114 178
37 124
181 334
337 255
162 7
221 16
67 139
215 288
148 2
297 133
96 322
13 167
229 228
110 251
122 214
40 45
280 233
305 134
210 252
135 270
198 262
7 321
270 312
12 194
86 209
144 298
259 47
76 215
214 42
43 41
235 342
202 211
287 228
50 91
223 261
72 31
341 123
231 276
329 75
188 49
273 267
262 246
125 214
239 300
86 140
242 299
212 30
132 300
163 18
277 22
8 121
318 227
254 247
103 124
182 244
36 244
88 181
211 232
157 29
113 272
76 95
224 75
63 229
200 148
220 316
279 159
117 269
126 10
7 283
275 241
313 49
115 94
130 158
63 253
32 244
67 149
306 67
87 30
313 201
125 0
3 192
149 171
312 336
45 301
21 177
88 148
300 226
38 104
3 125
298 315
116 245
174 40
77 235
88 166
38 290
106 286
120 166
184 170
251 164
207 56
214 216
342 38
22 225
308 255
22 281
2 305
278 247
44 15
270 141
27 238
96 136
153 264
10 123
106 100
212 271
233 204
283 278
219 200
187 145
342 155
33 213
136 307
53 109
112 278
47 324
184 45
116 305
105 145
112 160
10 284
275 11
292 134
221 340
276 200
160 176
154 168
223 170
244 335
232 152
285 163
195 295
4 126
306 6
294 304
118 72
299 134
302 132
236 232
81 298
311 236
61 268
82 195
343 275
63 12
187 46
213 153
282 236
61 327
4 258
211 223
305 253
181 272
179 255
132 52
99 262
86 215
159 84
155 65
342 21
232 171
324 66
328 337
29 277
25 325
134 225
13 138
211 69
214 194
167 338
194 192
220 250
233 190
317 281
56 120
161 311
124 0
251 193
240 101
287 17
244 156
281 113
341 158
85 157
26 205
86 62
97 210
309 3
104 247
123 13
71 53
342 255
69 338
164 138
251 172
166 211
16 57
21 150
262 293
43 259
105 14
154 75
149 279
53 55
107 121
247 37
187 158
143 266
10 200
341 328
308 216
120 112
53 75
167 62
197 238
5 146
77 252
184 144
78 26
337 8
26 153
74 15
272 317
343 137
189 119
250 242
194 319
157 13
143 232
28 317
295 262
94 144
236 53
198 285
271 91
38 282
39 199
155 99
72 185
68 240
340 63
148 259
93 140
264 283
223 205
137 280
136 192
49 211
89 121
45 204
99 315
177 248
214 244
28 35
84 154
241 123
30 127
240 286
299 197
70 342
230 257
157 268
267 166
184 297
31 91
224 134
187 3
283 141
201 102
97 173
116 171
233 175
318 73
142 93
32 28
162 271
315 265
340 106
173 272
91 289
21 95
53 241
118 212
244 133
298 269
241 24
231 280
95 46
183 162
256 82
317 92
176 271
16 72
197 149
255 335
240 226
334 73
260 82
203 176
294 200
222 151
313 142
45 263
256 19
94 228
112 270
244 155
282 284
276 316
10 153
122 241
255 294
82 251
79 194
132 241
185 316
76 204
190 138
253 69
61 300
305 95
99 146
283 40
77 61
336 218
94 307
204 201
59 265
58 266
67 232
272 183
201 280
122 72
35 213
336 112
90 35
301 65
297 253
92 122
304 270
273 205
5 49
108 243
63 228
208 222
74 10
272 30
193 37
302 187
159 105
158 108
59 274
59 342
219 137
179 48
69 156
333 273
310 94
101 307
48 34
167 285
29 226
51 58
229 132
191 341
226 80
174 251
23 276
81 158
343 94
227 280
186 180
270 61
43 77
329 73
51 100
46 263
139 29
323 318
319 85
267 323
284 260
163 122
78 62
239 128
280 125
103 233
225 149
53 266
239 265
74 213
338 157
213 155
313 232
316 46
295 112
77 132
237 180
285 65
233 329
294 140
282 96
100 180
200 79
16 300
36 249
158 233
56 15
223 88
34 340
2 185
322 119
180 139
188 176
299 205
11 260
73 181
120 197
215 56
94 13
158 226
264 37
177 62
99 267
29 144
307 71
344 282
170 280
195 13
245 8
45 44
294 148
122 323
292 315
266 156
288 266
94 344
239 158
176 311
132 190
324 32
100 23
98 48
67 167
125 163
131 323
100 183
275 248
68 278
326 240
138 302
228 244
106 251
33 85
234 221
42 237
313 52
184 106
257 303
37 140
261 182
42 37
287 113
79 255
68 165
263 325
120 325
33 336
79 218
155 337
194 0
195 309
150 116
208 135
9 178
301 273
31 69
274 311
248 182
48 72
117 303
155 276
109 264
4 12
246 35
81 78
249 43
75 82
154 257
81 222
183 138
154 146
335 18
30 277
10 83
56 344
93 59
134 178
100 190
324 207
10 194
212 92
159 115
87 238
61 65
332 126
278 213
63 297
93 177
291 237
156 127
330 281
315 37
90 342
223 77
123 156
311 95
335 159
33 202
300 37
340 270
74 332
169 200
258 256
167 77
257 59
236 146
15 234
66 7
44 138
207 10
333 120
283 336
78 195
50 314
244 323
43 149
39 0
339 222
182 87
278 226
237 115
163 159
214 101
150 292
296 102
9 89
72 57
86 211
272 289
5 77
138 204
81 302
293 47
20 16
329 29
138 195
143 225
31 334
63 37
159 99
15 128
68 284
314 79
216 250
141 146
187 11
3 330
331 324
193 191
98 112
247 69
23 267
261 23
64 104
233 182
256 316
64 23
335 146
253 85
239 254
323 151
320 24
243 280
222 154
154 210
286 173
51 11
265 275
236 243
328 57
146 205
162 242
213 287
51 22
196 242
333 295
287 296
40 323
338 39
281 123
344 235
47 300
50 145
130 285
280 29
197 256
337 98
54 196
87 154
235 85
273 106
303 233
292 136
118 94
169 76
233 242
43 85
55 283
86 201
225 42
196 190
18 20
138 64
169 251
327 316
333 282
91 43
263 93
28 57
157 237
121 29
188 81
332 255
201 270
207 137
79 236
182 156
80 100
249 108
59 308
224 23
282 314
228 339
73 100
97 24
93 304
161 173
98 145
246 182
282 107
337 244
165 90
165 172
166 321
220 141
323 317
49 179
16 232
339 170
99 312
312 252
163 34
206 224
200 57
192 104
63 135
207 65
102 76
219 265
110 20
180 323
63 137
241 183
144 197
293 37
332 258
172 96
323 274
335 204
330 136
239 129
69 125
2 241
221 326
73 295
327 170
22 310
47 66
274 287
220 161
325 16
193 118
105 262
60 21
205 7
289 297
278 43
59 124
279 165
101 264
137 320
139 244
229 117
80 232
117 129
89 61
53 150
193 320
296 253
99 231
289 208
231 76
325 213
308 97
244 52
33 123
0 103
290 104
161 238
322 265
324 206
160 284
8 141
202 288
167 8
13 10
169 249
268 114
7 231
53 115
339 223
4 317
15 260
202 182
252 184
283 323
88 109
339 246
132 313
331 35
136 227
161 195
1 67
221 183
230 297
301 221
61 295
199 156
125 335
341 13
240 336
229 241
58 298
284 325
222 108
274 235
187 42
307 192
85 15
3 260
49 146
42 211
133 147
152 320
83 56
118 256
212 302
300 283
261 287
201 166
202 152
312 10
333 257
59 177
108 329
185 268
278 288
157 181
39 27
93 274
200 245
332 42
317 52
281 101
290 13
96 177
8 217
307 208
117 257
211 8
181 108
156 147
7 41
309 103
120 340
194 129
213 156
239 232
315 105
205 88
262 205
260 68
164 267
163 141
277 58
163 73
336 23
25 199
69 37
67 260
205 329
300 186
42 214
248 145
93 311
116 156
10 320
81 324
235 286
211 257
99 253
35 218
252 108
289 279
128 166
186 291
311 322
204 312
230 141
185 10
42 196
339 303
252 324
17 104
46 124
39 282
244 110
83 286
306 8
284 20
121 93
19 208
15 319
254 54
159 153
164 242
153 262
104 70
42 127
164 289
42 326
20 280
236 242
329 55
82 96
47 213
284 63
180 103
7 222
331 19
185 78
212 339
177 333
310 68
26 75
79 108
172 126
224 290
8 112
168 262
237 154
281 324
135 10
121 2
252 124
137 84
14 102
54 146
299 80
91 48
339 338
7 301
167 146
126 147
16 247
52 170
273 189
156 287
193 210
82 37
245 129
37 318
337 298
3 92
194 85
31 11
229 285
327 31
313 227
63 161
289 100
116 202
276 164
267 190
193 53
131 262
320 15
105 89
14 141
151 263
289 169
22 220
57 49
291 324
279 175
304 254
100 237
316 107
203 204
338 9
24 282
80 293
60 68
304 117
20 250
88 182
198 303
314 102
331 172
181 135
331 224
232 290
243 252
316 290
194 10
230 163
14 216
336 223
195 74
238 247
42 27
192 187
136 60
115 136
248 184
89 97
260 209
190 153
334 287
228 152
54 148
38 131
267 214
53 110
331 85
58 29
79 96
163 317
196 267
190 135
224 113
185 304
11 10
109 245
342 25
323 137
276 344
275 207
3 10
327 90
215 139
287 174
81 201
86 92
101 83
220 49
146 288
266 254
110 249
329 161
309 200
203 298
321 145
299 4
296 72
23 65
12 308
223 158
314 263
296 215
156 182
321 261
282 5
122 284
218 76
50 274
144 73
36 120
216 190
69 87
303 69
92 142
127 315
305 64
320 82
250 95
61 96
87 169
191 44
215 260
132 128
182 90
197 286
327 191
330 109
161 192
173 136
77 299
251 4
68 338
39 38
58 272
91 231
310 170
114 98
63 191
299 216
98 23
112 173
17 33
244 303
71 229
31 238
299 343
158 212
110 103
197 103
273 6
261 238
100 216
273 158
255 172
304 297
23 258
125 341
107 137
241 239
147 188
100 102
5 181
141 309
124 85
328 258
119 87
158 176
234 25
2 81
199 103
225 8
160 204
92 63
109 251
13 98
187 272
17 105
253 292
331 129
235 267
54 229
252 342
53 203
316 50
241 60
165 71
277 233
180 281
216 61
329 106
328 38
238 314
185 145
250 112
275 288
254 246
191 144
164 141
231 246
78 102
111 291
250 4
162 90
143 64
7 106
266 171
149 153
94 268
130 344
272 292
336 323
324 125
33 122
72 85
207 288
16 47
183 336
176 341
264 58
73 94
252 65
72 231
256 183
43 161
51 84
115 285
276 172
287 184
94 116
253 162
97 131
142 148
253 92
186 184
166 37
153 258
168 101
6 36
185 266
117 184
154 25
178 340
32 303
217 88
8 102
18 107
27 216
267 179
247 39
247 232
85 231
60 283
148 58
206 167
124 95
288 118
173 112
22 233
247 269
121 86
131 6
119 182
52 277
9 152
279 310
174 313
201 135
221 117
223 265
173 170
271 104
179 301
310 13
15 166
94 108
180 325
128 235
239 209
192 45
341 7
205 85
102 232
100 67
136 296
341 54
343 138
263 92
99 290
79 249
267 307
46 206
143 105
277 74
38 274
30 283
314 196
246 162
233 325
76 283
232 127
213 165
202 251
189 310
330 121
147 278
3 257
103 336
55 222
243 287
265 5
145 11
315 131
133 236
278 188
58 341
118 247
140 111
235 327
55 299
85 307
66 18
150 124
261 183
330 339
318 6
130 284
296 214
329 191
28 138
107 330
257 79
103 163
35 335
157 256
243 203
242 178
255 270
187 185
310 196
170 304
285 179
308 285
278 313
5 215
205 64
126 104
267 125
132 311
322 277
272 302
286 16
212 312
113 246
296 54
327 161
241 260
129 246
131 335
341 37
3 163
307 148
7 23
153 149
18 290
169 315
314 163
43 100
195 3
249 248
173 236
61 252
159 326
100 329
198 1
144 105
247 270
58 344
273 139
198 342
148 168
260 223
60 223
131 219
205 231
134 241
192 278
249 242
23 259
184 307
172 14
102 272
259 187
276 62
219 318
94 326
286 241
343 134
174 247
31 99
161 183
239 8
140 152
3 327
27 222
301 121
223 145
303 222
124 212
297 210
113 156
326 117
150 68
322 177
182 13
20 135
135 239
71 284
332 305
237 229
191 53
256 75
72 306
193 40
86 139
53 126
313 93
85 100
83 224
325 152
13 189
124 228
184 111
328 267
335 214
75 17
74 134
42 290
132 270
97 27
238 43
290 173
56 102
180 39
272 72
156 26
241 168
87 7
260 213
333 75
189 278
249 107
128 343
172 215
6 278
215 107
242 205
204 59
320 192
28 38
227 322
277 236
8 199
186 224
208 71
40 7
178 146
240 200
221 268
201 42
141 22
190 270
344 298
185 197
316 26
323 179
66 252
310 235
257 284
337 81
170 79
181 141
8 61
88 194
279 300
84 29
308 244
313 242
197 199
279 272
164 287
16 328
79 190
219 271
309 90
192 305
149 10
90 303
183 99
212 262
2 194
58 72
268 256
134 108
306 264
319 247
107 205
24 258
149 254
324 53
126 274
196 270
223 299
78 69
339 114
267 212
96 127
291 102
31 264
288 101
280 282
217 145
338 207
207 284
309 274
151 216
278 89
123 319
142 341
120 250
175 67
135 287
11 33
159 25
127 340
148 238
273 142
253 63
331 152
192 136
259 65
152 197
196 65
187 228
292 305
290 96
199 159
282 127
203 92
5 282
159 201
249 292
293 35
133 59
101 316
32 49
276 224
38 231
323 5
333 124
192 216
340 228
210 124
130 213
95 64
59 326
344 120
125 113
329 91
71 40
337 26
247 88
21 3
67 322
291 10
28 18
314 55
131 220
275 17
311 1
28 206
47 107
51 26
171 208
185 238
53 276
21 75
211 237
131 342
113 308
262 79
285 239
1 88
155 52
261 308
103 174
23 300
193 259
124 51
287 89
328 159
284 167
253 102
32 277
106 40
189 31
341 317
134 302
8 339
249 182
244 242
169 208
118 325
311 150
257 319
14 279
297 10
252 120
77 55
143 68
318 165
19 45
190 184
117 280
104 132
215 303
78 146
44 55
86 7
41 106
163 233
20 141
112 132
202 113
59 217
323 267
320 124
247 337
114 312
137 147
83 168
344 42
113 271
225 244
231 284
287 342
23 271
157 138
80 278
101 103
98 49
66 312
47 9
310 318
28 39
219 259
264 293
283 4
142 342
229 337
190 296
305 139
72 189
199 244
200 74
296 324
129 34
202 315
38 246
312 170
23 198
25 212
69 284
27 141
128 227
287 230
326 191
165 13
170 197
159 261
164 259
29 117
8 10
2 334
201 69
332 43
60 7
191 336
26 124
87 135
95 33
290 83
152 244
32 48
33 84
17 267
127 296
242 45
260 158
10 257
174 257
58 21
179 338
106 98
261 135
26 249
164 268
294 336
94 21
210 257
81 220
169 175
224 7
50 330
7 213
207 166
219 59
327 23
127 63
238 112
39 107
56 285
211 229
342 90
322 145
295 311
331 169
40 254
69 167
318 116
119 211
220 187
0 87
71 342
79 112
132 163
79 59
209 119
297 308
23 80
269 271
268 148
10 117
237 59
223 24
223 302
330 334
292 122
31 152
204 302
232 129
228 203
274 53
257 202
75 289
164 61
164 103
211 14
127 144
166 234
101 300
285 66
35 111
82 292
97 34
27 172
323 94
135 159
262 251
118 292
181 54
39 201
295 324
267 232
179 207
72 178
144 1
253 24
183 136
49 3
42 167
295 93
8 33
134 89
252 331
315 175
218 209
318 56
304 288
142 55
131 16
270 320
212 324
92 247
190 141
139 271
89 270
106 256
133 247
123 124
209 117
26 208
251 326
99 275
330 17
86 124
190 77
296 34
282 57
295 192
270 283
182 176
200 94
74 128
87 175
305 324
291 128
205 89
20 130
208 194
138 119
247 241
115 80
208 171
2 63
122 124
246 29
61 234
26 270
291 331
313 151
251 176
29 227
319 305
151 188
283 13
12 246
248 38
73 233
104 19
121 67
218 234
266 98
145 295
325 21
157 170
8 307
53 237
212 11
325 214
78 101
172 256
154 192
54 65
56 8
127 11
147 104
323 188
207 67
29 212
215 131
115 339
236 144
92 265
272 283
329 257
71 188
109 117
181 98
143 43
68 75
108 77
252 223
71 34
118 90
206 210
10 264
6 282
81 205
292 164
206 338
207 274
246 22
301 220
56 252
281 76
286 255
308 195
94 68
335 191
298 191
138 159
169 203
232 318
127 188
95 129
260 93
174 103
250 39
303 334
143 178
54 277
120 246
266 117
277 83
187 17
17 57
212 103
253 115
209 114
104 217
50 266
4 270
9 235
253 240
289 172
281 67
331 190
85 195
304 91
68 171
241 20
92 224
124 96
214 277
243 160
323 255
203 260
7 310
56 10
31 131
326 57
227 211
87 150
83 117
19 15
171 321
237 51
134 343
213 14
90 220
88 282
39 321
258 20
133 22
291 254
226 276
331 266
142 302
239 151
200 62
216 235
332 64
144 115
242 73
78 127
155 64
225 329
165 85
49 236
202 302
54 99
277 121
189 7
234 85
80 247
279 208
223 23
221 175
140 69
92 209
327 306
34 18
232 268
6 44
27 58
339 244
110 308
91 339
171 125
259 306
48 265
254 199
38 7
181 213
11 116
267 39
130 71
296 337
196 221
290 7
320 97
227 272
243 309
177 29
29 155
66 289
310 126
114 216
82 87
187 15
141 102
229 237
74 310
224 210
40 218
51 111
307 30
88 124
315 32
15 111
119 265
182 58
119 308
181 198
121 232
292 232
264 166
330 6
14 105
90 151
289 76
88 193
262 171
124 236
196 261
9 119
288 66
36 170
75 44
167 239
23 129
84 299
266 93
61 110
282 230
337 332
31 310
147 190
292 221
274 286
137 75
106 253
17 27
139 211
103 323
96 95
310 239
64 342
106 273
130 295
297 223
152 121
286 259
286 82
305 45
186 115
170 292
44 120
201 65
237 72
31 169
30 220
154 326
202 103
35 65
148 86
336 335
282 147
114 102
273 31
108 238
147 337
11 287
13 341
224 269
334 321
247 325
213 5
153 128
260 250
134 271
94 100
215 108
96 282
206 103
38 195
193 22
344 248
52 339
16 175
315 123
185 66
60 18
191 266
23 229
18 4
198 167
94 142
256 110
190 203
288 335
105 311
23 168
267 332
32 174
28 252
165 120
103 95
224 261
312 96
11 336
29 283
102 96
305 212
160 128
274 130
277 110
51 170
235 19
77 193
91 323
308 99
215 123
129 46
123 271
129 292
311 35
137 288
126 74
38 294
59 261
149 90
117 227
275 242
37 68
265 70
298 226
331 102
317 96
228 252
114 105
228 231
191 344
241 232
145 65
69 113
228 297
267 275
15 148
341 305
335 90
107 87
319 109
326 85
52 164
179 290
321 102
122 336
9 176
0 253
246 294
325 15
26 181
188 297
167 198
314 45
284 9
111 137
29 156
31 121
73 57
264 92
132 296
110 15
81 326
39 265
190 47
95 38
156 28
61 4
149 135
129 44
57 321
272 93
53 175
51 36
58 121
178 203
313 240
207 20
336 61
215 295
284 114
207 8
149 162
85 201
198 144
144 168
289 191
49 324
246 99
329 139
336 1
314 280
114 78
191 165
241 276
21 341
322 148
145 121
316 90
115 166
207 282
283 211
66 141
1 282
323 17
15 169
254 300
292 218
10 309
286 120
148 266
130 86
323 236
126 240
212 129
1 269
11 157
285 324
316 89
148 102
204 224
218 15
179 344
255 293
30 158
217 344
206 156
254 260
251 274
199 298
333 305
177 206
108 34
207 40
337 279
62 24
47 292
157 159
18 11
317 191
7 124
131 214
165 323
290 78
144 314
280 137
248 53
325 303
19 79
51 34
85 23
225 102
21 232
128 152
3 195
179 46
292 16
317 341
204 140
254 192
65 135
294 87
269 324
239 175
175 272
152 12
28 111
199 308
190 191
233 340
33 247
226 66
223 252
68 154
136 256
139 326
191 251
83 221
291 1
179 82
64 261
197 342
153 72
75 247
143 306
283 93
269 51
330 254
272 275
178 338
166 210
39 241
112 167
142 298
59 187
259 244
341 106
15 285
159 76
231 282
250 254
251 289
219 73
219 23
95 216
130 108
295 12
124 11
274 137
33 17
80 283
227 127
154 241
170 159
73 292
131 226
42 308
227 0
260 302
136 45
84 290
286 210
319 157
247 266
270 111
45 344
58 78
127 101
41 48
176 170
295 339
127 86
39 114
39 59
325 292
52 268
217 323
282 262
340 6
96 284
54 175
11 252
169 139
82 129
95 275
70 322
223 123
3 85
233 79
156 205
344 227
246 337
337 303
113 90
180 85
208 117
55 113
202 67
340 185
223 131
106 327
285 283
82 181
90 195
280 143
230 46
260 285
159 20
254 57
288 160
169 157
160 11
343 242
339 268
13 176
66 145
124 229
332 186
152 142
126 342
240 157
327 91
201 133
234 99
87 283
104 141
327 132
138 186
330 194
249 270
56 46
104 122
137 267
303 287
339 153
9 328
124 321
277 315
8 119
276 145
42 231
40 247
76 281
264 296
3 290
273 53
88 272
314 123
214 302
201 48
174 209
168 8
234 218
303 55
170 208
248 0
142 251
186 111
29 180
81 145
137 282
48 166
320 305
6 41
57 156
288 220
28 159
339 278
105 34
117 201
248 67
28 104
200 230
41 72
326 47
204 304
291 189
238 143
149 233
323 254
267 342
295 340
42 93
226 126
118 207
75 134
148 181
234 203
42 114
15 211
112 275
321 58
12 269
134 312
98 189
121 332
294 65
239 116
96 9
67 37
184 172
48 175
93 98
220 228
207 268
233 333
285 258
216 35
70 164
1 65
343 267
318 107
93 30
219 326
257 271
82 100
10 36
323 241
205 170
62 105
339 282
214 86
217 134
132 147
81 3
201 302
181 61
29 145
260 101
235 15
165 198
1 201
192 281
259 280
297 22
69 289
253 300
225 70
203 292
66 23
47 254
284 204
193 228
78 122
173 16
329 239
286 278
50 164
229 62
284 168
168 341
22 112
11 117
242 186
236 97
74 133
157 342
126 103
7 135
205 320
319 298
132 159
58 100
78 303
76 236
279 79
257 145
192 166
182 320
274 325
2 184
186 3
307 258
227 220
42 319
297 227
175 81
175 23
269 105
3 173
191 174
233 33
178 70
199 42
288 45
249 72
265 288
49 307
164 1
92 32
298 169
192 284
136 97
262 104
146 202
311 70
273 15
279 93
17 273
97 140
248 191
340 335
319 214
9 23
173 227
193 101
243 29
303 221
281 302
263 87
149 244
28 92
239 101
5 3
109 324
93 25
102 168
253 197
270 53
226 21
215 86
145 151
140 95
187 6
172 52
138 50
170 247
272 33
135 112
182 252
100 229
270 231
215 98
225 340
59 54
175 293
41 317
282 189
251 213
30 3
120 205
263 191
114 235
127 8
3 111
281 142
304 311
281 112
81 83
62 65
255 38
273 17
105 276
30 41
268 251
236 176
246 168
18 109
120 168
87 267
129 117
308 202
225 324
252 148
133 151
54 24
94 29
118 51
121 159
90 208
81 219
314 106
118 221
27 112
314 174
286 325
278 344
3 54
158 94
262 142
336 96
185 207
104 205
72 110
90 171
170 322
324 231
275 188
189 168
187 276
30 291
136 15
27 38
184 312
307 257
28 105
289 1
248 219
29 309
334 138
78 160
115 263
127 324
158 59
120 88
336 314
87 82
308 31
263 136
252 292
81 176
328 208
155 60
315 335
118 115
84 101
94 295
35 259
333 287
257 147
202 36
274 280
105 225
137 327
179 282
61 213
250 319
15 312
312 241
334 89
173 250
119 300
57 184
168 46
271 275
19 34
148 255
254 265
315 319
265 336
177 227
74 0
76 56
231 147
77 203
139 124
253 48
63 262
276 230
10 11
16 97
216 36
133 309
128 236
246 343
266 257
9 2
161 77
278 287
132 293
235 176
261 104
68 295
50 98
88 33
278 205
45 158
137 263
303 70
205 337
327 331
283 83
181 159
21 120
51 202
326 298
13 141
135 52
333 290
45 313
168 328
51 239
316 134
54 239
255 105
343 236
306 292
164 221
88 202
274 49
146 280
146 100
230 93
315 53
90 312
29 172
76 128
126 194
216 272
274 261
12 244
217 335
186 225
218 276
192 129
267 298
233 154
221 211
282 249
307 55
78 339
319 8
157 233
343 311
104 216
151 301
5 310
177 270
279 41
325 12
337 77
273 118
84 60
258 293
199 65
249 29
341 254
242 329
284 321
254 218
240 55
199 233
301 337
254 323
11 151
307 296
249 52
88 288
91 212
302 226
111 250
91 201
101 126
117 286
36 110
153 339
254 8
80 164
241 80
263 153
40 257
256 44
38 207
51 172
265 204
69 220
254 4
215 283
294 13
266 342
17 75
268 273
119 306
38 255
18 89
330 185
60 104
305 35
311 163
101 115
344 269
14 189
232 146
80 242
243 301
238 179
21 58
165 24
294 89
255 181
285 67
308 76
207 27
156 105
308 123
83 23
150 0
13 79
9 200
146 317
276 234
237 63
85 99
90 143
106 320
98 26
23 295
41 114
42 301
270 335
131 64
300 216
65 45
261 150
5 284
53 44
343 307
144 170
199 177
127 121
50 171
290 62
171 296
26 334
3 31
296 130
22 194
73 143
129 123
279 275
48 109
307 174
330 302
53 214
315 304
65 50
32 96
174 249
194 98
28 79
256 281
0 218
44 130
35 14
153 139
185 225
225 334
65 156
22 227
58 79
209 61
19 201
301 215
79 44
27 293
153 188
176 215
134 336
254 337
311 20
102 268
13 77
97 151
285 178
68 224
280 73
330 1
183 85
26 95
32 124
148 191
299 72
41 23
152 229
201 123
10 141
21 153
67 122
226 2
206 121
118 291
41 239
66 276
51 219
160 154
42 292
328 171
196 120
286 133
60 8
64 13
129 126
69 126
273 320
84 238
243 126
185 44
178 120
133 67
271 105
95 124
27 44
203 266
282 34
241 1
159 140
106 243
53 223
251 303
30 255
293 23
237 9
154 99
180 226
168 305
340 322
167 269
303 228
138 8
195 339
267 75
1 24
126 164
269 183
165 97
128 247
323 199
176 276
6 245
200 310
128 55
200 169
28 296
252 276
222 34
217 163
146 247
312 26
3 77
246 81
228 110
21 259
76 246
26 228
198 36
20 300
155 248
66 177
162 35
301 147
68 32
39 50
27 76
256 53
207 256
224 325
80 171
4 94
314 68
216 100
106 167
337 145
217 304
282 182
341 81
188 220
308 269
46 290
24 74
169 298
344 201
27 215
181 156
154 107
289 257
240 229
62 203
153 10
332 132
259 261
275 215
50 312
66 133
25 220
214 184
27 136
139 336
339 292
2 45
79 87
47 314
230 175
325 182
169 210
54 285
297 295
86 334
217 327
183 121
169 110
177 150
293 124
110 328
70 133
105 247
49 117
256 151
55 150
148 232
258 301
262 107
257 235
25 73
320 133
52 133
284 33
171 339
128 41
342 235
183 211
58 128
159 330
103 144
18 325
113 118
14 90
160 45
334 30
23 287
55 68
124 83
81 84
211 142
317 216
286 237
209 309
141 214
150 156
206 212
248 92
282 337
75 31
48 286
173 20
157 17
257 255
219 181
138 95
215 124
226 65
281 55
332 340
319 146
250 14
169 26
195 308
185 204
25 53
120 26
67 1
339 250
303 326
245 277
65 30
232 276
37 205
160 107
73 102
51 103
205 232
42 270
164 176
103 89
196 302
203 12
64 93
181 48
103 32
0 264
124 203
136 198
207 187
87 161
151 31
60 13
232 256
217 337
170 281
231 91
286 134
239 48
166 101
138 122
20 225
186 74
165 153
47 336
245 223
127 186
12 137
154 153
186 320
0 177
8 186
262 198
189 183
205 125
140 26
17 271
45 62
190 43
128 321
2 242
14 266
70 237
55 207
323 339
279 248
165 106
160 253
52 122
261 318
147 61
311 137
16 40
190 40
256 258
48 65
148 110
321 200
232 307
112 149
164 265
170 66
106 77
38 199
112 68
262 208
308 264
120 13
29 343
207 94
179 244
116 199
169 260
179 263
26 123
256 239
167 182
220 16
25 23
35 181
125 142
0 304
288 19
158 286
149 229
201 45
145 224
30 171
66 72
88 50
265 134
197 209
250 61
289 213
273 90
340 205
49 229
316 74
319 59
27 87
325 5
196 178
91 168
209 135
77 16
131 27
261 126
134 79
258 185
206 285
99 199
47 181
87 222
40 132
21 215
47 39
305 138
85 149
157 9
215 146
231 136
289 337
61 171
263 334
78 199
93 255
8 230
56 324
58 208
270 210
234 232
309 258
140 265
244 82
239 97
121 188
107 72
292 168
148 101
311 32
225 278
91 16
68 302
223 76
60 91
177 124
55 187
196 3
35 307
107 162
142 198
178 112
156 10
223 281
307 304
84 7
131 182
257 43
77 68
104 72
143 41
281 250
204 79
191 243
143 56
105 342
26 262
78 30
182 328
303 154
210 58
0 210
149 5
236 130
176 73
303 223
265 144
39 266
9 188
173 252
77 154
202 232
264 48
69 279
119 284
204 77
162 329
63 162
240 102
192 60
58 16
206 38
170 310
270 42
306 190
338 277
301 271
223 21
322 70
335 238
106 88
104 67
246 305
238 230
252 260
271 90
223 95
275 342
81 127
231 101
252 222
205 32
147 13
20 324
160 1
239 182
200 320
197 126
147 27
134 202
218 256
136 267
171 156
247 83
110 218
313 4
302 168
227 169
197 148
127 341
253 321
268 326
39 77
213 7
329 171
242 325
128 5
44 211
194 75
248 34
322 58
39 44
219 6
137 258
331 6
79 245
127 275
183 264
170 217
251 183
330 320
326 247
20 214
155 188
184 234
100 332
274 283
299 225
261 234
291 246
209 154
303 29
307 114
250 109
69 265
226 71
252 155
9 60
9 78
38 328
156 239
129 57
318 240
113 229
160 198
87 279
0 240
160 171
43 314
228 299
29 139
162 142
37 110
267 26
83 329
224 73
263 126
215 208
244 177
303 178
146 328
301 18
267 114
277 48
305 75
20 137
307 166
344 17
151 268
177 75
29 124
140 66
246 229
164 322
90 124
20 230
311 332
182 223
153 343
115 54
305 332
102 228
209 122
13 69
145 169
176 13
156 13
236 81
36 49
299 326
201 162
292 79
84 243
67 209
145 126
207 316
20 242
236 315
263 284
297 119
291 29
41 168
139 18
261 286
225 231
102 47
72 301
0 296
259 43
136 301
211 261
76 223
124 259
229 98
117 35
30 195
260 69
330 62
53 344
59 61
140 316
69 261
289 29
87 225
31 114
114 332
114 192
192 219
249 310
3 250
166 82
344 12
111 333
237 307
98 170
323 34
130 8
10 34
186 172
333 254
255 332
132 320
133 111
9 192
7 31
317 14
239 240
176 273
165 17
173 159
83 264
304 215
228 150
285 236
84 71
338 56
333 104
341 245
306 198
203 171
281 132
300 280
12 344
146 50
248 146
152 267
173 216
180 195
60 100
277 152
69 213
186 24
50 287
163 309
219 87
195 258
162 234
293 193
248 137
250 122
126 260
322 223
154 51
175 328
218 177
6 5
297 73
79 139
313 237
54 95
318 229
10 3
211 170
26 119
192 88
5 214
222 318
307 289
194 336
111 140
246 323
310 272
344 290
152 192
33 316
164 25
32 41
105 83
303 158
185 155
39 184
2 93
31 35
64 299
198 130
226 231
73 127
31 308
137 334
122 331
2 33
285 288
119 189
36 53
254 325
133 135
211 206
165 40
222 185
276 15
76 53
147 290
278 334
178 171
284 307
64 116
134 43
72 284
282 109
72 177
137 246
208 48
167 273
158 7
271 31
140 27
220 246
132 260
147 226
176 74
289 343
3 4
128 278
37 198
74 272
101 44
173 246
161 4
250 225
178 140
337 118
328 124
268 304
51 196
261 21
113 54
22 218
21 22
3 243
29 253
124 288
66 204
330 305
132 306
265 205
154 84
128 107
61 241
63 83
16 269
280 222
241 306
165 209
170 143
6 86
217 44
207 233
316 106
38 39
158 110
79 230
104 327
128 214
106 343
159 338
69 62
304 10
120 186
321 1
18 327
328 266
66 88
139 97
205 147
95 266
161 74
108 133
38 314
143 140
333 165
241 134
89 128
231 99
261 269
315 306
108 284
158 252
73 123
69 91
318 152
78 257
302 205
340 269
332 215
163 302
137 173
242 198
223 298
106 289
109 285
105 313
145 101
312 75
279 237
97 122
75 241
320 57
170 309
277 7
32 170
71 21
16 39
343 325
328 278
119 313
277 216
90 7
14 313
69 225
256 22
13 263
14 292
335 86
234 10
323 79
73 254
181 330
334 327
274 222
90 242
131 19
276 254
185 77
319 21
317 239
329 235
86 115
156 198
38 185
341 104
176 221
68 1
251 288
143 166
49 288
295 336
68 285
230 278
55 173
116 275
101 201
138 54
341 88
45 223
199 119
94 201
176 116
296 1
191 6
175 323
215 193
261 276
91 265
132 229
253 270
76 10
292 171
211 25
287 256
258 81
85 215
67 2
169 83
289 45
113 163
32 282
209 59
56 197
279 98
108 241
13 84
144 267
145 88
182 144
328 96
163 193
338 128
9 102
24 27
13 296
2 158
218 49
148 87
209 302
22 294
3 150
65 233
328 303
253 276
214 246
250 331
324 272
332 284
37 237
90 103
125 238
136 109
99 44
40 313
332 0
167 158
88 48
332 312
78 249
204 83
98 330
223 234
341 322
180 283
291 28
284 40
126 174
41 131
236 110
289 227
158 179
148 311
159 148
285 194
15 120
132 208
151 176
49 94
168 17
333 264
156 72
50 122
131 210
172 329
80 165
233 114
97 92
214 211
12 42
154 177
62 14
55 165
39 174
178 136
266 258
186 38
300 50
15 113
84 309
13 305
89 238
114 73
128 220
291 13
121 306
28 205
181 34
302 89
295 331
299 124
20 106
174 148
92 292
222 57
156 280
157 134
266 317
313 145
318 307
340 137
270 108
64 147
315 248
34 90
133 191
126 189
23 269
338 68
306 260
52 207
180 224
315 146
274 284
256 244
188 190
281 231
69 309
322 339
33 103
266 5
198 220
100 84
23 338
175 211
336 21
62 60
54 121
0 192
123 183
89 291
166 302
7 71
13 316
131 344
107 23
166 132
206 256
3 146
253 30
42 218
163 293
216 299
132 108
45 210
12 215
325 131
314 269
4 34
218 302
262 50
14 95
187 192
95 340
139 227
85 17
88 61
1 169
122 263
14 75
49 250
138 142
218 273
51 206
290 91
260 133
38 251
195 39
75 317
303 197
162 93
157 116
137 245
136 145
273 304
17 344
107 179
295 47
164 307
197 49
96 138
64 243
142 103
102 135
145 28
251 309
335 113
65 93
247 145
99 225
48 241
328 76
85 69
43 230
97 294
326 30
310 174
222 234
130 225
285 200
185 328
334 156
89 72
247 303
70 124
192 65
49 323
192 298
138 150
93 318
235 268
20 126
326 344
14 317
318 84
274 220
42 344
311 198
114 158
120 220
236 185
335 125
2 128
170 171
255 79
19 297
187 30
295 78
8 12
282 145
136 107
251 128
268 173
327 249
341 71
137 190
74 106
18 329
119 254
65 175
47 188
111 337
8 104
10 146
197 106
132 151
192 335
282 159
203 285
219 57
96 180
193 130
332 40
120 269
180 135
116 335
20 134
135 139
68 82
5 249
84 219
97 78
54 115
171 119
290 37
72 73
103 325
322 129
4 117
35 166
26 277
85 25
10 41
42 227
18 291
312 165
254 95
66 326
299 192
10 205
211 292
26 139
225 13
301 206
20 319
163 268
271 282
231 43
326 144
91 176
91 52
160 31
22 116
256 101
257 1
214 183
26 102
57 118
57 68
166 119
80 177
318 62
230 301
121 177
76 213
27 290
299 53
294 11
73 6
326 141
126 80
232 264
155 316
49 333
200 72
165 178
228 36
265 9
116 54
312 79
299 1
236 48
323 57
29 18
325 257
54 245
201 343
172 287
105 317
220 182
310 111
70 260
325 0
159 293
20 210
335 153
282 95
125 271
57 247
109 23
311 331
59 323
110 29
172 63
322 55
209 340
168 22
139 179
292 55
288 37
139 54
66 338
193 239
206 82
148 73
8 260
216 134
132 130
260 231
39 108
125 258
340 64
307 216
283 207
153 105
22 63
113 139
126 58
90 275
37 6
16 287
78 232
248 139
147 246
21 70
238 36
94 71
83 185
1 120
93 163
289 85
224 91
175 177
135 171
301 59
95 255
117 92
326 200
277 230
222 25
36 302
289 192
319 218
324 149
51 251
77 63
147 123
33 277
132 71
343 96
300 202
296 236
20 178
159 63
9 121
106 148
219 86
85 285
153 287
111 109
6 143
321 267
97 263
313 28
115 298
238 115
279 101
144 10
268 311
272 146
233 181
4 85
38 296
331 302
130 33
312 188
186 289
177 76
293 42
64 8
341 68
344 35
68 192
219 132
24 72
121 98
27 200
76 183
127 336
33 319
170 244
166 280
64 127
17 283
211 266
40 338
258 321
62 29
1 214
210 162
240 227
100 339
268 39
332 342
226 147
284 320
220 80
124 221
86 289
327 205
93 245
262 34
158 318
180 98
65 202
259 59
308 7
304 147
130 253
315 181
161 7
49 163
107 316
70 14
46 111
67 95
56 1
235 262
159 24
171 266
341 120
110 313
134 157
252 117
118 222
127 168
340 175
307 44
170 75
143 329
99 314
75 292
64 314
298 219
44 264
3 177
163 291
86 295
59 200
268 222
113 132
207 201
82 320
54 282
331 217
305 249
318 228
28 53
168 142
87 268
153 50
216 9
329 11
130 68
325 73
17 141
50 104
65 83
35 299
129 48
45 237
150 181
203 288
85 340
78 309
74 113
338 49
137 143
132 285
79 283
27 283
61 216
66 287
5 126
234 168
214 292
184 161
126 212
200 159
232 8
164 180
168 324
292 249
148 66
202 333
43 134
293 93
311 82
101 257
339 177
98 231
20 79
288 215
74 254
68 343
244 62
210 53
280 181
257 339
249 180
320 94
50 49
126 318
248 25
71 104
234 281
118 164
165 171
281 325
83 112
91 333
264 217
306 167
128 77
214 196
153 281
270 89
338 126
327 46
262 160
315 69
124 325
144 154
72 183
244 37
63 128
159 0
284 129
316 310
11 17
30 275
84 227
10 188
92 273
324 23
151 54
68 310
54 7
192 339
226 124
269 212
6 279
264 329
257 263
68 53
206 24
274 144
268 198
12 176
133 315
327 52
299 23
188 255
269 335
272 337
285 59
314 19
70 170
80 63
243 344
252 99
278 192
158 193
308 165
185 343
20 116
215 78
277 197
104 0
46 249
344 102
313 251
0 261
239 292
47 290
246 270
98 4
171 0
265 69
113 249
245 60
319 75
42 91
20 288
233 165
24 211
272 38
189 293
270 95
167 80
156 158
256 164
91 100
138 187
305 327
67 105
314 337
309 215
47 72
270 87
316 298
94 18
14 151
6 3
277 73
10 148
313 200
274 267
197 135
115 161
10 185
281 304
46 74
338 264
185 289
140 191
123 134
306 299
57 158
5 232
330 188
296 140
306 148
278 146
337 188
294 159
47 319
273 5
79 290
174 270
312 217
105 76
227 153
297 175
294 64
77 14
51 156
310 225
81 61
323 103
129 300
20 255
23 125
216 313
278 165
81 330
113 51
257 21
100 93
245 325
196 276
261 326
127 183
251 48
219 332
281 287
338 194
158 238
170 1
28 76
296 247
311 232
91 247
183 332
328 89
28 108
31 177
170 189
317 93
76 66
314 331
136 191
55 227
116 241
110 17
109 128
119 109
175 8
247 46
242 29
123 268
64 21
162 181
262 113
227 277
278 157
338 52
168 290
52 245
201 299
231 160
280 9
30 147
82 194
162 265
212 168
292 127
187 344
290 87
343 21
127 28
124 331
143 244
292 202
43 256
95 286
51 126
272 260
51 317
74 9
115 222
284 149
198 173
121 55
306 115
285 123
277 282
311 328
64 278
177 238
95 131
211 109
46 212
316 162
89 255
330 237
7 87
25 283
170 336
118 249
35 342
184 96
297 231
178 65
302 44
170 223
157 65
35 38
151 245
254 44
286 326
169 238
172 296
263 253
269 4
107 250
329 209
12 301
236 135
16 79
317 289
39 47
175 204
300 99
209 31
59 341
226 19
9 46
189 48
93 19
21 18
172 241
199 231
139 188
219 33
94 222
28 320
50 64
102 46
342 253
275 226
123 140
8 253
280 129
286 29
318 126
190 306
317 77
124 197
269 242
106 328
199 327
7 333
223 75
181 165
67 308
134 179
107 74
264 278
62 193
206 163
175 139
16 84
127 141
160 210
208 281
319 127
108 45
138 78
198 259
255 297
239 219
145 2
37 320
141 300
302 17
244 213
328 58
136 332
282 293
284 78
242 330
268 300
178 170
68 161
188 23
101 38
305 109
2 8
7 28
89 87
100 157
248 329
252 104
36 15
161 53
196 208
33 157
317 282
83 307
134 118
4 164
273 256
268 285
34 207
260 53
208 195
112 181
34 81
107 142
312 27
47 234
40 51
53 313
85 12
244 248
313 108
0 80
191 35
162 71
337 64
91 138
61 138
27 101
92 327
317 302
42 3
13 245
182 56
275 237
164 169
302 69
129 295
207 92
336 136
20 67
172 43
247 264
169 106
235 298
303 344
45 294
279 155
248 315
101 221
315 271
224 187
204 172
215 71
51 227
3 142
87 239
344 21
301 146
25 275
295 126
52 35
27 179
223 133
6 262
29 123
119 244
202 25
213 122
53 188
267 204
10 319
55 20
72 308
282 101
140 17
129 84
307 295
73 265
218 28
108 140
304 72
132 24
265 272
124 61
204 75
340 105
148 341
26 165
139 28
264 77
102 178
71 22
83 49
203 112
206 90
98 55
298 136
185 125
113 310
313 99
210 181
194 308
209 92
187 181
211 274
208 11
20 166
242 109
342 35
315 108
29 312
188 152
235 277
235 3
108 99
14 128
70 72
275 83
192 4
110 64
31 105
273 252
108 29
44 259
244 115
331 175
100 241
258 162
267 249
14 206
6 73
326 309
273 336
251 238
334 139
247 290
191 72
194 107
60 272
23 288
138 198
174 62
129 144
54 67
18 239
152 154
142 301
1 333
96 209
85 193
51 145
22 74
195 248
14 24
310 143
112 88
63 264
193 151
15 133
286 313
279 309
290 23
157 121
80 163
217 7
103 322
174 48
0 201
168 294
325 93
159 30
328 167
288 14
15 231
171 95
49 32
271 266
56 83
60 333
174 317
102 157
169 313
311 265
28 237
89 315
300 343
150 276
9 252
257 251
227 223
115 65
112 329
102 24
246 336
275 166
25 338
147 288
8 96
46 326
16 91
8 234
47 90
40 320
330 150
74 250
22 221
88 308
333 173
35 54
144 72
206 129
74 146
156 114
250 146
216 312
206 170
219 28
133 16
88 70
317 22
341 163
11 294
63 213
245 333
159 131
283 194
147 274
264 21
39 293
33 191
140 125
338 328
148 140
226 143
268 204
65 208
46 35
226 176
25 22
32 155
280 295
67 28
305 132
122 88
52 152
233 177
316 276
122 147
338 64
206 131
219 276
185 108
130 317
307 321
228 171
126 5
197 165
239 137
181 11
121 193
51 83
131 52
57 192
260 277
15 56
59 141
54 281
11 285
259 34
133 310
158 295
160 289
2 217
67 291
179 162
115 234
1 28
76 260
282 300
245 100
140 106
341 150
144 28
17 94
70 93
9 133
302 38
301 104
41 75
290 178
137 331
200 162
114 293
42 175
217 338
295 258
339 342
318 189
217 16
64 162
75 214
156 316
54 36
134 82
200 56
280 154
69 19
173 226
335 287
166 292
225 28
319 183
28 10
310 207
263 25
213 216
247 281
123 149
223 117
116 242
51 1
307 97
34 115
141 344
87 276
66 185
123 247
252 24
38 33
304 240
143 299
189 105
217 86
9 13
178 74
242 146
259 268
49 69
292 87
261 160
319 166
305 46
41 81
286 203
324 276
188 82
59 104
248 180
184 77
166 85
22 4
224 311
332 67
71 336
304 245
78 33
267 137
87 24
212 266
61 205
272 268
7 18
108 85
51 278
344 343
25 333
269 139
327 37
154 226
79 21
290 38
247 297
37 10
190 161
61 275
69 242
280 315
238 131
92 254
216 301
135 161
196 299
113 289
196 265
65 126
96 302
113 183
269 257
122 186
15 220
140 31
164 157
131 191
50 302
21 287
223 53
91 50
305 62
287 91
156 81
122 108
285 144
51 301
213 101
332 121
150 138
176 257
213 311
275 293
166 333
74 301
324 31
240 31
170 131
334 68
161 67
227 36
170 180
182 167
26 171
119 100
29 173
40 178
336 276
343 31
28 341
78 27
308 279
67 273
288 174
232 328
7 125
180 159
187 174
72 132
218 150
159 213
291 73
55 196
66 265
209 80
108 120
19 263
234 91
50 108
143 111
223 246
319 162
113 94
106 133
6 172
75 229
53 47
253 320
302 12
47 119
247 60
144 250
227 162
24 285
164 222
334 211
216 237
164 155
60 51
251 245
186 293
140 39
114 136
46 254
111 123
83 199
196 329
234 276
68 64
333 261
206 34
128 279
35 329
252 231
215 88
192 89
312 192
222 103
256 93
334 245
279 329
61 335
104 93
205 258
324 75
248 73
39 203
279 296
183 107
289 44
329 5
226 287
200 263
161 104
170 344
34 242
241 313
84 279
134 63
51 109
94 336
336 344
298 227
173 160
157 301
5 242
114 12
135 104
86 123
309 123
251 106
333 93
19 48
290 316
313 152
342 329
187 77
270 186
211 316
77 231
271 28
181 45
126 149
244 170
194 117
305 154
22 207
240 295
166 244
17 249
300 174
162 200
252 17
76 141
337 272
237 67
152 331
63 78
210 211
337 315
235 250
221 250
288 229
164 182
107 247
322 248
18 168
197 29
50 54
14 330
128 87
42 87
335 81
165 9
319 217
104 285
285 20
173 208
225 290
197 267
257 325
23 219
36 313
234 297
111 302
208 15
217 294
70 226
80 8
96 289
38 233
242 51
190 7
313 165
58 186
16 325
311 153
90 210
237 177
267 242
294 239
248 122
221 188
239 102
169 332
295 185
313 262
29 261
9 165
109 205
137 308
159 260
151 169
154 342
274 298
68 131
305 178
239 20
230 29
239 287
270 240
335 139
269 134
340 293
80 136
252 191
204 242
167 251
252 31
124 144
180 67
151 2
245 137
70 191
100 143
210 288
193 341
155 116
184 12
3 97
141 52
185 13
63 85
41 122
321 43
265 20
225 131
29 133
217 202
308 274
146 187
202 205
233 254
279 213
219 199
134 194
123 340
23 97
102 234
67 223
323 223
140 91
59 139
141 82
159 231
217 128
334 189
289 129
182 339
193 273
314 211
162 58
186 311
261 214
174 45
197 235
178 316
266 288
82 252
277 318
343 123
20 198
105 227
334 268
136 218
166 45
264 270
189 248
79 122
147 225
78 74
269 227
11 118
65 98
134 5
292 10
313 216
220 30
302 176
198 40
178 293
265 341
323 54
71 105
133 40
321 9
70 181
87 171
221 111
17 302
306 91
296 176
111 230
226 57
307 250
243 185
161 215
262 306
52 300
226 67
264 236
160 51
93 277
85 301
44 246
52 115
15 314
221 148
144 102
118 46
63 119
170 91
209 255
123 111
236 138
244 280
225 43
161 243
288 111
239 30
270 40
330 251
149 322
46 141
198 255
211 233
167 249
344 94
70 270
134 283
91 127
344 247
291 150
202 157
308 71
56 130
320 9
259 321
252 160
224 203
107 170
8 310
267 293
2 132
19 59
262 339
68 87
215 74
131 264
213 114
43 29
91 295
91 217
56 199
66 173
260 79
47 84
109 35
287 79
323 171
172 22
48 326
144 114
154 59
45 122
154 163
220 300
126 8
123 228
173 244
77 112
77 27
340 221
43 52
295 276
73 171
263 297
45 338
98 24
8 175
51 342
136 211
17 200
42 135
260 273
45 187
105 140
315 15
260 321
59 298
90 77
153 168
190 45
233 223
43 148
53 335
102 279
180 110
321 144
61 144
118 321
340 109
223 235
18 186
215 339
80 257
177 237
77 75
241 293
40 3
101 149
286 190
68 125
274 9
168 296
148 245
194 299
332 153
224 27
156 227
173 177
47 56
310 34
57 339
242 233
243 171
214 293
319 143
240 70
344 130
257 341
196 304
240 258
153 292
142 108
315 285
342 227
143 5
306 220
76 93
270 125
153 117
339 127
143 336
341 30
251 20
61 115
180 178
236 256
272 161
44 258
277 278
222 236
215 217
208 275
201 205
207 9
326 206
261 273
119 337
270 3
302 330
288 60
190 150
317 318
321 245
107 99
78 9
285 105
210 113
69 262
162 196
97 81
83 115
135 115
34 152
265 165
297 174
142 317
186 21
120 268
225 335
255 15
7 77
40 317
198 228
74 53
25 47
34 48
77 283
157 105
243 183
32 239
61 19
330 261
305 55
276 236
302 9
76 184
289 173
97 253
15 74
164 239
294 225
43 341
112 162
106 230
167 298
305 43
283 57
110 312
42 275
57 269
75 101
11 279
94 223
224 49
328 154
311 151
133 146
162 243
15 204
344 133
197 75
234 19
7 147
25 79
52 72
89 137
202 185
234 149
255 309
231 233
295 238
35 150
132 196
281 292
232 65
321 223
104 178
70 297
142 303
104 299
111 266
138 91
132 237
55 76
282 166
54 204
274 252
121 108
342 325
281 43
168 314
98 105
37 54
121 240
77 297
106 37
40 264
113 63
302 209
80 332
42 0
55 220
125 52
30 134
89 70
53 104
134 327
18 178
94 321
166 299
185 55
327 265
42 115
116 99
159 66
273 176
224 239
321 0
2 209
9 26
317 146
299 50
172 330
256 233
156 232
233 215
325 4
38 237
277 27
285 249
75 160
52 299
232 341
175 59
326 333
292 39
123 180
156 5
289 287
241 171
140 107
333 233
176 280
272 299
206 335
124 150
180 268
223 28
154 118
192 333
206 160
268 231
162 152
106 19
322 214
120 181
86 176
201 181
164 309
212 166
342 246
52 159
132 30
281 294
136 110
335 49
165 155
260 64
230 268
285 135
273 313
82 209
221 161
145 270
231 237
107 296
172 174
335 253
80 39
4 62
266 200
130 69
254 89
127 259
216 168
179 216
16 205
262 283
61 100
242 292
161 340
162 41
303 126
329 343
147 145
329 93
164 49
228 35
59 149
147 263
291 230
305 275
130 10
322 26
277 94
156 54
45 343
91 117
221 110
100 192
324 179
224 109
189 202
38 23
299 24
196 148
233 12
14 333
204 331
282 183
67 162
181 119
332 185
283 197
339 141
56 266
90 302
95 294
97 230
317 18
118 153
66 26
189 251
126 85
47 182
253 166
195 215
18 230
35 135
276 31
315 323
213 224
154 92
308 185
228 158
55 148
43 331
195 43
80 236
67 331
121 343
224 133
225 30
272 307
127 57
120 182
168 27
126 57
130 322
2 211
315 116
185 128
337 100
319 14
184 180
213 240
333 117
340 59
223 30
308 273
154 204
168 162
308 159
218 296
236 275
117 290
252 333
263 224
331 81
177 203
34 233
17 123
133 137
75 271
315 303
150 255
322 181
255 76
145 67
284 91
89 26
46 99
214 287
41 285
37 326
259 69
341 159
243 272
145 27
22 93
126 236
36 69
40 299
59 159
179 158
105 220
99 142
219 188
100 117
125 162
108 129
148 167
227 49
104 228
94 208
309 23
49 183
211 149
35 230
279 204
332 23
53 342
164 96
332 294
48 92
252 166
146 43
336 78
299 324
321 155
260 43
337 202
339 318
18 247
164 18
184 310
61 81
61 261
279 64
133 131
68 34
89 249
101 329
146 63
324 120
129 113
147 95
168 138
246 140
276 310
43 279
299 224
178 336
100 58
272 310
59 322
308 228
17 209
89 201
37 221
126 282
258 327
13 340
17 139
155 118
41 324
286 51
86 9
291 2
221 12
8 270
138 109
140 19
242 320
333 142
154 336
262 78
227 207
57 128
40 195
139 167
277 227
158 50
178 79
54 178
289 176
339 344
219 123
239 234
179 43
191 259
214 12
266 60
188 101
202 84
100 323
157 16
309 231
177 193
39 23
108 63
60 0
43 176
237 4
89 68
221 199
277 281
78 28
24 201
28 186
198 71
265 14
283 59
19 251
319 276
209 252
310 178
313 335
181 247
153 243
112 127
76 321
281 191
204 36
232 169
299 250
4 184
342 313
215 254
53 130
270 334
223 129
272 111
201 290
315 261
136 269
167 97
272 190
32 269
4 178
156 186
103 210
135 58
295 121
339 124
28 133
59 307
304 22
200 20
151 46
143 310
142 157
239 279
288 170
34 274
271 244
140 28
166 192
234 299
184 153
185 164
322 231
130 119
256 10
189 193
284 18
339 79
173 182
16 13
326 261
119 33
71 64
329 157
41 36
144 303
116 82
28 235
17 87
85 174
23 207
241 40
197 41
161 73
269 92
274 315
52 325
149 68
24 52
193 123
93 257
4 28
234 301
321 188
159 251
197 269
238 188
255 296
32 328
51 304
136 147
306 279
209 187
31 104
246 92
264 243
160 59
86 317
151 339
70 78
131 279
21 199
170 112
73 204
205 331
226 29
195 191
27 57
281 295
119 6
214 289
177 94
93 284
80 220
205 72
244 333
187 117
254 229
50 263
253 200
188 177
242 213
291 218
318 279
157 211
99 204
251 341
338 67
327 137
258 155
49 238
160 108
6 18
278 8
304 184
4 167
3 136
171 258
203 65
209 190
199 274
59 239
44 265
334 288
339 100
133 275
191 320
111 224
149 143
194 343
321 35
27 20
219 99
344 20
103 321
219 184
320 280
197 332
212 332
261 328
237 207
221 31
141 144
193 253
193 307
240 325
124 277
204 67
133 297
32 13
266 244
224 215
158 157
173 17
126 118
177 148
60 140
260 171
208 292
86 12
75 7
158 166
247 96
113 152
95 30
109 272
178 266
52 141
309 266
92 172
73 80
184 149
26 183
251 52
160 266
296 118
286 138
31 54
183 210
219 336
43 232
318 20
138 32
58 71
176 123
258 296
113 234
245 59
79 161
55 39
166 139
252 275
266 300
310 110
1 227
247 149
269 169
111 222
23 224
14 165
114 280
22 79
8 264
191 256
84 239
106 171
296 46
96 42
137 16
284 42
49 134
203 201
128 287
16 216
256 302
271 245
248 274
97 89
223 255
202 246
250 100
335 266
218 247
135 38
242 83
210 246
229 307
335 102
259 26
175 64
80 277
165 330
279 57
191 116
140 88
43 312
38 273
30 188
309 193
106 44
328 85
296 310
111 242
278 150
170 110
81 102
200 128
294 218
169 258
57 87
255 141
200 176
77 128
306 178
239 64
53 339
50 310
102 87
122 136
177 217
295 302
138 254
285 335
281 186
153 233
152 232
214 156
221 239
145 158
155 62
306 323
120 174
193 103
99 33
321 104
34 197
190 81
11 0
53 320
150 85
168 147
226 150
302 292
272 169
90 51
87 218
307 288
147 182
111 228
258 237
184 17
316 320
149 95
109 217
15 65
178 64
247 191
293 259
300 63
234 139
320 212
256 228
146 60
225 130
296 136
202 307
183 176
90 236
194 276
7 51
191 297
177 68
309 223
319 238
312 158
191 61
337 146
112 9
281 164
88 280
182 259
299 67
141 5
52 85
92 53
220 221
40 150
338 109
94 119
166 199
194 48
278 336
53 330
76 47
312 114
262 76
294 208
328 318
74 298
79 268
1 259
259 301
3 283
265 219
211 185
224 38
258 144
258 332
97 240
255 0
154 72
141 192
21 154
339 82
74 223
319 269
270 205
106 128
237 204
1 8
140 264
294 63
235 272
95 329
259 20
0 29
147 64
249 39
2 312
329 102
282 220
29 32
82 64
105 233
103 29
62 150
343 246
25 274
261 71
27 266
2 134
35 344
133 184
206 214
242 184
319 76
4 97
288 105
288 51
269 284
157 335
207 192
2 308
93 208
174 102
326 148
147 271
154 140
229 45
97 64
337 242
107 341
334 214
4 221
266 71
269 238
32 268
204 6
163 69
213 295
30 160
261 39
59 152
288 48
21 10
217 272
63 55
228 11
218 96
208 151
159 124
168 200
46 288
30 180
273 93
137 330
327 333
322 41
284 329
328 12
38 303
339 85
275 103
98 161
91 327
149 315
23 341
192 124
191 339
38 235
107 257
287 82
101 218
87 125
324 185
41 339
119 123
26 159
221 64
298 208
239 54
33 41
263 321
13 56
88 143
302 124
66 119
210 207
91 255
254 63
67 41
154 80
163 88
105 141
288 185
147 317
213 303
295 116
196 180
243 15
43 164
122 111
241 237
69 276
235 54
45 334
4 210
25 85
11 159
13 230
240 37
341 38
274 66
216 265
87 188
304 224
49 122
204 92
105 194
172 322
115 259
326 254
243 226
29 6
97 178
217 269
283 342
271 214
148 29
158 62
184 277
340 111
70 328
110 280
277 300
165 80
330 72
29 143
37 220
8 63
175 330
234 313
265 246
248 295
163 137
337 94
249 41
47 233
133 307
138 308
176 82
97 229
10 337
226 192
43 323
295 90
211 83
46 149
166 161
208 133
91 275
6 91
83 189
110 6
178 344
305 123
338 71
220 327
315 42
77 136
227 319
218 65
77 289
114 95
34 9
331 305
97 161
49 226
94 298
115 214
315 148
27 331
243 308
256 306
165 242
169 316
207 168
132 158
49 267
142 330
26 209
180 65
18 214
224 314
267 79
64 83
236 227
281 156
27 84
143 247
164 17
134 290
84 248
327 193
318 294
296 69
83 232
218 101
115 2
156 90
22 41
283 243
99 188
185 84
75 313
344 195
211 222
54 228
311 146
54 270
109 112
263 33
276 45
318 277
233 60
17 210
275 263
124 106
52 23
51 123
296 276
120 214
310 273
221 192
76 109
253 93
222 183
13 111
148 260
191 196
313 58
150 333
30 221
17 49
149 112
170 316
305 281
319 266
74 295
249 330
200 267
326 251
34 270
134 166
82 342
230 77
241 207
274 328
334 16
311 217
45 215
54 321
83 57
26 2
304 169
111 135
177 188
235 35
335 176
152 132
290 43
45 150
207 286
170 39
74 22
138 97
229 291
75 291
10 254
105 245
55 312
187 127
6 218
89 327
206 14
60 183
85 37
31 342
292 185
174 81
257 165
310 54
273 300
232 260
257 186
6 14
220 283
46 296
321 123
32 135
268 250
300 67
100 15
58 238
78 60
132 54
190 29
245 143
306 18
108 141
141 18
100 247
292 23
136 52
339 277
70 82
300 210
130 114
118 40
189 70
24 137
94 213
292 285
263 309
45 241
257 173
287 42
287 168
132 265
95 242
41 284
215 312
323 211
151 51
220 325
76 342
299 87
231 86
137 101
300 116
312 37
89 200
277 173
215 152
271 52
70 39
312 223
261 146
51 131
289 139
314 84
304 324
179 1
40 16
84 15
254 156
318 207
134 136
9 186
292 113
99 112
241 180
196 300
40 183
218 196
339 115
77 190
80 70
180 138
324 260
90 30
211 334
72 309
136 161
163 140
214 245
278 305
336 159
85 54
84 177
311 197
64 260
226 315
157 210
26 225
336 143
125 171
5 18
330 128
212 317
182 169
1 17
268 317
302 332
11 154
297 249
322 302
303 330
249 165
268 57
328 300
218 111
283 119
323 344
125 311
194 280
201 99
2 35
208 304
3 33
16 233
333 136
112 108
270 166
89 297
110 160
10 220
253 38
148 242
174 50
83 246
36 161
57 296
235 274
307 146
194 328
272 102
28 232
344 146
9 172
7 278
102 64
131 239
339 340
287 145
314 150
56 240
289 336
114 200
39 322
317 326
81 286
131 141
30 322
195 181
96 155
137 259
126 176
183 276
138 55
298 180
94 140
207 281
31 244
239 169
105 44
222 208
224 237
194 261
146 108
141 160
100 235
301 269
205 315
321 138
209 221
164 39
214 291
178 333
249 20
333 297
30 129
19 316
302 239
36 163
203 325
31 315
103 193
134 288
249 229
282 181
21 172
317 342
68 3
340 134
133 13
3 311
327 192
185 98
165 162
191 137
234 43
145 83
132 271
187 64
159 71
257 246
193 272
257 286
312 319
103 257
4 337
300 322
124 282
83 269
268 58
231 55
126 31
193 295
219 300
45 314
130 205
255 97
9 183
155 211
51 146
29 338
276 148
82 134
7 203
336 300
172 121
62 329
218 241
327 55
22 199
249 34
257 233
70 167
91 62
122 165
183 184
335 211
254 135
256 47
331 250
96 156
257 100
319 64
37 231
169 77
111 255
214 146
115 106
12 271
242 170
319 228
323 70
90 101
165 122
229 153
311 301
133 324
211 296
143 327
344 160
47 25
149 287
145 280
341 11
202 329
216 132
252 234
287 137
2 338
10 225
139 23
18 106
194 137
92 221
282 108
233 84
334 260
54 85
333 82
103 173
191 39
92 210
133 282
89 109
319 4
117 207
335 13
57 325
175 13
312 129
110 0
40 213
173 133
155 167
217 34
143 28
20 117
279 39
226 270
152 32
296 21
324 174
308 20
289 38
153 99
205 54
312 12
317 128
286 170
133 129
36 106
27 143
123 150
283 255
127 90
59 81
335 96
65 179
184 302
300 198
292 239
37 22
127 160
173 69
177 111
226 305
41 326
222 279
15 147
306 199
104 108
22 307
201 267
301 19
191 133
20 40
146 190
334 153
17 163
130 120
85 125
260 276
154 231
23 231
271 208
289 58
343 337
184 254
209 100
88 13
180 331
90 80
7 275
334 216
277 324
265 239
229 339
317 210
181 133
323 263
344 0
227 216
42 116
46 109
278 256
192 64
251 110
130 90
99 250
15 208
175 6
260 10
217 230
15 152
16 291
294 300
164 295
206 108
85 46
117 121
64 236
267 123
79 192
316 285
63 271
60 180
238 105
226 207
287 93
60 117
39 294
180 23
171 276
117 231
111 257
255 306
216 217
132 247
191 141
342 151
139 79
76 310
10 193
8 239
279 80
14 298
202 171
43 240
142 85
118 96
247 77
194 226
321 291
131 329
185 312
311 102
167 169
273 82
46 219
165 294
230 275
267 206
93 308
169 59
65 337
130 339
321 177
126 197
170 193
29 183
174 259
113 344
299 115
200 26
161 143
308 318
314 153
69 55
47 11
135 294
220 36
224 184
330 315
158 67
106 17
180 92
219 91
95 281
3 49
220 333
267 33
237 159
251 318
321 40
248 238
27 116
162 247
209 67
72 224
312 68
256 205
57 175
290 207
210 116
45 88
312 248
100 302
247 181
148 62
130 9
86 167
297 319
160 64
152 305
70 332
319 168
4 6
79 129
96 67
112 131
131 84
79 181
158 9
265 213
231 239
283 236
246 264
20 342
233 218
225 301
288 176
278 57
115 241
278 37
343 292
48 208
66 5
181 220
313 212
153 59
205 175
243 250
335 143
197 39
253 107
312 320
113 154
276 165
292 147
33 101
310 324
56 194
74 202
0 198
306 318
270 208
183 218
10 118
221 118
19 232
0 20
198 248
120 204
218 292
5 228
217 121
181 317
24 301
176 83
266 38
330 36
130 139
197 251
300 69
81 296
55 14
91 288
241 19
190 281
74 89
69 190
47 19
153 184
174 197
281 170
127 252
166 309
16 86
170 172
147 327
125 274
234 140
329 302
235 326
22 66
140 185
338 43
72 167
163 230
114 44
81 131
256 225
128 249
269 142
123 331
180 111
14 232
15 162
77 212
234 159
235 290
128 119
29 150
20 307
92 70
134 2
260 201
263 149
342 46
171 273
196 191
125 215
122 133
343 89
170 233
174 101
78 24
245 112
229 304
274 218
289 205
338 165
102 30
263 58
236 282
38 276
336 215
66 113
210 29
29 41
247 237
43 192
344 283
259 102
236 70
20 275
128 89
339 285
305 33
280 99
102 191
110 96
131 137
203 3
247 335
194 179
19 295
327 227
231 262
326 236
170 169
280 303
89 37
149 199
36 183
186 237
48 210
200 85
307 4
154 45
144 336
24 58
190 260
0 288
302 319
106 135
304 315
41 15
249 212
1 12
187 327
172 203
166 39
4 208
54 19
284 273
240 149
160 159
248 93
55 130
137 6
93 77
279 240
336 77
44 19
122 10
239 193
47 302
61 209
88 87
247 52
11 308
146 6
246 278
306 192
199 84
179 250
23 22
247 212
97 258
264 117
13 151
257 95
80 32
85 5
210 301
117 319
108 36
91 334
104 291
78 19
97 252
137 146
50 10
305 307
292 295
220 157
153 18
209 84
30 99
136 29
253 273
335 30
139 135
181 86
332 56
243 140
313 67
296 79
53 317
196 330
318 332
260 339
295 152
24 30
5 263
231 40
257 31
83 234
198 298
203 150
143 95
117 59
54 173
86 325
204 91
244 224
236 199
142 338
55 225
178 332
242 190
293 108
131 34
88 237
117 264
336 198
93 343
13 223
107 258
198 4
167 270
149 256
162 177
47 279
34 286
171 128
6 341
94 186
343 186
31 68
312 47
102 40
69 295
93 317
228 72
50 46
1 63
255 89
58 284
50 177
5 4
116 74
169 202
214 262
76 344
237 127
292 140
190 56
193 326
107 267
129 157
63 118
261 106
308 104
3 40
114 211
33 134
325 343
263 169
54 74
119 173
19 210
288 247
208 98
181 325
140 211
62 96
100 158
258 21
23 104
202 163
60 245
253 266
241 48
133 205
145 73
249 103
277 45
203 252
128 50
173 24
281 319
324 344
25 342
5 314
225 49
279 1
10 65
49 193
281 19
132 160
275 78
267 308
48 292
306 54
261 186
96 104
88 30
342 56
292 36
288 130
290 135
234 80
141 92
152 220
221 223
200 119
1 225
194 142
219 47
190 6
243 342
129 124
59 5
75 65
184 276
322 242
211 306
13 164
188 204
72 86
243 98
327 188
239 340
199 228
70 303
249 247
44 23
264 331
190 158
142 83
230 114
116 200
88 232
166 69
286 270
273 155
277 20
314 161
22 13
26 326
252 44
84 235
113 337
148 316
42 62
123 315
291 277
14 30
104 95
127 116
94 6
320 28
285 264
91 310
198 92
197 18
222 159
322 229
304 93
321 172
294 174
94 291
144 45
25 280
239 217
31 271
272 170
245 94
227 66
12 6
22 108
127 142
181 281
326 325
228 302
127 253
28 171
293 238
310 151
273 210
245 155
131 93
296 55
201 325
285 196
119 329
55 314
222 60
92 187
300 14
77 36
304 110
129 256
166 233
236 265
172 153
248 241
201 90
92 157
72 212
141 127
187 273
9 54
247 274
187 32
34 325
236 235
317 230
97 90
171 279
217 204
35 39
183 15
108 215
131 23
111 167
7 326
185 112
263 270
29 100
143 272
142 133
223 97
135 256
116 27
132 272
327 140
1 236
10 292
292 257
46 314
158 27
38 226
159 305
152 193
56 116
193 299
211 194
43 215
233 311
297 248
31 17
71 92
286 261
280 124
220 292
171 263
64 84
290 18
36 81
256 314
325 99
231 158
282 2
214 157
323 260
26 134
108 218
34 87
110 163
71 147
306 65
330 183
179 11
317 189
131 273
235 333
213 171
75 225
334 229
326 156
304 15
158 265
30 270
216 262
108 297
43 307
157 278
285 148
320 174
135 84
313 71
175 28
300 11
49 275
207 106
148 183
182 283
169 211
249 137
223 177
72 243
115 296
282 218
295 175
323 67
10 80
277 43
300 238
17 242
136 84
219 94
86 71
240 86
69 131
286 319
214 169
124 320
128 228
207 325
290 50
299 321
329 100
313 329
326 183
153 67
76 318
239 40
212 221
211 336
314 227
128 161
131 2
113 115
103 329
233 168
183 159
285 214
222 263
93 8
266 206
303 280
2 191
250 341
195 76
93 29
303 31
220 113
340 27
11 200
303 180
148 53
73 175
159 68
106 260
69 168
313 27
199 305
252 41
54 15
151 11
276 216
176 70
211 147
76 339
42 329
35 343
197 70
63 251
86 116
164 264
134 88
9 61
302 28
218 239
234 126
302 199
315 98
324 136
301 108
118 189
315 80
283 251
253 164
205 46
137 105
174 59
337 289
55 124
31 13
124 37
56 329
90 159
155 82
335 284
52 335
94 266
243 179
114 342
244 72
168 319
291 323
303 297
236 273
186 232
96 146
118 339
227 316
96 335
274 341
129 49
203 146
294 4
135 41
152 81
208 74
160 227
298 158
50 128
264 268
208 301
310 262
285 231
275 220
337 256
17 336
238 79
223 295
215 199
234 82
50 244
59 15
317 199
95 191
185 230
33 199
177 24
223 119
279 241
196 150
62 11
127 60
197 213
98 167
138 177
29 316
44 308
290 64
14 103
253 324
286 265
35 215
37 215
140 144
102 86
107 217
79 174
89 120
71 5
223 324
0 270
310 120
198 42
156 235
318 273
145 269
247 72
299 332
282 124
340 171
244 101
298 245
318 103
90 273
4 0
222 276
227 261
29 162
274 55
129 283
233 24
176 203
257 340
279 89
18 255
79 297
78 214
321 322
132 55
312 52
55 224
47 24
18 206
171 22
221 324
119 99
154 137
72 23
91 29
247 41
143 1
257 15
167 265
19 240
244 167
223 221
240 197
244 234
227 147
311 113
30 145
57 99
65 76
342 43
319 241
344 335
188 63
97 172
317 206
227 38
185 222
167 267
122 15
85 205
114 142
189 56
166 287
228 315
79 101
239 166
226 88
152 48
261 156
93 159
301 46
333 296
242 207
309 195
44 190
284 196
140 294
230 26
182 74
334 255
71 330
69 273
320 162
114 194
72 37
19 116
214 269
154 2
295 226
290 27
25 14
203 120
184 142
43 298
336 116
24 311
153 290
11 304
186 252
318 220
242 47
71 208
295 127
164 237
186 5
296 338
250 259
325 162
117 180
56 188
290 6
56 322
63 220
128 260
333 326
96 306
25 233
50 142
315 106
82 7
212 160
23 238
39 48
258 14
119 29
144 103
36 237
302 195
16 221
245 121
322 109
338 263
255 250
230 277
344 249
48 282
35 158
128 280
181 79
294 266
179 271
30 173
189 90
194 1
242 214
344 252
156 321
84 200
260 12
0 268
115 14
66 114
266 339
180 100
120 96
94 7
229 261
16 329
81 304
289 309
326 132
112 221
223 168
291 238
147 287
147 31
339 122
116 29
49 278
190 173
47 194
317 160
10 195
275 287
292 62
42 338
116 332
253 306
127 145
34 117
135 82
235 329
321 68
271 269
110 126
65 253
223 200
259 128
196 193
153 76
197 117
144 119
233 205
162 212
126 36
219 93
289 97
35 110
310 301
247 161
142 17
340 36
315 336
124 114
221 273
29 249
211 248
343 57
239 283
304 106
239 108
66 107
96 283
285 175
286 314
327 152
119 227
76 104
305 282
292 35
295 169
169 326
6 109
281 291
162 70
30 281
246 166
212 14
329 103
84 213
141 163
295 229
300 317
198 252
114 59
183 263
19 112
143 246
117 186
324 182
241 265
259 23
223 134
164 48
152 137
163 184
336 167
75 267
268 110
315 325
146 299
250 216
254 69
46 31
314 275
15 1
293 267
208 105
238 157
285 237
50 65
281 276
330 49
85 104
103 246
247 76
288 13
170 220
77 295
344 213
317 338
242 108
195 47
294 40
117 67
111 298
75 246
47 89
339 226
271 213
67 97
167 179
298 220
17 275
20 169
197 329
149 93
27 279
34 104
7 202
324 203
71 157
172 64
21 271
49 228
154 221
209 161
325 49
252 11
290 92
307 241
66 327
56 17
113 105
102 57
138 207
261 330
201 126
60 34
182 38
334 284
95 339
64 14
310 305
80 68
238 96
296 80
276 212
313 15
250 302
201 248
164 253
265 84
303 253
289 266
297 340
61 265
257 213
116 225
143 137
94 63
123 52
219 71
57 63
53 23
265 122
192 9
290 214
254 80
53 32
34 272
91 271
179 202
28 7
255 220
224 166
93 155
183 23
210 274
294 50
179 30
252 109
30 146
219 306
274 196
314 12
127 119
308 310
142 76
239 338
24 280
85 308
110 246
278 309
160 220
191 134
283 50
33 177
153 314
278 23
8 290
171 234
293 104
123 32
68 85
42 226
59 121
136 114
156 262
215 327
151 163
333 251
66 201
148 251
132 258
168 93
339 116
297 52
233 269
339 201
27 62
125 9
260 253
68 90
290 4
31 291
52 280
292 187
205 286
44 134
199 31
248 123
14 249
317 304
254 269
112 187
72 116
52 337
214 159
173 77
94 168
257 121
257 191
232 28
252 68
188 103
155 242
11 152
192 7
222 196
115 134
317 310
205 277
196 23
252 105
25 145
199 215
43 76
210 285
298 132
310 77
165 163
127 319
161 35
342 63
195 269
83 85
336 9
176 119
150 43
98 217
206 127
182 114
152 239
66 246
255 305
180 14
46 191
268 280
24 333
293 177
129 131
273 49
165 137
118 71
257 122
327 184
296 86
340 263
216 223
294 1
256 170
324 313
215 138
90 198
322 102
31 240
341 340
44 85
171 233
5 68
53 153
295 213
147 42
29 129
73 220
149 59
165 27
200 22
217 197
9 70
312 135
13 280
279 189
249 274
36 127
269 109
303 265
298 172
302 213
91 78
204 294
264 289
116 175
172 74
95 125
299 69
299 45
147 74
223 60
155 83
212 119
229 316
307 0
146 134
321 143
162 223
196 57
126 335
65 224
236 122
267 322
192 302
180 240
338 156
281 137
115 318
170 275
10 280
222 305
76 221
33 88
127 46
189 220
288 55
232 285
121 336
271 212
84 34
256 286
282 191
62 58
162 154
180 105
209 148
335 247
284 111
238 273
92 134
325 63
144 289
98 204
306 147
139 147
258 279
75 305
245 222
48 337
11 82
268 238
183 70
295 86
305 48
113 282
55 157
218 202
194 46
250 19
186 297
87 271
110 101
187 54
218 322
331 178
25 99
17 73
340 235
305 125
64 133
337 333
151 4
123 184
155 11
264 83
12 35
266 29
108 163
40 204
284 184
307 9
158 319
291 79
251 301
242 72
242 239
213 241
101 124
336 294
78 275
35 250
181 53
200 173
307 169
341 77
66 219
134 167
343 126
18 323
56 53
228 139
9 331
214 138
134 251
320 252
76 300
15 44
211 75
300 234
28 96
72 145
1 118
16 135
25 3
255 19
282 234
319 199
278 51
4 47
28 181
178 328
165 43
48 301
2 147
166 186
41 216
4 234
269 52
127 187
169 18
165 154
222 192
344 274
141 91
331 330
314 222
177 264
127 327
306 343
162 3
25 1
305 330
7 128
129 266
326 18
252 295
240 311
108 19
233 65
66 323
190 255
239 150
181 271
289 322
178 270
85 295
8 189
167 189
17 237
253 209
295 306
71 14
240 151
284 193
296 68
117 159
9 45
17 303
311 25
49 35
272 271
178 43
4 68
292 244
331 290
97 223
336 114
181 302
41 133
239 157
83 182
148 61
163 270
128 181
4 55
0 215
231 277
97 174
331 69
59 316
251 170
298 267
329 252
274 179
15 217
15 35
153 283
116 84
279 176
229 23
180 115
178 110
196 46
70 113
264 85
148 9
249 301
216 66
112 237
82 278
224 231
287 129
91 234
313 256
40 106
226 187
209 211
120 335
97 310
251 113
323 159
20 9
77 40
147 309
281 307
173 86
37 172
269 285
209 25
176 129
341 155
72 59
175 219
217 159
6 292
245 44
77 322
108 80
316 227
180 321
164 139
18 236
35 74
264 137
121 189
87 229
13 6
34 178
322 65
129 122
247 165
99 328
332 80
342 243
189 262
116 319
82 245
344 330
1 332
23 330
117 267
287 22
85 136
261 8
73 279
230 155
82 229
99 230
267 170
329 287
92 17
103 35
287 51
128 27
50 57
187 280
219 124
291 185
122 314
292 129
163 245
165 286
65 277
307 90
100 228
180 165
343 183
177 265
122 235
243 288
79 340
229 144
235 208
91 191
259 264
258 232
73 218
220 263
258 105
310 185
198 102
295 248
339 289
117 256
219 189
293 239
220 132
4 263
59 203
298 252
176 318
65 10
153 275
111 89
176 232
126 56
226 73
228 43
54 195
306 108
137 319
100 215
241 333
337 302
174 292
68 331
207 271
26 163
43 318
306 201
271 56
212 31
264 322
230 135
55 339
218 331
23 82
259 313
325 299
203 129
69 129
88 281
341 36
70 193
82 217
1 19
335 63
136 239
44 34
142 21
274 180
76 67
320 49
261 239
40 259
335 303
62 30
23 49
141 68
289 247
178 21
294 149
309 334
63 13
306 31
334 129
227 187
90 191
119 16
241 261
331 214
259 275
116 339
296 85
147 268
98 293
69 310
147 59
95 29
220 169
85 336
267 3
336 289
44 111
125 28
203 137
208 153
344 294
144 134
97 66
184 133
53 239
63 276
168 298
87 29
183 126
59 10
286 15
341 49
274 333
23 25
323 31
209 65
319 152
242 281
297 153
0 282
321 296
112 199
33 120
262 174
193 164
13 71
267 236
215 314
282 239
229 187
139 198
333 321
12 111
243 201
308 182
332 296
344 171
190 130
13 232
231 2
322 218
202 164
20 321
60 71
237 155
5 213
117 99
146 78
230 68
54 149
299 16
86 179
43 95
54 242
196 307
12 185
284 203
184 42
130 255
268 272
133 311
22 89
305 152
10 180
111 194
125 206
82 147
293 316
270 50
308 305
263 232
8 3
115 67
290 128
237 147
185 344
170 44
251 99
206 330
245 263
193 262
13 184
132 267
321 251
151 147
183 202
86 106
38 168
101 283
236 147
75 249
234 175
37 301
115 71
224 339
18 226
182 104
122 272
326 213
264 56
19 153
109 249
266 286
167 73
218 68
231 88
194 170
232 304
187 119
329 207
21 179
32 38
178 161
263 97
14 188
11 301
51 321
255 188
36 64
171 293
190 117
306 11
214 223
326 211
99 20
128 317
289 240
174 321
60 324
248 152
334 18
229 50
215 117
75 325
57 174
248 87
48 94
236 111
16 296
338 166
104 89
278 267
302 267
140 318
337 43
138 40
123 200
22 261
205 300
148 40
192 195
235 105
109 218
75 321
183 200
269 300
96 281
274 190
131 340
230 44
113 82
300 8
242 278
330 80
35 136
118 304
182 69
283 162
168 334
4 25
303 230
199 164
3 213
156 286
155 338
10 340
57 152
183 11
175 146
97 145
124 167
135 128
94 35
312 297
165 214
203 177
101 229
246 138
173 290
8 48
247 195
193 67
78 163
95 203
219 273
209 7
53 222
272 324
201 203
258 297
304 118
152 285
281 247
119 148
93 74
272 246
4 129
277 337
233 139
110 41
288 26
252 21
327 266
4 86
66 255
118 190
123 5
176 12
46 188
203 290
69 89
137 176
300 185
343 332
102 285
192 131
319 94
240 273
30 126
48 269
327 150
111 282
31 206
105 211
208 21
330 238
27 16
337 85
131 169
197 133
205 23
333 111
276 196
132 261
337 280
192 19
128 16
94 319
286 293
117 100
107 34
57 302
68 156
144 200
37 167
218 37
261 4
141 98
65 229
51 264
328 15
221 130
279 137
36 52
226 197
201 249
111 238
316 339
341 192
330 310
230 209
248 102
311 101
92 168
166 265
141 278
177 247
243 169
36 38
241 158
202 126
340 176
240 145
180 109
274 98
317 258
234 155
187 223
284 186
264 7
326 2
18 32
274 295
75 50
188 137
268 206
169 198
59 62
179 134
340 253
74 235
163 102
219 296
271 116
38 311
56 336
327 92
51 303
60 103
46 241
95 170
244 113
141 207
149 148
335 88
231 71
316 271
69 313
250 30
243 149
45 286
259 195
131 36
7 38
69 210
277 40
39 149
207 108
19 198
155 270
130 53
321 78
241 235
181 122
134 168
290 141
92 66
56 14
167 212
53 107
297 234
230 69
103 44
59 238
212 252
281 223
264 28
95 195
273 262
18 131
195 329
58 49
234 178
332 202
184 88
185 138
317 275
219 201
218 10
14 268
342 242
79 292
291 166
2 123
272 5
269 110
90 239
144 309
304 290
330 79
203 267
92 118
240 249
27 314
221 318
178 186
33 226
50 240
109 44
260 125
335 260
330 132
317 1
190 123
267 211
261 219
53 284
299 43
102 235
53 162
150 11
162 151
176 162
284 279
20 105
104 73
196 72
112 296
318 24
266 311
181 97
30 205
74 145
174 26
37 324
136 105
112 166
136 6
168 254
266 2
142 324
223 1
135 182
190 26
144 183
17 96
78 34
291 335
168 190
178 299
325 57
109 126
222 265
152 319
270 103
177 250
67 195
274 15
60 107
314 318
33 294
322 42
22 115
21 194
100 258
259 167
52 36
219 112
45 188
85 78
138 17
242 142
286 166
336 160
320 83
332 250
329 194
238 8
301 331
239 342
98 331
110 106
76 208
109 100
224 26
8 301
104 149
200 104
135 320
81 75
95 311
71 51
187 323
121 165
187 178
169 151
265 142
302 54
327 279
147 81
56 149
300 55
307 190
26 329
154 229
242 168
151 217
262 62
117 45
15 103
17 224
249 246
317 186
65 230
181 274
248 71
63 35
342 102
126 4
236 158
8 72
334 47
118 48
75 140
291 149
66 273
86 31
179 75
325 164
281 189
87 99
291 71
113 98
6 59
235 110
257 70
257 225
214 166
309 97
339 212
185 148
38 344
101 198
78 217
204 215
312 267
151 65
46 134
185 96
88 265
287 106
20 289
24 171
86 232
83 159
136 181
250 156
157 96
251 145
0 208
204 327
274 340
66 82
54 219
217 312
304 76
312 80
167 129
237 221
144 33
42 159
58 275
68 139
303 226
28 281
101 235
260 185
239 227
167 260
54 230
247 167
323 41
184 35
283 104
306 286
126 135
103 294
311 333
246 303
89 298
124 50
239 119
254 30
90 200
27 176
86 96
179 303
5 80
163 294
187 25
232 136
2 37
332 204
343 301
341 129
50 184
57 263
320 77
238 251
284 312
338 218
63 47
3 57
191 301
143 150
34 28
271 307
265 334
9 227
298 259
284 47
215 329
197 337
87 4
262 225
116 153
67 153
19 185
177 120
286 164
196 29
53 103
285 242
232 331
228 250
41 194
249 241
64 291
67 7
131 165
36 202
343 148
169 132
89 53
305 285
342 222
313 61
168 280
264 251
275 250
204 188
291 255
252 35
172 160
196 85
212 47
326 106
43 180
221 258
304 248
247 285
318 245
223 332
265 182
28 141
84 69
150 15
59 97
38 158
298 187
58 137
61 183
24 265
97 36
194 335
199 86
272 18
1 232
286 217
130 149
137 58
158 83
87 255
105 175
167 140
264 167
179 174
199 239
213 259
214 187
203 6
211 186
70 189
33 237
169 338
296 37
252 290
0 25
76 341
117 164
127 52
304 198
45 255
103 138
254 241
331 211
112 268
243 38
196 222
70 65
95 295
79 251
192 134
50 206
147 253
163 226
73 135
291 168
85 272
36 311
220 201
145 180
277 114
43 229
90 73
164 283
210 21
241 308
291 293
222 336
32 122
97 109
260 76
225 152
192 287
284 211
207 162
202 159
76 264
289 200
33 155
342 293
133 63
310 10
182 240
328 291
8 42
67 84
7 153
272 40
210 269
236 343
235 233
258 7
256 42
317 221
299 273
71 223
90 279
274 203
105 165
103 340
300 17
3 211
151 229
298 124
9 283
178 227
156 157
15 203
198 244
326 99
160 132
337 238
195 59
109 295
303 146
54 315
47 35
69 207
167 299
95 80
115 142
103 230
319 121
72 40
33 126
11 80
161 327
112 279
47 263
104 87
22 231
6 22
70 88
129 288
24 17
118 110
45 136
113 104
86 271
315 344
88 42
275 312
278 48
78 266
82 25
117 163
28 199
339 304
168 329
78 178
227 58
26 169
204 176
213 65
102 321
127 154
73 115
159 101
255 139
4 183
44 145
51 85
113 153
309 240
257 187
155 234
235 109
161 288
130 166
29 77
49 85
155 37
26 19
223 186
75 245
45 287
64 287
204 127
132 236
293 161
34 265
282 78
12 210
51 10
171 28
255 216
198 232
76 330
259 324
87 63
295 286
240 324
223 340
113 189
227 139
103 178
281 262
33 66
21 78
19 165
160 213
123 193
272 287
45 235
54 122
178 258
321 197
79 76
192 330
123 160
257 99
77 244
135 125
264 91
92 200
262 298
220 301
343 6
76 323
283 176
296 320
203 216
313 30
133 291
177 50
323 21
23 250
265 127
133 314
229 46
125 167
44 230
195 12
124 151
218 324
291 241
270 122
245 320
44 151
4 88
279 74
149 305
225 150
230 0
130 78
285 224
126 278
155 330
38 107
189 75
209 289
274 143
265 78
315 192
79 162
13 267
288 42
210 74
246 325
117 338
86 67
259 236
120 273
60 310
114 187
243 176
58 134
329 232
300 71
275 214
44 269
86 278
70 99
287 114
150 261
266 36
154 185
122 18
189 302
232 275
309 46
11 50
139 61
67 287
159 51
326 24
120 183
162 285
94 182
51 14
208 51
39 159
244 339
132 62
279 297
8 322
31 106
316 230
160 79
33 165
156 184
109 266
76 50
293 136
97 183
276 289
294 338
270 224
215 133
254 271
24 105
309 51
176 62
192 67
230 24
163 24
52 39
335 200
160 299
263 42
109 158
188 36
257 297
123 81
121 161
225 132
321 215
29 335
184 255
59 257
10 102
146 133
183 309
125 69
226 6
201 104
221 91
343 228
310 188
192 125
11 30
89 222
237 116
24 50
141 267
343 29
116 282
211 133
55 96
109 81
251 243
182 1
82 88
261 312
286 121
66 305
268 23
77 341
199 149
55 156
318 46
290 155
243 128
287 61
95 229
189 242
205 14
265 237
81 244
295 191
243 231
220 282
296 202
150 115
49 48
138 289
162 157
132 63
321 8
336 199
213 113
133 216
124 250
170 326
96 214
270 344
289 64
306 40
298 321
85 194
193 90
321 137
22 255
68 320
43 222
131 328
93 189
285 197
91 133
287 315
173 343
342 215
75 344
239 308
150 330
344 243
76 9
323 16
206 317
52 50
189 225
295 62
219 293
278 293
19 255
54 169
336 158
96 141
46 96
286 122
41 213
40 93
29 201
185 131
92 288
274 121
107 273
130 195
234 200
204 1
195 174
116 131
165 173
133 266
129 289
192 41
293 337
159 297
344 92
95 134
123 163
295 108
342 84
275 114
131 123
156 137
95 153
302 55
304 300
20 128
292 44
41 325
167 197
156 199
266 337
162 270
282 121
106 245
303 316
91 28
339 273
177 1
49 115
123 274
76 30
134 240
253 247
275 106
34 135
62 289
169 111
59 194
287 191
227 18
160 165
68 17
170 158
265 50
333 334
139 5
86 21
37 271
97 63
275 110
334 149
161 170
95 224
158 57
19 100
294 303
110 240
5 134
195 271
14 212
99 310
205 325
16 46
181 223
37 278
51 262
228 239
39 275
59 32
9 142
255 46
210 336
151 187
17 159
133 33
121 94
312 130
236 223
206 229
182 106
45 316
37 211
90 116
81 177
306 189
308 317
343 187
42 138
114 2
214 13
31 283
310 26
173 305
263 164
137 163
6 230
326 295
85 29
31 258
107 303
84 48
296 211
297 163
139 27
123 304
122 99
48 5
296 319
23 36
3 207
183 48
78 192
23 218
315 260
207 266
235 132
303 238
340 95
176 260
108 72
179 249
90 21
281 168
214 296
282 291
207 35
297 24
294 321
178 139
101 209
308 83
172 54
27 109
326 279
324 305
100 319
19 310
33 34
258 52
40 74
23 310
244 274
80 92
73 28
182 267
69 201
134 276
60 69
45 27
332 341
78 154
324 258
85 58
317 336
297 200
76 165
94 181
13 310
228 271
69 183
77 207
309 326
5 92
78 153
11 212
128 306
224 129
176 259
206 183
267 189
115 157
21 15
123 289
105 161
41 195
18 150
263 211
163 87
302 45
104 253
268 216
256 236
27 34
82 115
235 188
277 246
31 102
334 213
166 147
181 88
113 318
178 45
92 291
342 168
302 326
200 23
111 12
257 290
5 238
171 255
58 322
229 210
176 89
336 272
31 320
334 44
334 292
172 188
127 343
306 156
268 260
57 173
190 252
83 266
303 16
242 194
79 279
185 154
321 114
180 60
207 103
65 143
230 144
324 71
312 251
57 334
35 4
255 103
245 296
78 137
297 11
14 221
261 148
39 176
85 283
115 254
206 262
107 262
32 212
1 137
209 134
173 298
201 187
160 189
58 31
110 45
300 77
291 62
176 242
231 106
195 48
237 96
243 142
85 330
279 218
208 188
43 141
240 41
74 86
139 86
129 1
154 316
212 10
5 110
257 229
85 152
336 233
274 312
228 305
215 337
329 24
281 31
214 286
72 226
294 221
120 254
313 267
234 280
104 6
272 335
88 213
169 302
56 310
331 30
176 323
210 221
22 80
144 172
287 282
322 210
261 154
324 10
129 259
195 296
160 113
334 233
135 225
62 318
117 53
149 58
308 246
9 6
160 54
302 223
105 163
51 320
221 15
294 242
266 218
132 39
97 136
154 315
77 314
141 199
196 198
302 72
217 135
76 199
89 75
335 75
5 227
58 257
189 254
229 225
201 101
262 227
316 318
73 55
256 321
105 305
95 73
66 9
281 27
183 278
75 67
61 276
70 323
219 43
322 190
263 50
273 343
206 88
9 272
107 64
127 80
43 187
59 164
225 263
57 218
199 263
92 208
87 34
127 96
182 313
177 63
281 234
54 47
0 147
320 164
181 74
300 228
8 279
249 191
247 82
254 283
218 92
139 172
32 222
237 168
307 213
305 210
340 343
194 245
229 0
282 4
339 109
182 225
340 78
190 52
80 311
73 149
173 189
57 311
40 149
150 132
214 221
22 302
321 342
259 339
160 230
301 217
269 249
155 245
151 8
343 240
104 268
187 330
30 261
65 315
245 225
103 201
99 268
198 260
276 4
268 177
205 99
253 138
44 80
130 246
90 284
272 20
74 33
105 23
255 212
331 18
192 162
309 69
235 14
37 311
46 10
98 64
134 331
158 177
296 332
56 28
289 271
91 228
237 39
265 198
12 327
46 202
31 246
74 44
330 344
96 22
112 39
258 32
238 266
13 268
152 226
274 101
83 305
183 324
288 191
87 146
123 258
200 296
165 200
149 225
80 299
145 336
71 170
307 7
61 132
119 69
36 131
289 117
320 265
48 40
223 242
108 225
278 214
251 334
107 105
33 313
25 111
92 35
303 73
37 111
263 315
152 278
33 324
125 313
164 219
26 158
278 180
291 340
236 339
305 13
111 338
239 236
0 64
221 181
146 298
53 340
169 86
13 326
336 69
75 52
152 286
212 2
88 222
216 31
337 126
58 214
276 321
300 169
317 2
187 336
13 58
87 80
120 3
40 243
86 265
230 152
143 15
280 165
148 142
147 156
135 111
209 137
165 341
39 324
147 187
224 17
230 15
128 94
152 116
137 78
184 82
202 56
216 88
298 37
323 139
292 231
93 122
124 91
13 169
264 186
144 202
105 112
266 287
310 98
61 121
290 16
116 304
314 11
279 172
149 165
7 109
238 156
271 256
115 260
137 326
337 182
7 50
266 140
71 66
294 102
119 287
187 105
256 214
256 235
175 127
84 298
344 153
166 90
108 286
80 85
340 238
201 251
155 29
272 321
93 129
115 20
160 240
36 83
182 247
239 200
294 126
311 51
193 247
29 1
156 74
260 332
3 222
2 159
77 93
3 247
310 165
206 340
97 262
257 258
124 244
27 127
147 30
49 103
120 334
299 157
328 264
71 80
182 334
157 341
149 183
241 176
6 148
61 211
57 5
295 160
277 298
203 68
231 9
217 237
100 20
93 124
229 300
98 287
208 150
78 245
86 189
215 191
35 244
263 150
39 80
16 120
146 263
122 85
231 252
306 191
140 306
302 206
64 70
1 51
31 123
214 114
228 10
117 48
230 95
27 267
170 20
54 159
320 308
221 212
298 39
194 156
239 336
343 74
39 93
277 260
306 85
338 161
184 253
25 301
92 65
177 69
91 297
254 190
272 112
21 46
288 243
285 118
96 117
188 89
251 3
107 125
15 272
276 205
170 118
226 168
258 109
315 342
11 123
247 227
278 251
132 100
195 250
189 191
85 102
154 245
114 26
149 145
298 41
301 33
4 96
237 281
13 152
10 255
221 131
226 232
289 178
53 86
331 163
200 293
282 197
226 307
265 28
289 233
266 315
306 143
101 89
268 232
50 1
199 181
195 38
264 199
331 180
181 210
218 313
159 54
10 278
104 171
236 271
25 266
253 229
47 337
305 261
298 246
165 179
140 267
43 201
19 318
149 157
204 5
58 271
115 249
124 158
73 19
53 178
83 250
76 135
63 183
140 23
11 128
221 279
273 63
226 216
48 246
190 183
29 146
16 260
136 228
252 77
106 241
2 310
129 177
276 10
48 324
159 141
189 80
82 170
301 289
299 110
269 261
342 277
128 61
200 257
239 131
13 329
232 77
319 142
295 177
337 156
33 254
28 285
96 309
304 48
58 212
27 184
339 162
208 52
12 213
84 4
161 191
344 189
33 95
107 173
343 3
300 233
165 230
47 281
64 323
169 215
344 258
179 292
189 84
62 45
36 134
93 128
107 241
41 272
40 250
56 72
226 245
156 55
255 66
266 340
75 28
158 80
153 95
332 301
312 242
23 117
293 269
263 175
135 240
188 28
115 311
200 46
159 308
81 150
72 184
117 183
210 87
287 111
303 112
200 289
272 44
57 50
54 190
245 109
149 215
90 66
252 84
154 277
267 81
223 190
36 18
22 119
13 281
216 139
223 4
235 9
341 23
321 263
104 101
11 42
331 46
86 23
280 336
267 276
14 145
91 102
122 218
186 79
136 331
64 271
123 325
229 115
169 64
92 162
69 165
171 122
97 206
34 202
76 34
44 168
196 15
235 96
23 155
275 313
164 62
235 301
280 191
57 241
106 51
95 5
250 289
41 183
28 321
29 85
38 223
69 64
5 257
255 104
233 76
146 36
219 233
313 150
89 160
71 146
220 235
286 149
18 76
225 165
14 332
156 233
114 29
157 328
188 283
103 259
331 226
52 165
66 209
221 253
109 240
329 334
307 343
223 118
244 259
102 56
144 193
241 150
107 227
31 159
295 344
54 184
185 319
112 284
183 122
69 116
183 19
115 109
281 322
159 204
47 103
260 8
192 86
58 279
307 318
19 195
139 309
130 154
276 219
140 251
228 38
214 152
250 41
99 35
26 41
44 167
208 328
31 202
322 147
283 161
91 252
292 118
162 85
81 51
129 93
2 160
197 324
172 272
191 179
297 177
224 0
148 163
198 150
226 50
160 42
122 328
153 344
177 280
1 159
111 263
55 212
115 131
17 79
138 194
14 40
297 46
324 127
72 211
257 87
290 191
7 60
225 31
297 242
110 338
338 27
33 193
73 159
106 300
188 179
264 198
188 282
198 101
32 144
106 75
299 114
150 109
42 69
148 299
47 251
20 107
146 289
269 125
114 185
36 174
230 108
37 247
14 132
239 228
188 22
25 90
275 73
282 253
280 2
293 62
139 299
328 294
112 267
15 197
338 248
305 175
250 253
238 324
140 279
278 201
303 242
299 132
122 184
267 225
331 174
0 154
330 336
115 125
218 158
261 264
299 320
48 332
135 172
342 116
173 104
64 46
333 66
228 283
128 99
43 260
34 216
19 337
235 285
229 223
63 208
27 75
307 42
282 36
106 296
121 144
168 184
153 34
11 160
20 339
125 97
138 193
1 150
56 4
322 88
82 184
184 129
266 297
291 84
232 269
267 157
267 182
192 118
192 83
139 40
154 58
307 326
40 312
51 344
0 307
122 208
239 50
48 174
342 50
79 151
186 344
25 186
80 53
129 17
72 126
68 151
179 78
58 169
195 279
271 221
82 187
314 100
55 128
146 301
213 116
194 104
161 26
149 167
43 167
165 259
311 234
51 179
252 60
269 202
141 74
51 315
295 216
274 95
66 271
75 323
73 121
45 169
114 292
89 207
185 175
37 162
202 188
51 271
106 26
297 287
110 342
289 4
51 339
114 63
140 292
18 294
55 258
59 9
35 36
60 234
232 140
144 189
84 97
152 344
92 109
159 53
120 56
183 180
155 79
158 249
2 89
245 64
84 103
267 274
175 319
27 204
162 222
327 10
89 46
196 102
101 336
312 285
302 53
131 322
340 16
56 226
30 232
113 128
339 228
295 104
211 263
291 169
153 33
241 187
11 237
203 245
318 59
187 232
147 314
192 43
49 310
36 181
279 127
155 39
275 34
200 303
46 75
79 212
323 271
255 324
191 180
320 34
44 156
297 182
27 119
126 92
33 116
308 251
210 283
45 100
133 73
219 161
10 204
153 218
226 341
30 223
316 148
150 274
337 24
337 157
26 261
182 133
250 161
36 259
202 189
99 92
128 91
327 60
227 132
321 219
166 243
335 78
300 281
101 320
329 332
118 305
77 129
291 146
27 142
67 264
162 118
259 123
114 88
72 93
161 306
313 283
289 89
297 318
57 267
123 262
288 294
281 282
145 164
184 237
307 1
225 34
97 282
203 98
342 326
262 275
266 205
224 195
123 266
105 95
295 76
260 32
314 298
78 172
252 224
316 171
120 258
102 340
216 71
195 196
146 149
173 202
267 80
328 147
180 17
80 54
91 195
11 249
325 285
145 196
12 340
262 313
18 119
106 71
335 189
335 318
145 328
329 119
42 47
258 60
33 58
31 157
183 88
38 70
207 160
294 226
254 342
15 150
62 59
30 164
100 203
133 90
93 113
84 266
177 16
182 48
270 150
89 59
241 186
145 239
234 66
10 339
184 342
162 16
38 256
249 79
249 174
131 338
180 101
87 319
37 2
258 208
31 82
257 301
176 294
51 150
110 201
235 24
339 11
161 225
269 114
51 236
186 193
26 76
119 90
88 248
25 21
115 19
147 203
225 289
251 76
259 87
246 100
182 272
288 7
136 209
314 224
70 197
29 153
22 32
99 106
133 35
77 258
137 266
242 208
105 33
139 41
167 192
11 203
130 36
169 15
195 313
22 339
167 341
45 58
169 153
157 265
11 264
161 171
323 328
167 276
259 114
334 223
242 55
208 91
114 303
182 96
263 213
31 79
188 224
222 178
87 97
154 6
278 219
5 98
21 272
282 157
160 272
156 289
123 19
286 179
20 97
212 274
71 107
251 338
332 328
272 159
240 238
128 158
324 8
62 191
282 130
237 309
151 64
41 71
272 28
301 210
73 131
246 167
227 2
24 60
241 258
77 294
49 224
10 289
162 256
188 241
247 171
133 329
162 286
315 183
54 113
309 321
153 231
191 24
52 93
169 329
318 331
173 190
169 129
205 167
76 68
90 266
296 128
143 147
19 312
298 108
94 56
262 140
275 317
216 6
113 33
66 70
57 44
218 255
3 72
111 241
165 107
247 130
38 244
277 231
276 243
147 6
156 250
211 58
313 146
276 245
33 301
200 88
194 219
209 250
300 302
208 168
101 299
149 12
37 268
142 47
96 38
254 1
109 101
133 19
39 43
216 189
42 255
15 331
165 306
17 298
170 130
220 247
118 223
171 152
7 115
148 153
321 284
77 308
330 27
125 315
241 209
165 31
228 163
203 43
188 316
255 334
72 234
199 227
251 87
312 183
266 252
197 64
95 220
19 299
20 114
3 110
221 157
197 280
118 29
333 189
113 80
274 172
331 47
201 207
265 295
41 116
29 288
73 328
176 317
212 96
46 81
209 311
121 319
249 143
9 180
1 330
81 169
37 195
342 160
27 104
151 257
18 303
302 27
138 291
12 106
34 174
195 232
290 95
33 326
284 190
325 324
38 240
86 51
13 118
308 117
41 238
135 74
277 323
209 218
218 295
269 231
241 109
10 15
164 271
343 12
120 169
205 51
187 311
213 62
235 5
193 293
33 333
100 249
9 56
31 289
71 90
343 33
309 268
68 314
180 319
38 114
305 280
49 343
248 263
121 185
333 186
119 199
309 219
169 155
103 320
73 78
297 86
40 105
326 302
233 77
266 99
198 337
312 328
35 30
18 125
339 50
83 118
297 28
273 97
163 27
51 73
231 19
58 217
73 219
259 343
275 7
141 86
66 65
51 171
48 155
237 49
57 2
139 213
268 335
317 288
293 102
57 182
54 197
101 30
132 248
116 167
330 154
312 260
105 57
301 278
292 217
22 326
120 212
154 236
248 266
51 184
317 156
297 103
120 239
11 138
231 205
170 305
128 97
191 102
266 172
340 204
250 17
155 232
24 67
43 211
99 66
191 11
163 321
173 256
79 48
123 143
204 275
94 217
91 119
103 242
336 12
187 183
23 252
48 116
140 73
260 344
195 197
21 36
322 337
53 89
24 291
129 26
268 191
331 74
105 127
147 134
54 244
234 76
280 123
133 257
17 88
248 41
154 164
257 56
145 301
235 292
103 56
90 120
144 339
63 81
136 314
5 338
189 240
87 281
296 252
273 47
130 30
16 58
279 205
221 133
232 189
119 276
109 4
122 194
95 231
276 36
110 292
79 68
338 311
258 63
339 18
297 141
241 61
157 98
209 262
272 263
332 30
81 334
270 33
334 56
179 222
138 262
178 125
334 42
244 7
292 158
109 183
214 288
307 255
107 69
264 187
72 340
287 336
218 285
266 35
216 213
299 310
268 163
134 41
272 21
233 107
151 6
20 72
41 236
286 137
4 41
220 342
167 242
228 116
148 57
215 79
224 21
93 127
185 20
77 134
107 329
302 87
56 57
32 115
274 152
293 295
102 5
53 101
151 10
314 21
161 130
243 247
127 88
313 25
106 43
115 160
19 171
320 337
81 56
28 61
343 167
106 264
197 33
92 55
241 138
241 162
287 25
155 217
39 134
79 71
299 61
71 17
319 341
102 278
205 59
17 204
230 327
53 230
55 265
34 336
304 242
151 246
331 108
251 25
257 157
254 93
58 3
127 246
268 334
299 99
16 8
246 7
188 95
129 341
37 325
35 44
83 136
36 207
226 146
301 144
154 104
200 281
241 223
323 297
155 262
294 195
176 231
92 77
115 289
187 341
293 5
131 92
130 12
44 187
27 126
74 105
293 81
331 63
272 173
307 264
312 23
200 163
275 331
245 299
203 155
26 13
341 12
187 268
87 149
89 305
154 56
121 63
254 227
124 94
107 272
274 103
167 17
136 223
320 269
134 344
324 165
189 101
36 98
206 147
311 134
259 276
275 25
286 59
130 194
228 294
81 189
238 208
243 182
330 157
113 270
54 139
150 231
309 278
83 192
283 27
159 176
342 237
293 139
31 326
208 17
75 338
267 145
189 306
185 139
75 240
202 183
0 287
144 196
190 106
86 112
304 294
114 161
5 276
212 333
77 311
253 178
183 275
251 28
37 338
207 276
119 114
110 233
337 281
77 267
250 16
62 46
55 201
11 76
309 66
28 203
249 67
89 292
156 325
254 150
287 126
3 306
66 272
99 318
238 206
316 284
336 29
265 147
13 88
201 202
214 297
160 34
266 186
126 237
126 19
175 82
187 209
231 100
329 46
134 38
106 291
215 55
138 320
264 201
147 112
324 86
95 234
209 86
17 295
101 344
151 282
134 74
209 281
186 188
23 213
309 76
145 253
116 301
68 212
93 175
81 284
209 332
116 262
95 21
41 178
60 162
149 317
260 149
206 180
184 339
243 216
302 262
35 52
213 226
90 199
143 341
1 241
126 35
224 217
13 61
253 180
255 101
169 277
108 65
199 135
123 171
18 14
70 176
49 9
27 218
185 150
134 149
92 153
163 162
132 176
48 321
311 135
323 168
242 182
331 80
86 149
231 270
99 326
219 163
154 293
227 214
51 38
57 37
20 144
88 165
116 320
337 212
141 299
203 79
273 70
284 293
233 140
277 200
219 38
181 62
17 227
32 286
128 307
97 314
326 73
272 222
41 97
278 2
299 168
169 259
154 194
157 258
154 40
165 274
81 98
277 98
210 37
86 147
8 101
268 333
0 325
184 211
4 319
285 117
133 237
286 181
36 54
165 280
52 98
195 333
72 311
41 149
60 77
105 179
199 273
157 130
138 322
108 18
99 282
341 242
5 170
301 94
2 52
25 132
30 167
64 228
288 317
300 244
37 256
248 5
138 80
197 168
149 338
61 308
48 284
265 43
61 78
318 293
125 220
278 127
61 237
255 284
130 26
304 98
8 287
274 293
70 290
21 131
215 267
78 293
126 208
222 332
208 230
274 134
233 78
44 109
149 298
343 219
243 19
252 327
249 133
340 303
309 342
130 110
198 65
189 93
123 82
108 48
61 75
29 308
109 91
243 302
245 334
313 153
104 29
292 282
49 6
235 194
44 86
208 89
143 177
242 247
36 101
23 107
267 324
36 8
120 242
296 274
231 342
177 310
170 0
133 330
316 41
39 256
206 62
153 111
289 104
287 180
66 191
263 219
24 246
300 103
113 27
5 321
181 219
258 244
234 119
70 222
48 235
97 72
38 299
77 152
128 163
302 140
215 73
225 268
313 277
191 292
238 137
103 337
139 220
144 266
184 336
178 77
231 72
315 101
49 335
118 163
315 300
252 187
56 256
148 291
71 183
133 319
326 142
39 263
161 5
163 267
121 191
29 211
68 196
19 102
101 273
230 118
48 296
262 254
2 322
34 279
32 182
233 304
163 274
59 113
92 44
122 225
54 84
99 189
290 124
261 149
168 79
78 129
95 205
249 140
110 278
338 14
174 185
315 301
331 40
283 64
171 300
122 75
212 52
103 18
272 314
255 271
130 265
265 315
231 336
132 288
22 99
293 56
192 40
156 112
189 134
337 75
35 235
216 286
286 224
177 133
166 334
245 78
240 280
201 84
316 96
62 6
331 179
298 273
150 158
26 91
225 7
95 27
85 28
278 325
210 134
90 20
11 303
144 22
94 299
249 46
218 141
26 83
240 73
170 206
208 255
111 223
317 163
17 190
305 111
48 27
231 210
335 7
148 336
12 257
166 98
190 273
207 246
92 318
152 93
145 39
303 130
39 290
100 62
181 169
325 9
315 249
245 337
194 320
156 255
79 307
291 236
115 58
286 332
209 231
223 173
77 171
215 173
147 24
108 205
99 260
315 46
151 87
12 342
233 255
63 5
85 137
95 8
343 221
297 222
344 82
112 232
294 238
30 209
122 330
218 157
338 215
165 202
287 77
206 301
212 101
75 340
1 272
284 233
53 157
27 210
75 119
322 74
330 177
246 25
141 298
83 201
160 314
247 311
4 118
221 71
34 162
43 301
42 274
58 314
182 120
283 114
167 84
33 14
332 219
160 336
239 139
219 221
190 170
299 128
213 232
148 85
310 46
344 291
268 83
155 327
12 303
316 35
187 217
66 340
87 206
213 209
63 97
264 47
92 69
67 34
219 82
336 16
224 228
192 310
212 213
343 212
48 217
312 286
60 63
292 252
120 184
99 116
14 178
172 309
152 33
287 140
4 315
202 125
273 275
174 79
58 189
159 132
55 306
174 207
242 310
85 90
62 27
132 67
237 123
94 248
327 332
15 142
22 70
214 272
125 169
114 307
1 136
136 113
156 102
33 297
130 325
74 294
7 334
60 249
183 149
263 304
323 296
279 244
129 203
79 32
236 58
328 49
336 108
29 71
287 209
201 177
53 296
314 73
261 98
30 10
217 39
12 209
339 316
87 23
160 335
56 213
135 302
31 198
244 343
192 103
230 272
42 243
116 230
251 138
1 184
124 278
198 233
172 292
128 19
291 240
84 176
179 149
327 82
208 324
123 90
283 69
330 22
147 301
106 310
16 26
148 34
269 45
78 295
130 287
32 54
224 264
154 187
289 72
226 263
248 13
229 74
147 184
195 26
318 113
53 29
202 343
102 219
145 268
91 106
133 17
98 285
158 148
76 279
84 278
63 300
229 36
65 172
256 109
108 44
256 160
94 83
266 157
95 9
138 161
83 223
230 32
225 185
118 341
187 29
8 197
321 37
28 217
269 27
306 22
139 45
52 251
16 148
175 141
108 187
237 202
132 125
314 75
233 3
164 310
152 117
145 194
127 179
319 331
325 98
250 328
286 204
59 8
183 224
73 196
267 93
312 150
191 329
177 53
94 146
52 314
90 118
99 6
156 148
298 92
49 167
213 161
281 178
69 277
248 32
280 317
337 111
19 94
209 175
267 194
10 239
193 18
295 186
319 147
239 213
207 179
256 172
21 270
217 19
326 167
169 325
259 288
25 178
6 134
190 206
276 50
283 60
251 89
105 176
107 255
236 297
18 80
130 112
297 63
275 98
25 115
106 143
109 275
106 341
75 178
179 182
150 309
303 183
76 157
60 142
144 166
332 236
201 244
57 272
101 13
143 103
177 105
245 322
173 286
57 222
122 257
51 193
148 154
340 273
168 203
260 293
142 161
232 3
221 42
14 272
328 132
298 91
67 69
128 328
46 91
44 50
3 23
112 137
6 344
268 93
94 22
16 219
104 283
219 52
29 263
103 279
60 74
27 67
126 161
114 344
278 163
236 4
151 39
57 214
27 301
290 79
149 65
260 99
65 313
54 43
313 50
177 306
21 106
102 63
213 221
327 97
298 88
221 11
281 14
329 32
119 24
168 33
268 3
308 18
328 41
37 98
262 67
67 309
167 180
194 38
248 233
82 136
148 119
234 312
88 25
15 155
234 293
61 323
193 57
211 0
209 68
293 166
172 142
223 279
54 254
104 10
300 217
219 66
238 234
278 240
213 203
238 236
98 206
113 184
27 153
97 304
21 20
227 90
289 30
120 153
108 96
305 32
116 283
292 272
31 174
264 20
258 167
232 96
152 167
284 162
111 116
218 277
38 228
67 64
238 292
23 84
114 259
333 152
329 226
99 210
62 237
78 292
113 226
321 124
122 266
180 131
150 247
218 36
31 220
14 127
334 195
142 46
112 293
243 85
107 130
279 123
106 165
175 179
142 288
30 287
28 117
276 56
325 79
288 187
339 70
286 104
11 139
173 187
32 3
304 77
35 255
198 229
196 44
294 147
268 208
314 329
165 129
113 250
319 39
149 333
323 337
85 275
153 55
161 220
86 107
12 230
130 301
247 309
135 243
245 97
169 296
219 116
217 161
271 35
265 327
279 336
340 19
23 273
67 289
115 240
3 26
43 282
17 223
106 304
248 101
225 173
29 286
318 321
53 204
77 31
14 33
192 264
185 67
311 66
254 116
222 73
70 194
251 91
48 9
219 212
280 87
329 282
96 7
49 318
19 329
178 237
76 308
245 229
63 112
234 245
199 262
93 52
96 257
284 177
275 12
124 305
222 20
341 60
277 192
322 275
326 107
91 213
305 21
132 115
242 319
308 174
166 286
129 202
321 111
309 101
24 305
38 202
307 201
257 143
217 235
190 277
296 98
104 328
202 327
331 20
296 339
265 168
132 65
277 182
165 253
203 151
275 43
71 212
19 328
139 107
237 68
184 87
143 180
12 73
33 233
100 53
335 4
99 156
146 225
20 42
37 0
219 39
53 209
179 164
86 101
108 103
36 125
71 50
105 284
165 142
334 113
286 7
221 22
73 308
208 73
266 80
29 239
178 197
178 117
138 261
11 288
2 66
100 126
151 125
3 116
203 261
306 51
79 226
138 199
335 254
115 70
18 339
247 189
198 279
109 219
222 255
270 276
25 16
22 57
295 171
148 50
105 160
202 297
36 312
99 86
288 268
337 160
317 34
142 40
61 66
97 12
62 342
308 265
258 267
329 168
17 115
160 326
338 320
220 270
243 151
147 157
320 108
211 304
256 137
58 176
157 336
213 243
107 88
145 58
302 231
81 136
268 147
284 35
11 93
220 200
335 229
288 61
57 164
311 204
9 140
222 298
20 233
293 78
170 80
37 63
86 172
98 300
12 103
285 101
297 322
107 191
109 182
194 44
90 264
148 93
149 100
166 178
344 207
126 64
290 46
40 341
48 111
212 214
191 175
84 168
69 0
143 330
174 203
305 94
70 127
181 313
74 127
14 114
25 309
81 221
315 165
271 241
293 21
18 198
260 6
298 11
2 214
81 155
224 193
101 28
248 227
296 251
344 323
181 80
226 69
275 320
259 265
200 150
80 333
143 231
216 94
72 220
223 243
325 266
173 176
178 188
129 92
145 70
321 75
190 154
165 319
246 196
285 17
220 317
183 148
247 110
280 155
186 182
71 74
135 149
306 267
278 134
296 81
214 85
13 295
183 221
119 267
39 54
53 246
10 233
335 228
183 154
100 73
79 267
234 298
170 16
280 145
141 162
83 290
305 150
163 187
291 332
192 224
316 178
72 7
72 133
79 213
172 301
259 27
116 181
68 296
109 120
38 230
295 117
320 260
248 289
151 183
186 219
162 19
3 320
107 33
103 263
327 254
207 133
8 30
77 202
194 157
34 110
143 201
53 201
230 47
301 140
328 190
315 211
342 211
303 51
342 259
69 206
222 118
64 45
283 228
180 278
99 255
306 157
219 277
123 241
15 50
247 174
325 188
72 122
55 56
64 215
16 272
27 137
286 233
32 295
51 164
254 16
135 342
112 101
167 135
284 342
118 128
3 266
332 97
333 241
113 334
143 260
52 157
187 292
82 247
335 165
175 342
159 256
262 219
3 215
116 263
41 279
132 321
259 210
98 187
250 133
313 12
73 7
35 291
223 39
161 179
55 75
215 188
219 107
175 213
330 117
55 146
331 216
325 118
152 35
1 273
251 191
114 82
121 299
209 106
252 57
37 134
71 172
122 70
245 22
312 20
142 82
177 125
305 288
109 40
45 157
252 209
132 26
32 283
164 337
21 81
140 170
12 332
183 144
13 289
183 292
284 10
275 286
22 285
196 162
13 248
333 167
130 162
79 216
208 339
286 290
295 225
1 70
46 167
108 134
114 222
89 58
310 277
315 298
212 316
139 307
343 262
172 36
187 264
141 181
299 137
100 290
223 100
131 282
207 101
72 259
221 21
262 121
8 88
133 150
171 87
279 286
41 273
29 232
225 3
117 171
124 8
56 34
96 189
178 275
68 71
110 22
80 51
178 82
117 281
78 203
245 344
215 29
196 268
85 36
295 245
153 232
56 122
23 188
131 114
190 229
24 334
293 11
112 3
146 234
125 151
82 83
68 72
72 91
162 204
205 254
334 256
46 172
299 84
73 318
335 87
321 38
317 57
149 57
248 256
311 239
303 300
330 64
272 113
60 106
126 308
264 340
104 125
334 62
313 91
223 321
0 266
221 174
35 178
342 95
186 25
20 312
124 164
100 288
186 37
120 315
15 245
167 70
16 61
96 36
28 229
295 257
116 198
71 79
39 167
237 88
33 94
14 210
249 298
153 20
158 124
291 97
58 85
87 270
336 62
162 268
94 195
228 9
138 144
58 26
192 113
233 106
333 166
298 306
304 197
257 302
310 261
36 171
135 146
317 88
168 4
2 60
193 336
107 60
253 45
22 333
174 335
52 22
82 137
343 174
101 272
57 238
184 247
176 172
239 5
64 292
274 195
234 115
291 31
143 252
180 81
168 264
341 225
29 236
242 220
118 171
85 207
149 278
292 66
187 288
195 97
237 339
330 266
17 144
186 260
228 157
324 77
59 4
92 52
185 51
195 115
36 331
139 175
22 114
323 99
68 253
207 131
236 309
308 8
161 23
137 140
135 114
156 342
147 270
136 287
344 309
78 88
310 285
11 214
308 173
257 117
151 68
17 299
242 240
106 180
232 312
313 118
194 108
219 64
221 57
193 152
294 84
234 55
264 121
145 91
272 309
317 136
333 300
39 18
42 165
256 96
167 234
139 341
198 7
275 88
105 256
228 46
176 26
251 218
38 239
169 295
237 98
308 59
234 102
11 102
208 287
110 99
267 51
232 262
58 260
24 295
138 3
290 311
88 80
321 183
97 297
103 315
281 72
294 129
254 141
163 128
266 50
137 265
2 143
235 6
94 73
78 231
344 230
62 195
261 324
279 337
244 201
146 271
309 63
334 101
328 336
244 121
207 189
70 276
9 305
61 103
236 208
112 230
319 222
248 47
99 171
92 145
202 303
121 305
183 343
110 157
325 25
98 89
65 342
31 14
98 194
174 219
56 60
1 240
306 112
52 83
199 279
260 207
325 166
93 293
65 124
209 300
41 27
163 139
221 338
261 278
75 261
276 127
309 11
120 152
292 213
100 13
239 211
215 154
83 16
298 305
33 215
244 30
321 282
197 172
190 67
59 277
48 66
48 193
193 89
23 86
288 43
3 281
34 335
338 30
128 213
250 288
278 95
166 242
229 59
289 295
118 158
200 261
155 328
129 308
173 309
5 127
317 321
271 202
265 73
146 120
239 138
254 99
58 107
138 277
114 317
148 114
79 201
135 344
21 315
66 244
253 140
161 123
139 46
315 274
45 48
112 313
151 152
4 153
326 297
231 121
343 201
317 58
307 69
94 114
169 55
129 30
321 274
146 138
76 79
5 147
36 165
68 328
201 193
215 102
141 264
284 240
213 207
328 249
27 52
147 197
278 3
136 7
175 277
322 113
16 7
301 9
160 301
165 288
193 342
22 330
119 315
224 243
255 267
301 339
196 97
191 17
287 240
237 40
207 93
82 228
311 16
22 50
235 336
28 166
195 50
31 197
291 49
271 257
4 227
151 168
89 289
99 89
295 106
57 333
322 292
69 241
161 94
192 164
318 142
172 35
286 229
253 6
134 320
280 21
17 167
297 209
331 270
93 99
238 41
243 275
263 185
196 152
52 327
63 4
274 248
0 202
203 309
166 336
61 64
266 324
151 137
268 2
248 14
78 289
61 282
253 257
302 74
40 71
244 191
193 55
299 223
139 166
140 303
245 113
121 277
264 232
1 14
8 241
330 113
0 124
279 185
195 292
194 6
21 37
110 70
43 146
289 228
314 290
130 337
126 273
122 97
94 252
204 220
135 247
262 72
158 172
222 190
66 4
20 314
20 333
106 229
163 121
228 269
73 167
280 207
4 295
29 76
64 119
143 311
300 288
12 284
58 259
193 4
144 146
288 50
344 219
318 78
9 282
133 104
30 327
108 220
321 288
333 171
152 217
67 26
19 35
113 269
77 326
292 108
121 318
134 216
53 56
251 78
212 80
250 315
133 195
286 246
275 121
57 7
224 175
342 302
308 151
175 38
98 308
136 39
112 158
53 42
279 13
264 314
46 84
172 295
336 169
222 287
33 10
70 208
49 168
171 185
109 283
227 81
43 344
218 215
294 210
287 103
67 66
77 17
87 36
262 6
87 264
286 25
169 292
46 232
299 308
140 297
216 198
72 270
198 93
195 57
338 40
12 39
174 311
165 208
99 36
307 248
333 160
342 287
52 237
108 198
151 305
254 281
184 91
180 83
222 72
49 145
271 71
87 265
135 44
4 202
61 321
329 316
89 246
329 211
158 207
182 136
145 109
109 330
153 246
142 229
89 48
86 151
38 219
102 98
328 189
227 341
168 30
183 254
181 110
221 184
207 58
256 38
297 139
78 42
177 246
297 263
155 35
143 127
29 19
312 11
278 272
216 270
230 19
18 182
127 237
124 195
70 51
324 74
248 195
247 11
175 34
31 95
205 271
36 232
287 60
242 124
70 214
79 189
240 296
20 276
85 44
6 20
331 291
18 169
286 257
180 149
244 228
235 217
205 42
271 151
305 311
44 107
257 139
224 330
170 27
209 277
133 270
63 52
310 158
48 305
77 248
41 139
312 294
76 142
267 62
10 18
168 215
219 111
92 183
291 101
261 89
246 338
219 27
338 47
164 46
202 309
91 76
300 5
71 103
173 301
183 255
190 304
253 103
149 73
51 7
130 147
87 219
127 102
269 281
6 320
229 195
4 215
111 37
17 198
158 48
150 287
84 262
238 192
239 303
240 158
58 301
206 201
274 208
212 196
117 283
283 266
28 220
227 99
189 341
339 266
170 211
171 303
127 143
214 63
258 39
44 140
136 140
199 139
196 122
78 22
252 159
71 4
132 148
322 126
331 297
344 216
132 213
344 328
186 319
120 66
282 25
234 184
98 252
128 295
31 192
340 21
50 233
73 71
46 174
343 14
129 277
260 104
298 310
239 341
200 302
315 67
343 16
34 198
204 15
258 264
328 100
164 148
321 309
25 65
340 60
219 202
276 335
205 342
167 16
82 32
43 53
88 164
29 266
56 136
165 195
306 332
211 343
30 236
233 248
312 266
205 21
66 234
287 123
342 86
232 326
184 262
228 44
162 325
326 196
332 58
72 13
315 292
248 215
281 37
300 316
296 269
214 179
313 325
151 33
128 189
240 244
138 228
331 143
81 313
0 295
344 180
18 112
288 274
143 190
0 48
293 132
156 214
284 183
35 50
26 104
26 68
245 67
332 263
34 298
202 95
6 107
253 262
318 148
288 321
274 216
83 129
122 64
259 151
160 268
85 40
323 218
56 296
21 0
272 34
152 151
281 327
278 81
236 109
323 290
300 220
59 248
123 50
20 52
300 189
334 198
181 199
25 66
73 163
109 241
242 226
314 301
130 92
46 208
241 43
64 125
190 301
189 201
197 116
297 29
81 208
295 158
24 286
128 159
336 213
59 40
324 212
296 275
273 138
298 297
80 231
287 295
109 154
291 274
20 282
190 92
6 252
231 27
239 76
323 184
147 334
277 307
288 138
260 9
219 266
261 27
262 212
203 158
207 122
331 268
308 147
51 17
144 311
8 127
236 163
311 222
334 14
71 144
225 206
86 75
196 139
206 176
180 71
101 186
12 343
9 323
220 245
337 275
282 316
120 313
145 325
71 303
148 271
274 59
250 52
298 166
277 117
221 260
145 342
147 10
149 117
220 230
37 321
157 231
55 88
14 261
26 58
59 129
116 69
55 175
301 241
129 118
49 185
206 203
205 322
30 219
238 200
186 255
72 303
270 165
252 161
233 279
201 331
202 180
54 128
266 113
98 155
340 203
45 205
22 190
77 224
25 33
254 26
289 161
33 149
159 229
18 333
73 41
106 316
182 187
292 125
335 237
188 170
156 337
44 235
299 92
72 101
326 329
166 197
108 213
60 185
305 104
75 281
315 201
96 54
146 30
53 118
25 151
3 82
109 227
295 128
35 10
287 7
226 335
129 69
198 223
253 342
60 124
239 323
211 21
190 293
74 221
16 118
57 323
207 62
83 338
129 14
1 68
16 98
309 118
237 34
8 156
210 309
323 203
128 12
189 267
93 162
230 316
132 118
210 149
216 174
186 270
50 194
13 5
280 107
69 9
320 93
169 308
286 75
238 94
185 206
113 209
208 182
39 102
10 19
11 255
26 35
214 256
205 324
181 299
50 278
2 307
217 234
17 72
297 331
186 342
254 188
282 3
169 130
84 88
186 86
37 290
217 95
58 101
191 237
100 308
248 317
85 168
11 9
269 77
323 88
144 244
15 124
66 161
322 152
330 235
63 64
43 16
6 322
248 304
264 0
49 112
120 128
118 136
140 184
269 204
151 123
93 96
42 207
20 48
185 170
171 65
341 102
69 16
238 322
102 92
11 243
4 330
305 3
51 47
24 8
148 20
283 250
97 40
290 189
287 294
156 149
298 110
71 249
276 98
124 119
282 62
102 270
4 236
292 321
68 103
27 21
30 130
234 196
168 75
270 74
214 304
283 184
336 137
273 268
115 59
214 125
73 185
318 50
83 5
262 173
161 100
212 27
165 244
49 130
298 107
206 281
65 88
33 201
204 100
180 42
49 253
222 253
91 216
74 275
2 237
275 233
165 190
279 167
85 62
67 134
316 133
101 141
281 182
13 311
220 218
255 232
286 264
47 244
259 38
263 339
187 162
181 5
287 58
48 130
161 165
165 342
63 73
329 214
314 46
147 129
104 214
28 69
175 149
23 145
190 41
73 250
11 101
103 42
336 302
267 132
285 329
146 260
301 328
35 276
135 46
310 5
0 204
299 295
56 168
191 189
325 126
103 228
331 315
76 98
340 287
78 196
46 282
118 155
184 195
58 46
117 68
94 67
180 50
206 128
332 170
228 222
9 67
139 290
336 30
69 63
130 264
108 304
51 314
335 286
294 172
146 303
270 142
168 303
308 60
155 87
135 186
301 79
208 152
280 208
219 263
56 91
119 107
293 334
265 170
251 200
224 174
102 257
330 297
258 192
16 130
184 71
29 141
13 165
270 260
255 73
232 43
211 282
156 281
7 318
39 217
239 52
5 19
181 217
270 225
315 316
256 279
211 251
66 67
339 19
10 297
335 301
92 306
272 3
240 343
247 85
261 191
117 246
15 23
327 256
289 229
252 299
106 85
66 300
78 145
166 198
100 17
176 163
139 248
136 159
35 116
186 276
322 6
289 18
254 284
98 292
60 231
155 110
34 257
16 23
56 218
224 328
267 201
230 267
31 179
26 194
25 83
288 117
66 166
210 73
184 27
123 164
98 190
228 18
38 80
137 247
49 332
156 41
59 271
246 158
297 138
271 75
205 24
168 88
277 171
21 83
242 306
307 168
95 107
27 148
327 284
212 265
262 19
317 331
340 101
9 112
166 201
268 33
126 201
185 136
182 112
277 3
283 238
33 209
179 132
236 298
218 110
111 164
128 68
119 160
257 12
9 94
124 188
44 282
232 324
14 259
115 325
48 105
215 151
220 106
307 34
31 46
333 263
45 2
80 124
318 320
267 280
256 189
33 204
172 267
100 326
323 107
195 234
43 214
126 222
82 175
165 206
300 323
226 55
304 204
64 56
340 125
140 46
191 298
108 175
129 304
82 196
122 153
77 186
92 93
319 119
34 156
121 130
29 243
80 201
334 79
335 340
277 207
343 295
308 183
56 295
151 124
215 43
119 335
292 93
106 36
304 0
218 138
109 259
324 5
325 287
139 225
280 110
141 289
95 121
133 186
137 9
17 319
137 67
19 39
286 281
191 21
340 199
235 34
111 154
30 94
233 119
80 29
200 278
73 240
205 183
93 172
6 312
165 265
242 151
333 126
10 96
262 135
164 257
225 214
153 157
71 311
329 156
5 78
33 275
239 163
188 326
301 236
295 241
331 31
320 189
343 0
279 122
273 92
65 116
74 77
40 118
97 86
276 203
121 112
272 120
25 246
151 241
143 193
249 10
286 81
91 116
228 180
93 0
227 86
56 22
111 19
235 73
155 224
61 193
265 289
275 155
235 98
110 108
234 134
15 154
79 291
312 196
311 224
327 131
118 179
6 139
18 269
195 344
117 62
259 108
308 78
76 291
209 24
267 327
105 290
236 277
131 47
47 326
291 262
227 88
248 44
251 8
327 178
244 265
192 29
281 270
94 329
210 331
147 19
48 183
113 8
287 208
94 95
30 248
198 124
134 311
330 8
44 88
271 145
17 286
56 304
157 10
8 116
179 117
11 175
326 313
67 17
44 82
321 308
97 69
146 170
47 221
250 248
319 342
182 197
207 107
230 129
331 160
13 319
98 12
43 55
219 167
146 266
185 318
279 302
19 77
173 14
276 300
238 150
123 39
240 44
56 239
174 2
321 81
209 51
53 265
314 34
247 143
260 191
207 31
74 117
4 284
323 200
106 127
245 291
75 184
54 90
92 111
279 211
335 10
58 327
0 42
58 270
222 11
121 160
108 152
290 110
106 156
150 207
321 151
152 60
209 249
311 145
320 72
243 175
183 124
140 40
250 211
61 277
181 270
83 65
158 49
210 35
16 341
324 96
85 293
284 127
334 165
320 16
81 37
9 291
319 32
54 87
28 70
330 286
6 211
133 25
152 4
221 53
21 109
206 36
330 260
276 192
163 189
169 306
61 31
295 63
155 218
109 340
173 155
95 187
20 46
149 44
100 2
255 218
283 267
213 143
257 222
300 137
175 256
92 340
275 96
141 87
268 105
122 73
263 208
293 111
44 203
254 202
12 184
103 21
180 248
28 302
321 193
69 15
160 133
215 264
182 323
115 227
83 271
331 95
282 243
87 113
337 218
266 229
149 101
170 167
230 253
93 217
337 37
309 119
221 187
95 276
225 0
38 89
21 1
28 277
121 221
258 224
343 161
32 0
247 293
248 338
287 139
25 131
183 46
34 211
87 40
35 133
101 292
243 34
342 87
76 269
217 155
27 0
282 98
297 7
134 300
73 281
116 203
210 258
64 340
137 343
134 132
85 219
122 134
337 69
111 104
268 329
213 294
121 272
210 243
127 51
237 133
22 123
121 157
139 68
289 274
13 154
177 52
272 62
26 118
273 215
144 277
78 222
118 19
61 292
66 223
30 339
93 47
36 324
88 49
140 330
107 305
270 70
155 254
117 127
39 55
8 87
29 88
279 95
130 250
302 193
282 144
98 44
114 162
285 311
94 207
138 125
298 335
184 235
135 282
208 296
311 4
39 6
66 307
153 152
197 190
90 34
144 260
226 188
27 265
194 59
19 264
113 87
117 262
155 326
234 130
220 32
48 313
226 264
253 42
153 158
244 270
322 54
154 211
92 165
1 109
253 152
165 219
40 258
287 293
203 342
58 324
10 132
49 191
247 111
277 314
218 106
326 50
2 297
226 151
63 60
20 186
143 86
171 133
26 130
82 294
81 47
125 94
196 321
62 139
213 313
310 240
229 154
154 48
142 141
103 69
217 261
242 2
170 125
207 334
208 316
228 194
189 307
223 197
190 180
129 33
6 177
19 241
191 150
252 69
177 11
253 39
219 22
101 261
84 194
25 312
323 190
146 277
285 19
331 28
118 70
163 12
34 288
298 168
101 132
64 151
330 57
231 175
156 104
115 173
3 269
57 59
155 23
112 225
338 97
184 139
147 262
301 159
205 255
257 54
339 28
227 342
3 256
182 52
121 148
257 324
118 227
287 100
110 130
158 296
16 102
152 23
118 330
68 102
81 113
120 140
89 286
288 308
126 124
48 146
337 19
310 85
19 122
276 330
109 119
101 139
192 26
201 184
45 254
39 291
291 156
117 287
49 329
285 290
31 62
58 223
309 35
61 0
207 13
156 7
114 133
12 317
89 330
3 284
142 335
198 209
216 273
142 69
28 180
297 93
147 289
275 58
210 180
292 98
342 335
273 150
296 16
203 1
306 136
194 5
318 340
337 265
116 91
185 232
277 131
81 227
281 153
246 225
274 336
223 27
269 143
41 5
272 100
56 143
217 331
278 324
286 329
280 101
181 276
213 324
158 0
267 215
183 317
233 91
303 254
259 227
166 275
171 112
178 143
66 168
327 94
74 317
239 252
193 44
11 195
237 223
195 36
207 344
76 235
183 217
86 65
166 169
243 164
178 109
154 70
213 198
216 105
76 266
72 11
252 239
84 321
42 45
267 273
209 8
248 228
212 242
108 15
299 323
218 192
88 206
313 274
28 118
262 29
262 256
303 43
202 331
63 14
291 15
288 57
1 20
7 194
211 13
109 328
241 193
48 273
342 294
78 110
261 220
30 324
174 42
325 224
232 161
56 333
135 0
294 201
34 179
344 110
123 226
122 308
215 159
27 273
297 321
31 302
262 125
84 40
6 74
195 44
295 165
166 164
110 31
237 120
338 91
257 23
301 341
64 209
155 268
27 29
258 95
302 322
2 225
230 5
198 284
248 262
8 149
110 146
265 169
235 147
334 76
317 139
84 118
121 27
201 31
176 213
79 343
288 237
115 207
2 104
199 336
269 89
334 250
322 175
286 167
67 62
233 312
73 3
40 83
270 330
277 239
47 67
206 23
70 283
1 327
40 100
270 329
87 107
120 279
88 160
157 62
269 268
285 26
310 326
86 52
233 326
202 80
205 287
212 93
304 238
121 57
159 302
328 16
193 181
315 112
63 29
113 247
17 54
74 305
75 297
26 218
262 89
247 277
127 120
301 57
151 192
76 259
252 102
259 178
199 328
16 22
327 253
66 96
36 14
116 307
22 210
66 53
285 326
232 42
211 256
230 227
180 332
240 69
160 276
291 258
155 309
220 177
76 22
131 17
176 191
252 8
266 55
61 172
49 141
270 73
277 250
196 272
313 270
13 140
260 301
199 185
17 13
19 196
165 58
94 263
82 301
143 215
117 58
10 312
277 24
113 192
32 10
153 296
255 20
185 269
101 204
73 2
69 6
26 84
100 254
233 36
332 268
190 66
39 69
297 126
314 59
312 302
28 175
290 42
150 16
253 163
277 122
47 8
40 337
50 260
112 309
151 164
326 76
158 235
29 229
321 147
297 16
197 107
259 196
22 299
343 329
77 317
255 158
90 109
216 256
21 45
344 112
116 291
253 256
286 330
29 4
113 28
19 132
144 40
271 162
303 293
74 190
96 108
58 37
305 338
147 299
269 332
175 210
278 151
55 273
254 53
71 328
267 286
75 227
279 183
195 118
56 190
94 203
46 19
190 49
74 216
232 231
174 341
125 225
138 102
285 107
92 341
199 88
9 194
19 14
190 93
226 155
252 80
236 292
266 123
48 238
124 140
233 256
314 270
72 22
281 227
103 172
73 343
258 234
339 164
327 35
273 290
171 63
103 291
80 72
216 153
226 111
189 299
184 23
291 81
142 154
4 70
177 141
176 77
32 336
317 174
47 223
300 182
55 323
298 134
210 217
232 41
188 288
249 195
213 6
96 246
342 68
322 45
291 124
340 148
208 50
28 63
89 296
267 321
337 217
180 203
146 252
121 261
258 119
162 158
105 35
85 276
163 330
306 330
188 207
67 236
88 300
195 323
258 150
91 154
290 254
139 36
144 14
106 305
254 219
76 92
92 313
340 187
343 333
336 146
340 37
160 205
184 61
337 11
3 84
226 325
175 75
110 162
34 99
314 246
49 243
251 233
242 254
136 49
220 265
82 324
342 10
161 59
276 103
241 112
171 307
4 71
81 74
209 327
278 285
76 115
101 6
241 21
43 251
191 168
338 118
39 188
241 291
68 155
187 214
98 84
267 330
6 338
252 194
140 331
39 155
108 43
73 67
80 261
247 74
110 32
129 318
217 171
304 78
28 222
297 181
94 8
297 90
200 58
336 237
121 153
272 55
255 224
32 264
11 340
202 92
199 46
2 85
140 298
302 279
205 91
10 242
123 267
71 28
309 68
42 173
295 143
219 297
216 85
205 323
78 85
160 344
274 174
299 254
124 42
143 94
157 173
19 275
161 126
254 239
212 26
132 97
20 69
177 55
113 86
324 85
80 323
119 161
153 228
314 320
176 236
302 110
55 211
234 251
191 151
298 257
141 184
95 136
257 86
38 78
224 307
307 14
248 135
310 18
112 222
104 151
202 306
171 338
27 247
183 151
83 20
285 225
172 45
31 30
253 62
202 320
126 186
276 68
178 199
259 267
70 119
77 3
51 330
301 101
169 116
260 228
295 337
231 249
225 198
216 192
220 28
42 166
4 245
267 287
282 338
306 172
140 207
32 298
167 159
63 43
32 245
227 89
137 167
190 248
245 13
303 152
283 99
88 41
261 132
309 108
12 151
329 218
121 327
337 86
224 286
257 140
163 325
131 39
296 115
97 10
307 193
207 102
234 34
102 114
254 49
340 152
268 266
24 63
148 107
313 308
314 302
11 40
167 86
84 90
47 173
211 181
197 265
24 266
283 282
12 109
38 40
186 235
105 187
10 274
224 306
92 297
313 85
246 6
27 270
331 213
251 217
67 259
307 305
93 168
165 303
23 94
264 82
233 66
327 81
337 205
46 183
2 186
192 212
97 114
223 199
160 246
50 110
46 144
258 94
308 11
264 298
116 14
150 90
1 295
180 27
49 317
173 74
230 154
313 0
117 149
338 289
284 171
317 272
171 333
150 170
155 119
85 155
178 13
179 17
263 231
126 211
232 12
213 340
329 309
240 169
106 22
268 343
264 183
43 333
55 274
305 206
281 69
196 110
32 294
251 38
91 246
262 264
96 194
315 99
272 166
111 78
252 198
198 326
247 210
31 127
128 215
69 141
195 244
202 344
46 245
110 80
14 239
21 214
193 84
98 268
140 213
171 186
16 114
260 91
112 228
152 314
26 297
138 155
214 76
183 63
28 106
87 174
268 196
8 85
287 121
298 126
69 21
318 344
30 307
83 270
122 299
322 333
194 249
250 224
211 78
109 302
56 160
16 161
224 211
231 311
237 15
114 130
57 223
217 45
297 316
0 120
110 258
144 46
214 33
295 176
341 179
336 224
225 282
214 168
229 340
265 2
190 185
115 225
269 255
166 203
325 338
188 131
172 88
148 239
107 124
161 135
315 4
320 242
186 286
137 14
288 144
44 297
170 128
127 54
192 198
161 157
34 136
78 340
280 47
225 62
312 279
97 203
176 258
15 210
86 30
287 148
172 273
263 212
8 281
98 135
245 182
296 342
122 107
91 39
257 306
175 159
27 100
178 27
138 325
327 56
230 6
45 285
148 241
154 38
179 200
158 323
69 224
201 114
66 122
316 7
67 217
268 149
52 88
331 189
154 150
184 123
4 23
313 258
40 339
187 48
250 173
237 30
120 293
180 305
30 119
211 6
50 192
138 46
55 331
192 176
181 27
308 271
320 241
102 89
58 54
79 53
311 122
299 241
65 103
306 124
236 335
10 290
158 145
121 267
26 57
311 85
293 1
246 67
103 295
239 11
7 8
48 280
312 261
268 292
195 67
207 156
311 126
156 4
198 290
259 39
249 277
190 99
234 223
295 146
204 17
314 6
45 113
20 145
305 218
249 288
130 102
336 280
162 97
170 267
109 174
50 238
179 161
319 207
138 133
39 262
7 181
29 207
31 296
275 82
208 327
26 72
246 0
209 321
164 153
6 117
164 106
249 237
276 149
119 144
108 280
181 91
72 215
109 87
253 271
170 258
43 272
269 277
307 105
122 141
139 273
335 294
78 310
292 115
289 164
18 213
96 227
57 286
141 196
154 145
217 98
309 137
124 314
93 278
279 326
251 49
11 32
205 304
116 24
75 256
183 9
59 181
214 249
192 297
122 293
90 129
287 252
77 82
286 276
8 173
244 76
268 227
258 89
44 199
267 136
76 83
92 257
271 149
175 158
37 56
153 288
163 82
250 7
112 320
124 239
283 24
318 65
275 151
60 190
85 173
166 149
43 213
266 279
231 93
283 139
288 38
153 110
25 340
118 258
139 164
108 83
147 141
227 74
51 249
328 339
287 182
186 303
298 233
329 9
61 120
267 289
215 38
164 0
35 13
260 123
219 30
236 74
143 73
86 91
10 112
251 212
13 303
162 1
49 78
25 303
43 69
160 97
82 193
325 67
80 26
105 310
85 148
281 172
118 344
219 242
325 215
162 226
26 256
220 46
123 223
78 169
59 39
299 278
50 329
112 170
281 328
205 253
164 168
81 322
10 307
162 316
248 18
152 333
188 254
153 325
72 42
228 301
263 99
14 68
236 341
264 79
152 136
200 207
116 229
211 132
131 299
57 322
116 71
8 64
280 244
323 114
237 80
290 93
128 76
47 110
127 49
181 145
265 119
200 331
214 147
292 107
171 310
193 297
90 230
109 68
76 189
341 160
3 190
123 341
279 9
52 193
78 64
235 189
286 195
210 153
204 177
241 175
123 252
230 153
66 171
3 189
10 260
343 82
343 76
32 183
119 21
298 265
328 233
260 115
288 228
286 291
43 107
175 41
183 73
79 234
30 178
278 172
98 223
279 274
264 19
261 19
156 246
171 324
29 234
231 209
61 330
88 242
259 254
221 80
85 21
169 267
234 135
222 133
259 49
15 190
302 247
133 45
46 47
113 78
1 268
341 171
92 230
162 275
181 77
226 98
247 126
128 0
8 73
82 89
326 291
188 34
339 5
212 77
329 340
176 154
62 325
182 278
98 149
149 96
7 296
0 90
37 32
9 22
28 87
173 232
283 259
152 88
257 106
278 289
37 319
245 70
308 299
314 143
222 193
249 13
258 179
192 74
16 119
206 337
161 276
132 134
319 105
47 235
146 325
6 307
256 40
189 138
303 8
27 252
94 28
23 73
49 205
144 44
90 127
121 322
46 43
224 194
288 175
17 199
16 193
298 104
1 108
283 185
221 202
286 99
67 115
306 110
115 224
303 271
65 159
30 46
95 31
56 225
312 2
274 87
9 257
142 124
38 101
50 103
260 80
137 139
141 254
13 145
227 129
118 119
256 294
312 42
27 19
52 288
173 222
341 153
143 202
72 186
148 32
14 17
74 41
183 74
26 80
267 23
135 312
110 252
281 111
18 57
328 73
30 229
98 29
89 336
254 132
224 315
261 236
223 43
56 303
279 149
73 156
307 18
295 333
189 235
147 148
96 266
10 305
187 65
69 280
103 73
216 300
32 103
120 5
266 111
162 156
126 251
221 195
19 176
148 136
303 19
91 267
33 242
220 168
33 53
270 57
343 56
143 278
148 201
24 23
25 87
214 319
130 150
27 97
174 70
244 103
179 9
66 311
260 267
25 310
333 50
300 32
312 169
253 97
155 81
77 236
258 117
290 213
52 257
256 259
238 195
148 339
246 327
167 191
81 163
73 162
327 312
259 139
194 177
18 342
156 313
207 185
15 57
11 54
23 78
191 57
189 212
294 52
329 173
32 235
39 56
313 285
178 159
33 311
328 327
7 138
285 83
220 112
275 189
280 179
283 314
158 91
85 20
289 5
28 323
204 245
152 307
300 257
277 61
292 133
104 99
176 133
324 191
286 32
164 47
277 210
89 259
303 181
294 250
216 54
141 28
298 144
64 99
146 185
5 189
272 77
180 206
219 19
327 275
53 202
294 340
19 140
154 149
66 241
103 338
44 136
277 39
60 343
126 29
140 229
64 105
203 111
296 83
129 305
303 315
109 104
53 331
249 332
174 273
175 194
137 135
55 298
287 193
38 238
28 338
224 335
65 60
32 141
248 124
98 326
119 25
225 226
18 235
160 50
174 234
162 296
198 79
322 137
156 202
22 188
336 128
228 75
27 329
202 328
270 162
34 25
64 202
186 138
251 179
156 279
315 272
297 218
263 17
322 34
248 163
286 197
292 94
279 77
32 337
11 162
142 135
88 313
34 68
167 66
143 251
105 4
337 224
122 34
240 38
328 136
276 17
106 50
218 238
113 62
213 106
60 297
257 78
66 91
240 236
176 58
47 294
132 172
219 180
171 45
5 152
4 196
114 329
17 21
94 282
98 163
74 273
58 167
267 74
343 147
122 150
28 88
199 30
45 199
196 43
248 223
26 291
46 153
127 23
227 175
218 180
185 280
141 137
256 168
84 204
321 82
7 159
84 220
149 267
266 107
277 106
289 74
146 103
209 120
154 167
297 247
289 8
15 112
17 293
219 209
130 6
93 114
274 278
143 25
252 334
243 30
110 297
65 219
21 242
54 168
272 87
39 24
57 103
203 157
278 204
27 12
9 91
159 295
233 292
7 294
20 136
331 133
180 40
25 56
105 114
245 62
230 221
100 96
184 173
82 0
334 97
265 94
216 253
66 117
240 71
196 48
294 283
211 190
341 107
143 132
70 9
61 287
164 30
228 201
109 80
18 276
59 35
57 273
37 127
184 99
31 277
36 150
111 161
73 89
245 218
271 283
201 57
330 225
76 257
34 143
67 326
259 274
96 140
97 242
150 40
134 340
211 74
29 198
330 120
72 38
127 139
304 241
116 333
178 25
17 164
337 16
36 190
31 150
188 211
162 304
200 60
323 280
331 204
82 257
147 305
45 42
178 61
338 313
301 248
89 223
36 272
271 263
140 105
100 236
18 51
324 154
47 217
31 64
238 82
8 187
328 235
329 74
266 255
221 160
19 114
204 290
102 18
129 50
112 51
232 182
198 243
90 219
200 175
222 174
217 157
17 239
134 215
234 179
129 140
74 147
149 291
164 74
313 39
120 103
1 82
238 53
28 100
76 331
25 271
178 273
63 87
43 88
127 310
202 311
59 75
47 4
65 119
302 147
95 239
24 222
307 8
169 143
101 58
177 58
199 240
52 59
45 138
268 90
307 175
167 340
327 276
189 83
66 112
38 127
337 305
146 320
224 190
67 328
38 15
192 258
246 314
38 81
73 166
11 68
69 79
298 148
65 339
129 269
11 201
35 340
298 251
117 324
312 71
8 245
46 137
71 58
223 292
61 221
110 28
194 238
124 60
333 116
232 122
251 12
195 88
6 216
212 134
27 35
154 155
241 289
56 172
146 72
317 234
80 180
152 198
154 312
11 343
96 269
52 291
199 216
228 31
63 102
167 311
217 247
49 135
212 272
110 266
233 39
165 145
308 163
316 262
109 170
312 215
76 16
252 164
50 165
17 165
92 29
86 120
294 222
61 16
179 339
164 223
85 170
200 75
90 117
41 286
339 102
28 136
109 319
260 234
57 119
204 138
193 246
313 318
98 192
286 13
328 343
196 92
161 308
253 56
193 166
302 227
203 42
107 233
52 200
115 107
141 244
131 205
339 6
59 99
221 145
252 314
326 337
45 320
38 339
153 47
233 290
192 314
63 126
239 69
18 141
337 304
224 138
83 156
307 254
341 188
173 174
35 328
151 155
160 56
84 286
194 205
55 296
257 60
149 7
225 184
91 146
213 32
122 100
138 212
211 38
121 79
81 325
235 183
224 151
127 147
60 323
172 234
303 311
338 290
119 323
335 59
144 167
141 23
73 211
276 117
316 98
85 166
293 117
309 89
200 167
310 284
21 263
176 25
70 130
119 217
160 17
282 129
68 219
228 89
267 14
47 31
6 68
319 212
131 21
108 219
27 277
269 182
251 282
29 289
228 97
323 108
69 90
309 163
287 265
252 316
16 33
38 151
5 135
112 189
146 194
32 81
156 284
299 167
72 33
261 177
158 301
178 261
24 112
52 198
134 267
204 134
23 307
55 285
314 63
19 57
221 18
45 65
27 198
256 69
132 341
156 53
301 15
47 268
179 35
308 107
212 219
1 210
166 121
144 55
171 216
173 321
98 54
112 99
166 179
203 233
209 58
17 218
238 248
20 153
131 312
330 290
81 65
148 338
161 255
116 36
189 99
225 138
300 66
127 103
306 5
267 200
274 83
163 129
167 199
76 338
250 323
289 214
85 296
111 128
146 142
296 28
308 38
266 247
166 304
39 154
255 45
309 308
48 56
3 344
78 47
13 215
271 180
175 310
236 332
257 200
160 297
50 340
224 98
0 38
332 184
227 184
27 240
302 298
166 115
338 148
163 153
214 102
10 116
107 85
65 333
250 58
38 315
212 41
85 263
20 180
182 219
88 238
323 56
110 186
146 279
331 276
42 252
73 188
332 124
199 253
297 274
233 37
327 285
214 230
123 234
192 100
269 303
193 216
155 191
179 53
260 144
149 103
54 180
163 113
75 220
17 108
59 197
115 193
107 76
159 85
224 3
252 42
117 279
221 94
308 321
338 326
15 96
178 123
275 65
107 256
5 323
307 215
299 48
238 30
197 231
242 88
329 160
157 26
296 87
339 188
318 0
48 17
204 246
226 48
177 295
256 334
221 298
48 12
13 331
3 55
103 281
106 213
175 42
109 135
206 59
50 68
280 118
145 41
341 323
230 25
293 91
331 343
61 313
145 15
45 96
254 60
54 221
102 17
282 237
7 160
300 122
5 115
329 195
276 38
71 33
55 162
55 32
154 250
28 25
214 192
267 265
13 113
37 224
321 85
2 76
264 163
138 189
108 247
328 19
279 22
124 130
57 335
177 321
32 313
37 42
83 195
309 124
207 145
147 28
110 230
262 196
284 322
37 270
310 17
319 261
17 284
14 243
158 92
259 173
150 325
76 127
99 245
339 257
208 303
156 109
209 75
281 160
61 8
83 91
192 38
274 125
316 34
136 43
24 197
271 36
257 224
52 34
172 229
61 74
27 261
118 104
138 106
279 162
230 34
258 17
147 280
62 285
288 342
229 235
32 246
209 180
216 25
268 338
54 198
142 19
271 289
132 47
232 137
0 117
27 333
172 306
122 224
122 177
98 152
111 202
43 243
151 275
270 277
180 5
278 190
16 96
303 341
24 214
24 306
267 318
23 309
73 323
25 7
155 160
87 38
300 111
288 295
194 333
196 96
243 144
95 256
77 65
308 257
69 75
73 330
338 279
65 72
160 232
39 237
52 316
285 121
46 86
192 250
91 329
46 318
93 132
113 195
32 57
241 75
107 271
229 198
7 29
137 301
2 133
88 40
255 120
1 96
197 74
297 204
160 106
48 285
54 283
224 115
10 229
131 10
245 316
78 242
189 140
250 66
33 308
30 159
325 41
43 80
255 317
191 295
94 99
68 159
187 184
47 69
150 159
204 21
234 16
240 292
140 301
229 269
339 111
270 46
147 220
256 208
236 156
108 12
25 42
297 197
32 300
23 326
114 197
88 255
200 166
114 237
193 232
331 282
48 16
131 266
233 18
142 0
232 194
101 219
33 128
299 302
225 332
259 214
84 261
153 164
217 120
77 278
61 203
10 184
228 324
258 44
193 54
208 312
331 195
328 248
183 131
192 55
129 133
167 92
166 262
48 276
132 34
255 115
171 40
173 180
196 67
23 29
23 9
286 239
59 109
294 343
38 12
126 114
192 322
153 222
173 339
271 250
275 122
249 285
297 270
303 46
149 139
164 274
138 100
147 291
236 183
107 42
124 284
28 189
230 320
83 240
195 221
26 172
188 222
142 12
184 70
175 207
48 168
314 159
71 209
139 117
296 265
328 210
223 304
29 322
186 204
41 210
296 240
33 205
168 239
16 53
104 78
37 179
269 201
297 220
126 78
144 12
125 294
151 186
41 90
267 235
157 227
270 331
317 215
130 55
106 255
142 22
80 335
291 85
126 70
182 118
296 56
172 147
82 315
71 19
324 91
280 195
20 170
80 172
124 293
291 147
2 203
63 327
147 213
63 38
281 64
49 175
180 8
70 236
119 22
31 149
311 156
307 73
109 95
161 289
103 231
141 222
84 22
268 207
18 130
210 135
111 81
98 116
215 181
200 258
129 297
167 120
318 153
45 242
343 243
98 272
221 98
207 134
333 312
120 59
106 136
72 172
285 143
36 117
275 257
251 51
268 157
192 33
194 337
271 84
293 326
19 322
136 169
137 74
11 113
199 203
97 319
35 303
186 212
72 140
313 111
80 5
145 127
295 329
189 26
138 83
227 68
282 97
234 106
53 174
8 285
63 206
171 25
93 15
275 18
157 167
270 66
135 12
109 209
85 338
63 263
12 193
323 0
25 343
173 264
193 24
284 276
94 224
36 319
19 105
0 111
270 259
313 44
136 338
22 175
301 294
338 321
328 204
58 33
18 110
191 155
269 15
174 160
342 99
238 256
118 194
107 111
14 190
220 242
133 66
299 138
154 278
275 319
187 22
109 12
104 64
0 328
87 220
189 329
110 317
273 161
301 128
217 219
219 35
255 295
195 19
292 294
165 69
267 128
258 280
64 281
131 225
195 304
259 285
221 109
17 334
34 182
261 107
113 325
290 146
291 42
17 211
308 131
94 155
238 307
260 247
337 31
268 60
94 232
18 223
300 211
67 283
19 30
185 248
119 326
113 281
228 105
312 53
165 237
135 185
117 153
64 319
63 105
333 157
69 218
116 204
305 135
259 24
256 139
123 250
334 331
226 256
104 45
161 0
174 61
145 149
274 288
326 35
302 232
129 306
326 250
133 57
87 157
309 79
342 282
90 305
271 188
22 148
58 241
281 201
73 122
259 333
308 275
291 245
233 27
228 331
187 332
248 286
200 76
184 281
24 56
331 234
36 220
206 125
292 337
14 34
194 146
70 202
20 172
109 19
75 112
292 208
165 104
42 261
251 68
261 142
321 233
297 313
337 27
83 181
333 30
94 141
98 258
219 11
330 317
324 141
219 24
9 330
163 44
27 258
251 121
132 329
335 19
203 168
82 240
149 270
68 271
294 77
277 308
225 9
202 130
244 114
91 87
223 326
73 107
308 90
46 136
146 145
68 80
286 248
260 215
22 106
161 263
37 136
78 36
28 27
68 22
10 106
280 32
197 141
315 222
121 337
42 33
223 165
174 58
163 21
158 153
208 207
218 80
53 141
303 95
71 134
136 289
264 229
23 151
207 157
201 142
276 97
251 293
259 197
132 263
218 274
113 264
98 178
277 31
19 155
258 173
304 292
91 167
183 152
288 150
74 31
159 156
242 260
262 213
326 245
33 302
277 289
336 338
153 336
327 146
207 279
139 340
60 267
337 199
75 114
172 15
316 138
33 39
184 329
84 174
164 276
93 50
330 259
29 95
277 310
52 290
103 40
285 100
166 252
275 290
40 128
294 143
285 1
178 249
279 246
58 209
93 7
209 185
70 60
94 90
255 263
227 189
53 159
195 27
140 200
68 264
331 64
240 212
172 221
328 223
79 312
176 122
309 298
178 33
223 94
0 241
109 204
112 183
255 13
37 248
135 78
279 333
253 87
181 237
34 39
222 31
327 156
128 108
229 263
324 331
261 216
20 344
10 48
334 337
242 211
24 225
19 340
248 147
65 94
222 329
158 342
189 321
115 111
222 125
159 165
319 148
158 216
254 18
83 157
67 89
183 69
101 265
302 216
31 180
244 190
336 58
144 237
244 53
12 59
276 279
260 16
135 303
251 62
18 96
282 33
74 158
338 333
179 85
298 106
65 258
128 18
96 314
70 16
68 289
316 270
189 173
109 106
123 43
300 74
15 282
134 307
236 10
260 200
243 188
261 231
114 181
17 125
115 36
218 312
162 239
296 326
262 250
2 318
153 173
201 230
211 115
329 81
121 176
7 259
80 281
29 208
275 109
304 123
198 166
140 55
298 20
236 179
89 125
175 4
57 129
156 70
128 34
37 279
64 157
223 313
170 37
130 252
75 34
14 66
39 300
50 176
204 252
269 241
89 269
238 55
23 243
182 113
249 342
302 129
18 280
163 279
1 203
277 184
321 171
239 304
288 164
202 271
284 244
138 82
131 146
182 311
148 229
12 252
194 96
239 133
337 76
158 25
7 256
243 219
26 295
63 312
241 211
20 57
328 214
154 125
116 143
296 237
169 191
312 210
17 30
79 160
143 80
315 164
137 298
325 87
22 61
298 255
245 122
91 316
1 177
47 321
37 96
320 268
175 245
120 185
254 301
132 105
184 137
277 97
296 273
48 245
74 148
327 232
71 191
49 82
171 315
235 70
344 47
189 219
8 50
265 303
40 166
330 59
141 40
161 214
41 93
310 204
184 309
203 315
268 113
71 101
267 45
72 64
180 262
336 222
326 175
159 327
200 154
342 5
224 57
4 338
14 336
129 194
318 166
206 309
17 307
320 32
169 324
272 86
280 224
43 253
339 161
27 316
264 44
262 297
47 159
182 190
93 253
74 107
206 68
40 336
179 220
172 129
59 42
150 303
107 144
135 231
19 117
80 121
257 285
120 132
183 322
75 26
29 46
185 118
306 186
165 186
301 216
295 31
239 49
277 158
227 343
121 47
114 56
19 216
324 7
54 266
53 154
112 177
269 90
199 238
264 337
85 266
60 210
41 173
65 341
185 70
62 115
19 164
206 112
297 199
55 59
182 332
315 83
291 283
188 98
84 216
252 88
217 61
264 39
81 210
34 37
213 59
280 225
163 63
95 264
136 104
167 11
70 195
31 71
89 77
184 6
13 2
69 147
202 66
49 204
308 253
150 174
305 274
316 111
160 267
77 273
75 239
65 117
226 272
47 154
267 339
66 139
314 95
285 213
27 214
324 286
96 27
199 265
60 287
213 276
284 153
269 177
273 149
65 86
200 206
125 179
313 268
207 150
277 253
117 202
273 151
45 103
317 315
191 275
264 273
182 134
336 72
303 166
160 178
72 92
255 288
176 229
246 32
83 233
262 243
26 81
220 156
64 108
190 212
321 217
261 246
183 57
39 305
319 283
145 3
181 82
108 260
317 264
153 88
27 195
329 79
106 11
15 54
141 174
246 279
16 194
310 97
208 337
124 299
22 337
293 112
113 261
97 227
323 245
159 267
117 115
70 172
47 108
148 46
235 114
128 207
213 178
306 114
66 317
62 106
17 255
291 313
139 24
186 80
258 127
70 299
63 279
251 253
242 258
227 293
1 315
265 285
94 31
159 214
209 222
148 180
215 237
243 39
327 27
234 328
245 207
220 47
322 237
17 100
304 11
243 52
91 173
238 61
149 122
184 298
171 52
123 290
2 4
320 240
136 75
187 144
7 189
57 41
25 217
135 207
242 143
235 133
113 5
243 104
227 146
15 322
25 69
193 15
117 12
81 25
220 23
289 126
160 168
85 267
131 244
332 252
140 6
271 137
287 334
6 50
94 192
301 284
33 112
47 75
118 312
215 190
328 64
32 191
319 164
99 114
123 329
249 176
0 158
185 299
174 230
308 225
89 19
190 63
68 140
307 125
299 293
8 41
247 182
315 137
162 307
273 180
55 341
222 205
147 275
43 133
149 224
321 206
304 310
89 41
261 157
332 65
44 97
220 203
109 263
202 50
90 146
75 71
144 109
266 66
28 204
157 319
301 279
178 169
182 319
238 118
166 94
151 317
108 153
254 46
20 265
90 84
26 175
198 95
131 76
314 140
195 282
139 76
24 44
35 16
128 110
269 307
175 325
226 45
183 199
329 41
316 250
97 47
113 225
93 102
148 117
5 324
185 90
178 298
308 296
337 105
159 35
237 19
10 295
7 10
67 200
236 263
234 164
33 117
124 220
208 271
310 340
1 231
29 13
331 212
169 49
251 97
313 17
137 49
73 75
144 52
167 211
81 139
251 162
211 332
89 3
210 82
36 142
343 116
160 136
290 67
13 67
185 240
311 256
330 176
228 30
63 1
192 257
54 170
209 102
284 245
39 133
300 140
141 255
79 327
190 133
152 302
61 293
90 248
194 267
302 335
332 109
26 287
151 89
207 292
322 328
329 84
267 260
342 245
256 30
256 267
127 87
121 301
274 230
248 309
92 191
338 327
321 249
104 119
113 21
233 0
310 311
11 207
210 224
44 202
250 51
320 109
284 308
275 134
11 223
148 279
330 236
273 18
197 90
262 81
305 44
220 29
43 51
314 242
319 43
327 3
148 324
331 10
341 142
193 241
11 65
307 149
257 217
274 84
223 172
205 182
327 298
115 175
178 102
237 171
98 0
216 310
317 80
162 68
222 268
254 318
198 52
124 286
172 220
144 4
100 21
174 10
242 274
278 72
32 223
89 91
213 105
281 185
1 178
114 311
146 123
63 140
77 293
284 268
175 286
71 239
305 270
246 11
37 212
151 142
335 79
144 245
285 77
66 94
58 256
58 18
29 120
224 205
254 164
192 42
239 132
21 305
128 327
247 300
183 259
77 62
21 67
231 12
321 344
174 227
42 283
5 292
241 139
207 219
171 213
292 49
114 249
237 274
150 212
157 304
154 24
221 170
48 315
186 61
227 37
120 160
146 132
114 223
341 325
56 44
44 226
66 175
300 12
21 333
186 168
126 98
211 24
215 248
320 202
102 162
272 124
318 23
130 75
266 332
140 80
48 223
31 133
156 229
107 4
79 141
140 304
342 299
281 316
262 129
55 206
339 334
339 52
241 151
252 186
122 339
141 46
108 161
0 337
341 89
148 179
290 40
39 251
122 170
64 328
304 195
269 23
178 153
188 7
231 5
275 202
168 42
228 76
113 74
25 190
324 67
244 185
111 343
207 183
19 37
271 248
113 283
180 129
259 200
334 285
292 141
186 272
208 332
14 27
57 125
272 183
327 180
97 91
265 213
72 284
250 343
187 266
184 269
297 98
124 286
285 72
82 28
246 192
15 260
220 320
288 147
60 172
229 158
263 149
26 237
89 179
138 178
2 322
103 299
75 129
142 16
201 225
44 4
319 307
167 194
184 110
184 128
304 102
180 233
241 171
67 34
4 316
11 9
270 87
139 67
5 242
194 49
247 169
258 316
18 97
328 164
244 167
195 203
269 30
91 165
103 60
200 9
31 113
19 301
102 60
271 107
302 120
59 106
191 317
77 112
317 60
276 216
227 28
321 53
58 315
121 63
30 223
73 309
336 92
167 94
152 340
103 11
116 162
118 307
37 97
321 256
60 253
29 287
281 5
243 242
222 19
305 155
144 33
119 37
27 188
131 81
184 137
340 300
201 113
164 140
112 141
51 172
296 80
17 134
333 260
278 210
181 239
20 325
174 41
264 104
230 298
185 69
90 180
271 291
195 337
334 210
35 40
37 331
23 301
23 258
216 301
123 299
195 46
181 272
87 101
31 317
54 118
288 46
201 214
337 298
109 326
163 144
269 103
131 194
59 154
107 178
12 230
34 208
178 118
37 266
219 315
140 175
88 331
221 191
200 115
145 309
344 210
11 170
215 142
19 177
198 126
257 112
258 291
320 92
64 259
260 185
229 55
15 220
41 138
66 144
254 113
10 155
226 21
325 343
65 344
175 165
125 87
278 285
281 155
32 247
317 292
88 201
250 103
323 193
144 45
239 53
60 152
208 188
75 188
187 141
89 17
208 116
7 43
56 190
199 89
92 171
283 180
274 90
186 253
186 330
200 327
285 260
134 50
6 210
140 193
253 229
112 18
0 21
62 56
211 163
47 304
236 233
41 165
225 227
320 66
114 175
296 54
338 332
104 344
197 146
94 7
30 206
26 277
228 335
236 94
153 185
300 44
73 342
209 201
224 87
169 241
262 120
295 157
108 302
58 207
5 152
117 36
14 143
215 144
133 8
140 188
194 96
232 169
93 343
25 219
85 195
115 250
315 313
309 325
172 23
188 177
175 305
115 91
5 331
235 40
339 31
228 90
29 17
260 24
15 285
243 3
135 261
253 8
131 217
333 303
142 78
37 318
285 153
311 290
41 104
232 282
37 115
28 66
34 190
90 50
130 235
300 168
53 208
78 184
327 66
44 27
47 82
247 332
137 213
278 178
317 165
17 9
183 292
322 217
137 314
169 170
205 124
338 160
234 71
247 119
39 291
146 86
275 295
74 67
163 254
147 38
321 165
294 61
112 272
279 152
241 5
322 3
32 315
66 168
288 313
189 229
161 335
316 92
187 292
159 6
201 307
291 177
29 240
239 43
69 75
195 213
327 172
118 261
44 184
85 234
152 274
119 314
167 337
308 9
284 122
262 42
331 208
121 15
104 262
306 173
239 156
41 222
329 160
40 275
246 125
165 54
302 284
270 124
276 233
35 117
257 298
159 146
161 280
161 167
100 122
243 339
181 284
118 165
1 159
95 248
284 162
204 143
101 31
267 279
166 205
51 78
158 112
224 221
295 288
44 50
312 287
44 148
128 163
215 130
224 213
280 65
30 41
209 34
72 131
313 238
336 20
218 51
132 98
273 82
288 219
132 255
161 79
306 191
144 78
223 23
291 158
88 224
199 297
258 173
331 226
66 224
246 285
276 281
285 106
18 130
325 53
287 43
34 248
234 178
327 113
201 175
173 191
54 28
144 312
103 130
194 170
256 342
12 187
278 297
293 199
82 273
154 24
218 188
175 108
21 59
123 124
234 296
315 191
226 16
158 330
146 254
155 305
252 69
147 87
21 343
188 5
173 342
276 47
185 8
155 108
67 278
232 204
131 105
297 13
121 110
343 170
267 55
130 76
124 179
163 47
177 7
299 253
251 230
300 339
141 12
102 110
192 237
314 323
342 266
238 20
279 138
190 103
193 320
179 219
57 244
266 234
153 220
44 60
8 344
54 149
258 58
259 105
295 131
331 194
299 126
215 135
265 60
238 15
283 319
235 242
219 58
131 27
181 176
334 189
77 290
240 336
4 56
343 201
89 231
51 291
13 168
81 278
228 222
293 68
196 85
310 317
144 344
247 325
77 138
71 56
84 311
294 335
269 293
191 14
81 242
305 94
65 288
274 196
165 125
166 264
210 34
138 256
280 40
236 12
179 307
315 263
175 265
155 2
213 1
16 196
146 223
291 113
68 122
211 136
149 33
55 262
314 193
173 249
136 312
163 315
176 133
135 7
53 290
256 168
193 174
20 339
52 213
108 22
237 221
158 42
156 213
304 125
309 132
29 2
99 94
317 276
228 9
185 183
201 96
7 49
172 27
291 224
142 301
148 34
177 307
76 334
77 282
16 288
70 46
290 71
42 164
249 270
173 336
109 276
334 18
228 161
292 174
287 89
130 91
123 209
53 102
198 130
39 215
74 11
163 19
83 107
86 332
280 161
226 44
93 215
309 321
32 256
52 319
0 84
65 25
293 118
29 49
151 69
166 127
327 231
48 65
338 134
300 273
296 181
219 291
51 183
169 330
94 221
305 341
207 25
269 155
46 298
106 99
269 272
226 252
60 176
219 54
213 76
229 164
257 104
12 211
287 181
98 284
304 58
182 166
331 106
223 279
60 330
33 329
159 161
138 122
239 13
176 107
89 60
66 185
17 256
21 115
195 227
174 32
48 62
41 174
341 101
61 29
332 220
92 126
244 331
41 75
94 130
38 169
281 104
10 298
15 278
69 112
161 145
47 209
207 88
38 105
91 99
36 78
222 128
106 121
16 147
99 12
180 39
182 18
143 192
317 61
125 288
75 286
335 122
53 197
210 338
302 203
93 338
282 217
23 290
240 286
340 339
299 77
33 38
95 79
230 67
42 257
257 117
101 247
142 154
1 254
147 205
113 142
100 297
14 123
242 255
65 139
151 266
216 87
304 312
166 91
281 110
3 194
227 6
96 24
160 0
181 210
205 294
254 306
246 171
331 45
328 51
185 134
219 56
221 178
270 289
171 207
54 77
56 184
83 54
110 244
54 291
11 162
240 265
123 43
338 109
89 321
63 274
111 282
232 234
18 158
81 91
267 135
168 323
221 252
279 332
53 236
180 64
53 76
231 176
21 225
187 12
201 250
188 214
90 76
6 10
136 87
101 58
124 270
283 248
177 217
235 230
10 70
196 63
48 82
141 70
209 329
82 313
136 173
182 128
249 90
138 40
79 240
0 204
67 283
107 244
31 68
216 227
33 265
211 77
237 76
308 221
291 99
49 128
130 200
121 268
142 200
65 142
306 132
80 315
278 40
214 211
108 86
340 43
253 207
120 145
185 330
268 131
161 117
75 282
40 218
40 8
262 1
42 343
317 321
285 186
89 295
174 85
338 329
194 16
129 34
1 300
67 333
175 130
7 152
315 295
25 10
303 288
258 0
188 230
223 30
319 313
325 50
300 318
35 149
236 66
183 140
21 152
30 98
184 38
251 154
333 178
66 291
121 325
193 211
112 319
241 333
189 221
39 144
97 74
293 235
140 33
30 64
185 61
162 271
99 315
81 87
149 49
280 172
276 30
286 44
4 84
32 193
208 318
337 305
47 285
97 90
318 128
154 60
189 218
332 288
91 315
277 240
266 114
314 198
144 157
144 51
242 78
146 105
52 41
312 99
326 64
91 202
192 147
164 283
21 53
226 14
270 60
156 192
174 125
292 221
283 338
174 180
71 320
187 123
16 154
125 245
120 118
4 215
266 70
153 189
124 35
203 296
342 14
143 74
41 337
295 324
330 124
61 304
1 150
329 18
206 11
165 327
130 169
197 51
239 5
287 0
217 285
14 262
14 55
255 211
282 142
237 245
101 238
51 333
158 257
344 225
141 129
296 338
82 191
246 224
13 188
224 230
30 140
50 291
196 207
157 35
4 296
280 8
190 233
341 250
48 340
131 189
27 329
85 109
175 331
334 91
174 115
321 107
256 273
53 9
135 211
44 140
162 226
50 254
17 46
62 65
288 95
156 217
79 241
229 157
129 120
248 206
235 126
313 146
55 21
155 190
134 101
232 199
328 282
10 247
230 319
214 76
69 25
195 51
169 79
110 298
199 13
61 90
41 29
138 343
298 196
91 87
297 323
188 182
163 199
84 295
173 298
273 145
226 124
196 50
203 306
250 305
221 312
297 164
243 337
163 196
188 254
186 43
134 29
225 199
130 212
150 206
67 325
6 293
245 210
312 53
72 90
267 24
254 165
16 319
264 107
130 105
150 265
36 30
119 69
144 171
275 212
152 183
62 158
189 308
270 58
263 342
50 185
21 206
5 285
181 171
47 213
178 197
133 117
129 155
186 274
228 18
43 282
103 105
96 194
315 268
154 233
266 204
73 287
312 326
129 50
54 176
264 233
275 52
5 60
109 93
236 338
111 279
177 116
286 175
310 257
99 119
47 20
225 23
209 192
251 339
243 305
72 162
193 3
116 100
310 226
193 201
121 206
37 298
322 323
129 287
235 228
308 283
150 188
306 14
36 212
8 279
74 81
331 114
270 296
242 21
54 265
227 91
121 107
69 250
49 207
35 13
47 87
201 255
101 139
24 12
320 98
340 318
268 326
88 96
179 232
117 233
153 246
324 274
8 295
81 305
157 18
318 106
105 76
16 108
118 40
120 93
41 115
67 309
343 57
307 177
289 79
228 291
273 236
144 256
196 301
274 71
310 281
50 326
45 168
269 165
163 310
183 230
176 83
189 139
261 134
120 228
133 3
77 309
142 221
220 240
79 52
312 44
333 264
273 33
334 197
101 152
64 186
285 240
269 129
281 87
263 304
218 299
209 295
165 253
171 40
149 152
339 18
197 328
282 27
263 173
224 266
325 190
107 265
332 279
50 269
21 215
130 141
71 339
91 236
248 164
179 299
317 173
317 71
98 75
329 224
341 211
69 6
132 56
187 84
227 208
299 12
252 26
254 343
262 157
65 96
13 37
270 330
10 328
43 108
305 27
332 204
140 56
210 272
14 52
258 242
162 213
254 69
141 163
315 305
222 35
304 235
319 131
122 329
114 165
92 75
94 326
279 137
37 46
64 51
0 323
195 64
93 105
134 234
170 6
194 48
288 55
185 262
186 210
246 301
278 274
221 114
66 160
160 32
113 62
10 309
126 5
316 162
168 238
91 111
293 179
275 135
44 176
338 321
318 271
250 96
40 316
158 102
4 272
164 261
138 290
169 11
10 310
152 178
105 146
192 54
325 122
189 24
201 182
247 76
10 153
173 50
26 331
54 277
160 218
96 298
65 265
309 75
132 19
156 238
165 250
194 47
27 285
71 130
24 318
207 34
28 35
331 302
268 40
234 84
160 330
284 127
152 151
105 187
72 261
80 237
68 176
284 95
116 257
128 140
132 335
174 161
272 160
118 195
102 254
181 262
142 121
44 294
174 149
38 246
312 118
40 35
294 324
33 65
138 161
107 270
53 281
86 325
343 106
77 100
16 259
264 158
282 309
9 111
113 48
12 328
68 52
18 265
278 51
232 71
212 340
243 167
276 330
147 177
338 225
179 9
41 99
69 323
63 79
89 78
29 3
61 97
55 80
17 235
33 250
306 148
245 106
315 78
338 20
157 332
245 337
243 188
91 313
166 154
294 157
134 323
160 196
75 117
178 340
7 113
245 215
261 47
321 134
27 315
154 185
204 301
177 102
144 268
317 310
324 266
24 113
211 222
203 291
119 112
60 19
229 223
313 107
12 340
324 166
180 183
122 259
286 266
84 258
133 63
82 59
79 228
145 192
7 3
139 126
17 101
47 246
226 15
9 239
258 333
307 93
74 332
255 15
155 339
175 191
305 159
250 39
290 51
133 199
301 174
326 319
122 59
193 33
298 106
269 162
101 343
149 11
260 305
253 337
151 213
152 56
154 344
9 287
198 311
117 81
187 294
8 107
245 208
115 71
26 216
316 77
130 231
37 38
125 90
153 179
49 307
178 58
249 32
271 268
113 15
120 27
227 30
36 29
239 151
2 167
23 318
146 55
204 86
340 329
176 148
164 225
186 261
276 14
185 292
30 207
221 159
237 258
90 33
64 92
200 334
65 249
44 269
335 39
155 166
89 221
294 199
121 37
116 299
51 203
148 328
44 204
283 134
238 249
226 340
239 291
244 185
117 234
127 273
56 216
51 252
318 172
289 336
29 242
96 177
128 161
202 172
20 42
307 160
194 188
156 335
37 55
175 154
290 204
329 248
323 36
57 296
110 248
287 139
145 285
317 175
101 76
3 23
21 212
184 215
302 242
205 339
297 35
149 144
142 133
47 120
71 104
71 182
254 260
321 302
200 195
132 203
272 37
128 293
249 214
163 109
111 270
103 311
305 154
110 4
190 60
124 261
66 97
0 321
12 322
278 114
74 312
219 1
5 3
196 156
217 261
265 231
186 271
197 49
80 209
53 172
269 178
336 238
275 336
214 190
215 49
304 290
16 179
193 21
84 292
80 203
208 0
89 297
271 188
53 301
328 224
36 319
117 312
311 331
59 83
282 265
275 299
1 124
320 85
318 55
191 83
303 280
35 131
26 283
287 326
142 271
205 178
245 225
47 113
113 106
274 127
5 275
153 227
263 28
185 109
112 143
291 49
176 317
333 119
298 32
45 61
210 192
286 160
306 54
266 60
105 97
89 12
28 145
240 193
173 80
302 285
125 248
335 301
123 225
257 269
39 24
117 227
184 325
282 8
287 289
105 278
302 35
78 99
228 154
179 185
94 206
336 331
64 114
113 289
339 272
213 34
297 232
163 38
212 100
46 56
292 54
335 151
89 315
250 318
124 331
60 121
192 51
9 158
67 123
102 62
297 218
343 151
105 161
190 220
164 138
276 111
192 168
164 282
139 69
157 263
55 217
286 149
171 296
209 238
321 214
202 273
87 200
80 192
264 270
67 83
63 344
96 158
69 162
95 208
231 252
29 188
26 315
337 197
266 103
338 242
317 195
171 59
298 153
252 217
78 221
202 43
122 200
201 192
264 198
55 150
7 84
338 34
55 232
133 223
237 126
121 210
322 194
269 177
2 78
296 327
300 55
272 77
157 31
171 76
229 227
226 139
213 121
173 268
255 306
49 147
335 170
259 312
266 184
46 268
164 342
250 119
52 79
99 209
110 270
187 242
54 315
36 268
338 111
93 248
72 142
297 62
214 212
276 135
298 224
58 19
221 210
139 175
290 140
286 302
312 128
199 22
98 235
192 91
1 285
241 321
330 96
285 199
210 119
335 163
343 295
84 122
63 223
297 8
265 141
212 135
269 67
157 270
204 251
263 206
93 62
84 78
158 271
278 23
45 170
88 291
22 172
68 85
298 267
340 120
63 208
255 235
275 314
160 134
220 325
242 314
42 326
294 102
155 129
125 200
299 115
48 224
190 18
309 45
286 305
165 251
141 0
292 203
36 70
86 279
286 128
162 235
231 317
20 258
75 221
276 123
100 23
142 65
68 330
272 135
236 342
113 280
342 308
138 33
33 224
214 319
255 32
209 43
251 131
203 326
8 134
105 10
157 149
322 127
134 249
263 272
148 31
207 145
339 248
81 274
29 197
248 284
229 15
229 38
48 88
19 303
222 124
314 282
175 291
64 309
98 327
237 246
261 1
249 30
87 279
129 237
120 261
154 5
299 203
93 318
161 217
0 130
154 175
324 121
42 77
5 181
323 266
182 272
326 87
204 68
21 334
207 43
250 17
48 204
220 141
79 283
261 79
69 317
157 295
93 199
27 99
35 252
267 217
180 248
206 286
218 227
177 81
271 329
98 221
90 220
265 170
158 181
249 129
153 61
79 247
162 8
248 197
261 72
317 343
223 178
284 96
308 19
79 136
3 79
12 94
201 277
264 15
113 70
46 169
34 28
318 196
36 221
49 297
195 21
197 73
199 137
58 53
298 61
133 213
155 236
145 74
251 161
47 200
330 81
228 303
277 264
81 228
119 276
249 316
252 6
10 324
70 68
32 271
130 67
139 187
304 186
262 112
2 211
312 234
292 97
94 224
17 175
10 38
9 259
9 261
167 20
240 140
335 174
66 120
242 107
308 103
293 127
117 198
338 85
334 187
182 84
313 101
161 323
139 170
140 51
86 209
71 228
4 308
305 70
84 104
79 294
207 28
323 324
128 218
311 117
307 51
103 275
254 194
90 296
147 79
209 165
83 169
137 167
175 217
18 37
147 243
264 177
18 132
294 325
183 53
256 140
220 67
236 310
18 38
291 178
158 58
343 241
227 38
311 58
255 329
342 304
130 163
136 148
296 332
129 36
40 287
78 162
9 314
30 27
7 321
107 165
34 8
62 164
46 28
124 203
259 23
162 44
89 200
95 40
187 224
323 130
68 57
292 77
273 322
6 281
3 137
23 65
301 316
340 327
174 157
253 238
103 342
340 198
284 183
324 164
215 47
123 162
26 52
42 32
333 243
48 336
35 71
304 239
290 201
123 119
260 31
260 19
275 255
119 214
340 99
34 210
48 59
275 75
111 317
9 1
215 57
240 250
31 199
46 321
302 170
342 218
103 159
139 34
317 258
248 312
259 184
80 210
244 10
285 10
327 196
12 197
254 252
4 187
8 298
65 212
123 309
332 226
124 126
260 343
287 66
310 103
152 292
313 298
302 155
211 186
7 125
38 163
279 290
5 287
243 317
56 268
281 44
51 307
72 214
305 14
182 173
20 334
120 333
288 325
144 56
166 151
181 107
314 115
52 221
304 197
193 15
22 31
306 320
339 281
189 201
295 26
29 315
263 52
206 108
32 5
164 198
58 0
17 259
248 321
13 343
238 282
29 200
258 270
136 102
127 333
31 58
206 196
12 67
304 44
319 25
145 32
272 105
306 289
267 111
265 182
109 158
120 40
260 33
213 298
37 340
189 315
300 50
166 313
19 125
12 240
52 59
272 324
67 135
268 334
246 90
171 10
151 193
297 66
128 165
267 68
62 111
38 18
63 205
233 329
232 147
224 187
207 53
166 274
188 90
263 89
180 336
1 331
300 215
21 124
185 83
235 224
3 200
331 236
184 120
39 310
307 246
265 129
77 108
121 242
99 203
233 2
92 222
202 294
340 125
73 180
111 308
306 114
65 194
253 249
315 194
116 179
342 36
210 74
46 331
316 145
92 106
147 184
231 251
133 226
32 206
61 45
71 270
61 136
287 336
65 305
171 62
341 36
38 42
270 256
265 236
201 151
44 236
32 323
97 340
23 70
265 85
108 287
301 297
278 22
331 253
43 25
197 313
183 286
232 103
79 335
254 123
226 286
102 225
184 27
197 104
112 305
46 69
257 325
338 169
331 324
324 276
251 176
244 337
117 33
95 196
23 5
221 151
193 225
278 32
253 130
39 267
337 332
214 231
320 103
113 299
34 266
32 181
258 149
214 9
247 140
261 26
291 11
251 127
291 61
257 232
329 250
219 124
56 336
11 279
94 26
135 128
292 168
309 206
219 81
117 24
221 280
50 69
291 203
98 237
265 11
124 151
163 246
275 121
237 188
55 233
214 191
263 64
14 228
270 135
211 289
159 334
224 209
305 72
68 59
212 235
317 336
41 135
139 316
158 278
62 214
166 276
307 85
340 223
215 167
13 81
13 173
317 237
284 277
212 254
238 79
144 210
70 87
247 112
306 61
45 23
177 212
299 139
297 197
17 69
266 277
150 280
105 24
74 292
203 286
201 97
20 248
307 338
335 112
105 296
173 150
319 252
264 176
46 118
275 310
187 196
242 239
131 250
263 108
197 24
49 300
121 70
105 330
310 96
97 70
294 270
122 269
177 289
2 125
62 277
337 152
30 235
293 64
42 212
172 141
236 221
96 259
193 202
244 60
200 342
130 149
169 155
320 249
1 322
276 63
156 269
117 89
159 66
153 103
180 325
244 318
103 242
99 131
259 201
30 292
6 200
4 228
6 5
108 282
315 264
206 88
8 267
56 63
25 236
43 269
209 49
167 343
150 168
31 64
272 62
258 278
164 262
63 170
267 171
107 140
91 314
228 1
138 284
65 164
77 10
335 188
306 59
186 111
130 217
176 57
181 336
237 0
254 300
170 78
127 180
218 120
149 3
23 287
189 88
8 266
1 344
109 307
305 197
74 90
70 152
49 251
143 286
252 299
144 324
33 271
159 153
293 210
157 316
55 248
307 63
170 308
309 181
172 270
34 246
262 6
300 312
257 99
253 66
53 52
293 333
225 107
142 75
318 299
47 275
202 256
338 274
121 205
13 293
130 294
97 294
300 52
261 114
151 72
124 31
95 252
40 237
229 260
93 276
190 198
89 86
29 210
291 42
159 323
336 158
272 193
210 189
210 17
261 293
26 287
226 121
96 266
261 326
182 9
159 27
207 249
113 237
114 59
181 175
37 75
333 310
268 101
56 35
20 317
328 46
259 209
167 11
131 83
337 313
340 151
242 202
302 11
341 319
317 178
149 257
253 40
124 78
43 180
114 63
152 97
109 313
209 178
324 242
164 218
112 159
272 9
263 229
267 260
203 142
93 255
54 248
197 178
326 240
260 95
303 67
95 314
35 304
147 262
135 215
27 62
126 291
292 296
206 150
93 201
307 49
104 159
129 85
54 44
83 259
111 178
228 48
39 31
310 142
244 101
259 174
65 40
120 259
238 228
312 331
84 274
35 90
89 164
77 143
208 160
305 221
240 188
270 181
121 235
225 21
238 139
195 206
82 217
120 320
100 87
209 86
17 244
78 8
311 155
218 13
200 113
202 125
295 323
262 175
246 58
217 343
264 201
117 286
176 119
205 293
187 185
203 55
341 256
33 214
270 233
229 29
260 179
254 178
257 58
138 31
303 304
232 76
245 310
195 274
253 303
124 342
143 327
141 332
157 313
221 42
342 136
123 153
216 282
211 256
313 72
215 102
148 116
68 245
292 321
105 72
220 151
301 272
192 97
161 252
65 37
294 309
76 319
20 194
257 133
106 127
205 321
230 255
92 200
58 40
176 163
14 51
216 217
225 311
217 41
218 282
326 69
149 304
43 169
153 202
302 161
330 65
138 117
320 132
317 33
74 50
99 88
3 315
208 228
281 80
171 56
264 54
125 68
13 71
273 344
230 160
64 23
277 286
156 151
222 132
201 321
221 204
193 84
334 32
66 63
88 330
117 116
54 131
187 95
102 17
94 332
178 158
258 12
2 316
164 224
103 267
102 226
127 197
212 18
229 278
81 220
264 199
336 318
232 80
68 334
97 65
223 177
125 136
92 127
107 158
253 211
80 10
92 109
110 305
128 339
238 111
116 59
310 9
32 99
89 3
335 89
315 214
168 95
5 260
223 15
320 33
128 303
291 122
67 56
82 97
297 223
209 69
184 76
78 119
176 70
122 166
61 339
35 229
89 288
47 214
303 269
248 333
227 194
110 295
152 95
294 104
318 60
173 157
137 154
178 215
126 300
283 89
294 221
220 286
164 267
155 24
192 305
12 321
56 122
173 208
217 123
313 92
183 43
152 222
99 330
92 225
188 31
314 39
252 190
325 318
14 38
244 108
245 256
85 302
280 258
165 55
283 35
49 24
79 201
246 178
89 241
306 179
174 177
218 328
269 101
203 186
41 102
196 286
260 183
243 195
344 311
152 282
1 202
208 80
305 110
161 49
253 24
228 82
201 4
312 28
105 170
214 48
272 312
151 135
284 150
101 92
334 102
196 198
85 156
210 246
206 20
172 336
4 275
340 316
303 2
141 74
50 315
42 287
59 95
77 343
147 178
337 136
182 188
236 267
0 3
70 108
23 242
99 27
245 33
344 288
108 297
258 52
141 317
49 218
218 196
298 210
234 135
301 28
58 301
31 128
311 302
273 65
231 101
36 211
75 46
163 334
98 206
208 49
79 81
245 32
194 135
167 150
65 127
8 96
158 319
300 86
286 187
89 251
319 125
117 49
172 182
285 172
43 51
222 24
132 24
56 326
61 125
33 126
155 41
125 313
15 80
301 302
267 45
110 143
72 227
95 146
311 282
221 256
333 98
280 121
24 238
4 86
265 285
114 75
326 239
43 244
320 246
103 144
291 115
288 19
244 285
67 210
222 288
121 211
288 303
234 313
196 140
301 18
80 70
94 309
310 39
110 187
286 115
331 134
230 176
55 129
116 123
66 17
107 10
222 243
225 320
38 181
338 119
251 87
330 118
29 95
305 315
210 194
104 342
25 62
126 44
185 22
285 251
286 294
192 290
138 230
126 33
251 280
23 138
269 0
110 275
342 37
337 25
81 177
47 268
331 333
119 51
53 311
342 93
99 25
127 252
305 52
46 261
104 181
177 275
84 287
205 328
324 100
9 308
179 303
231 165
194 253
119 247
219 116
243 220
43 272
128 4
324 76
265 83
159 344
260 145
286 22
129 167
122 40
130 302
245 264
24 94
172 45
342 293
63 142
169 107
69 199
111 48
275 278
33 336
277 293
137 120
315 168
287 340
110 73
199 10
337 125
105 66
171 4
14 234
146 183
341 215
37 9
165 214
189 198
108 23
48 245
45 265
315 333
260 80
308 16
90 202
142 97
268 215
101 282
104 149
23 3
266 307
259 86
79 6
284 187
29 234
334 75
155 206
310 70
286 273
334 278
32 131
31 300
1 34
139 7
86 64
257 7
27 172
94 8
178 280
195 109
170 86
292 51
297 233
68 258
319 1
115 222
283 157
221 44
31 150
216 27
158 296
308 255
61 35
341 147
15 288
199 214
78 327
58 49
143 32
50 160
157 333
317 289
12 96
333 291
148 107
318 307
58 183
218 116
306 23
5 310
336 148
244 288
309 56
277 183
0 191
181 236
137 330
343 111
194 56
294 215
78 70
331 0
205 195
270 210
137 275
175 30
326 75
318 192
33 152
277 281
344 16
172 38
1 72
51 97
30 1
312 108
318 201
10 178
298 280
44 90
113 121
22 341
98 242
90 132
50 22
315 296
38 142
334 286
116 41
285 146
289 253
255 262
11 265
95 309
103 41
301 118
65 323
114 65
122 204
197 172
226 167
25 167
211 15
10 327
303 296
129 247
204 286
66 215
108 63
179 211
105 135
329 72
15 0
204 237
212 333
306 237
57 75
252 67
57 112
18 88
14 222
276 327
339 40
46 75
153 151
112 40
125 29
40 262
167 147
56 34
135 18
173 192
93 328
161 52
95 180
141 110
304 72
92 201
14 40
276 168
191 291
110 218
320 150
136 142
297 192
78 334
112 252
83 205
137 245
160 232
327 301
244 286
275 239
142 192
279 321
262 28
267 27
246 242
177 284
287 32
34 267
21 48
174 105
254 213
252 316
101 234
272 247
77 104
141 220
198 76
98 115
6 20
142 252
164 320
94 106
254 30
29 275
78 105
282 234
221 189
205 322
325 34
224 58
139 268
180 239
344 278
10 252
200 152
61 266
29 155
28 283
185 304
116 166
311 53
55 187
145 261
66 125
295 291
183 336
214 265
231 115
198 241
22 300
295 330
222 325
141 152
165 228
13 281
49 324
335 105
69 37
268 135
162 218
328 248
210 99
70 343
214 269
239 138
126 189
124 3
71 167
155 139
297 168
75 2
50 312
9 119
4 277
156 69
52 140
219 164
239 289
162 11
115 56
149 242
148 175
147 121
244 205
260 197
275 238
199 325
107 110
1 112
289 158
83 243
200 302
63 341
148 225
7 264
184 59
63 234
234 210
257 134
70 173
233 1
313 334
228 75
99 132
89 290
192 172
188 47
31 153
34 51
1 120
12 64
9 148
176 266
282 247
341 170
150 309
61 280
287 160
67 31
7 259
106 98
208 137
251 252
219 187
205 122
307 217
186 218
20 265
42 205
167 38
277 219
250 339
154 192
56 124
125 64
38 231
64 247
271 315
56 145
60 261
268 22
35 11
143 302
178 185
125 342
121 30
238 178
124 196
302 250
162 242
38 226
144 309
99 102
12 159
18 182
83 300
193 226
258 274
176 192
123 298
124 16
33 151
213 335
303 277
232 341
159 279
306 258
36 318
319 302
155 57
159 250
284 319
81 252
199 258
211 126
339 146
179 109
136 137
288 270
133 102
106 341
262 45
216 236
2 273
294 161
81 135
38 162
42 237
75 44
214 188
72 110
334 251
121 27
43 65
200 78
69 306
322 332
6 193
125 255
24 321
319 105
111 12
169 56
249 245
2 20
335 74
131 325
227 154
254 172
121 109
152 191
71 129
80 324
225 205
235 249
84 209
256 97
123 80
153 27
227 155
294 120
131 327
2 260
137 256
87 258
21 240
6 339
271 86
318 151
194 110
302 278
319 213
30 97
196 184
26 325
241 223
100 275
205 102
190 342
261 278
158 282
75 164
178 1
251 53
55 100
164 12
128 310
40 226
51 313
206 293
191 209
125 52
213 315
296 129
150 109
313 225
176 146
129 329
102 184
331 266
98 266
208 128
231 248
9 283
217 118
133 310
327 258
17 97
130 314
227 281
325 195
161 58
244 192
42 1
278 28
267 32
196 130
160 83
281 72
268 55
190 303
20 74
118 38
171 248
184 136
151 248
195 297
95 139
298 29
70 122
308 266
154 25
251 90
344 174
47 189
34 68
165 152
8 239
303 164
96 44
300 247
292 52
199 290
221 262
176 86
183 331
111 90
323 111
166 26
202 103
94 270
255 4
66 115
168 162
160 123
312 9
176 68
201 270
123 324
89 201
65 174
187 79
166 68
92 333
94 196
338 90
121 150
94 89
266 262
154 328
287 121
337 20
91 96
192 116
75 281
318 43
111 62
122 277
130 214
167 126
65 160
216 89
213 212
178 134
31 234
117 319
10 11
241 4
9 89
120 85
25 93
128 38
58 152
21 40
217 333
103 88
324 316
203 60
7 234
294 26
110 207
37 254
211 294
343 233
34 270
327 64
309 287
216 182
32 139
124 249
29 129
338 9
100 98
69 9
332 18
35 0
254 338
269 154
227 205
79 111
269 290
53 42
29 85
181 56
185 230
121 188
328 92
197 217
111 233
119 238
110 28
134 34
84 16
239 164
29 65
11 82
107 288
69 190
344 306
302 184
93 79
274 323
171 29
164 217
325 274
246 114
308 232
32 104
51 61
169 310
45 178
253 114
23 252
323 325
338 71
306 170
50 35
199 246
219 18
20 101
194 266
117 157
154 149
163 107
112 234
319 157
67 227
174 90
36 152
70 277
4 273
314 203
76 90
123 97
192 317
265 211
31 321
263 194
331 30
83 305
90 52
90 166
142 28
220 114
305 98
48 211
274 17
69 252
10 192
251 104
66 74
315 97
50 233
193 283
166 178
146 158
230 236
324 27
166 199
44 29
199 92
240 30
12 310
59 91
126 28
165 96
125 118
232 221
303 300
54 104
113 187
242 339
214 64
95 160
93 294
253 235
227 265
102 67
189 162
60 217
92 128
313 119
148 102
340 106
57 297
113 72
139 10
66 255
321 161
71 316
13 226
207 240
146 309
209 237
28 171
109 120
201 324
240 4
82 137
13 41
89 126
114 228
38 82
41 262
244 112
135 257
338 342
54 41
180 139
336 289
260 193
268 57
197 252
96 112
196 186
140 212
316 81
294 12
245 95
26 35
7 266
280 308
209 144
128 44
185 120
333 100
215 159
59 314
313 156
82 66
244 124
278 117
205 130
225 58
43 135
227 323
0 91
24 129
136 209
151 26
212 21
87 173
237 303
231 319
24 130
1 205
237 280
214 19
240 257
154 122
137 57
116 161
186 154
272 239
82 41
162 170
215 54
30 101
276 301
232 277
161 37
138 300
219 254
320 114
68 31
237 205
88 8
268 176
162 196
70 244
237 232
316 9
189 248
111 120
205 245
52 268
184 92
249 199
172 317
132 311
178 221
221 3
52 38
101 25
185 241
159 58
250 3
307 263
123 69
163 77
239 249
72 118
307 321
219 135
293 7
101 28
130 323
279 182
263 35
109 5
276 269
311 84
272 175
2 298
244 68
277 138
317 4
159 280
227 280
317 78
189 320
106 319
298 287
59 119
323 168
124 156
92 90
142 267
167 47
122 66
17 54
107 334
306 168
171 188
103 45
266 293
21 275
267 319
217 228
340 97
52 120
156 144
112 298
313 280
247 90
248 264
145 257
156 8
80 229
275 20
34 296
295 203
172 69
87 168
69 139
288 225
185 302
80 154
139 230
244 43
149 291
300 305
201 36
190 53
122 22
320 156
14 145
241 101
313 212
142 158
339 328
18 75
39 157
207 185
200 11
132 58
219 333
341 311
288 118
333 165
176 208
337 190
8 136
194 224
3 336
284 343
319 204
320 13
17 182
199 119
95 233
79 314
123 75
182 314
193 170
134 24
280 127
117 191
263 311
70 168
302 256
166 179
116 43
94 35
225 195
154 321
330 136
192 11
211 30
325 307
102 16
233 38
45 5
131 308
218 103
34 78
14 200
159 32
244 253
67 26
6 124
249 336
162 344
2 28
29 229
335 33
246 126
318 291
131 104
157 252
207 191
293 144
58 94
299 28
121 305
54 272
199 216
271 201
244 202
333 137
138 234
263 13
82 296
118 239
203 227
332 90
253 281
234 312
277 91
298 49
228 152
265 56
256 66
259 244
203 52
35 121
65 117
73 85
259 178
215 246
269 123
84 60
337 17
151 332
317 7
283 200
159 105
257 317
172 73
216 277
27 153
301 339
271 276
327 185
109 197
333 280
222 73
341 117
90 49
6 62
56 290
165 118
297 324
90 26
52 209
304 326
17 260
320 288
93 302
30 104
56 266
40 181
339 36
298 84
85 304
48 44
151 115
162 104
94 252
130 48
116 336
276 36
153 252
226 246
111 257
6 168
178 46
251 74
329 204
60 69
65 108
113 217
126 177
223 122
85 255
171 103
247 102
139 55
256 21
204 23
180 210
93 260
158 344
334 142
105 49
113 170
59 129
289 185
306 167
308 293
78 36
52 325
138 93
282 297
114 141
320 294
253 315
111 313
216 100
149 126
48 209
157 338
296 20
62 259
314 140
295 268
22 336
16 207
190 33
250 67
229 61
37 341
29 253
96 289
131 148
317 81
259 129
74 210
51 137
27 20
179 322
190 202
215 109
311 60
142 216
127 26
277 66
269 209
221 268
153 254
71 125
336 330
156 65
97 207
104 124
130 284
4 320
43 121
84 256
127 211
57 307
180 326
73 56
249 128
213 222
253 204
207 311
173 276
331 303
117 335
181 62
112 265
296 2
309 8
211 144
334 284
103 141
314 316
18 222
175 128
188 248
335 264
81 223
222 198
214 58
162 228
226 37
326 177
40 290
87 153
337 76
340 95
119 309
313 40
89 45
168 277
293 60
98 30
283 223
130 54
183 293
282 64
330 263
143 272
111 230
81 103
209 76
198 230
40 166
270 129
113 93
309 61
55 309
91 339
187 222
72 233
337 57
53 136
330 164
268 313
169 34
44 22
265 331
90 190
18 105
186 229
167 241
193 160
137 36
284 88
62 11
223 301
316 178
339 301
245 263
171 69
199 117
339 119
212 23
92 53
252 259
196 3
74 236
39 261
226 3
272 104
206 243
282 201
101 84
21 272
154 220
291 148
340 297
134 109
320 128
162 130
42 260
35 19
151 321
280 279
324 109
38 185
8 223
288 11
307 309
186 18
185 132
68 82
84 105
191 307
233 255
339 178
170 29
99 224
5 281
60 231
45 99
318 300
224 262
312 88
226 153
9 313
285 77
50 272
182 143
53 228
249 126
257 3
5 164
284 65
50 231
66 23
187 192
285 154
183 69
37 51
269 88
323 9
231 212
80 285
342 231
136 318
320 322
285 25
208 254
296 50
3 138
106 186
207 217
280 245
269 107
333 247
116 121
17 98
308 261
329 276
73 22
151 295
344 339
223 207
150 174
258 153
312 266
242 175
139 79
75 63
186 310
212 204
333 229
302 199
48 188
130 121
210 184
71 209
80 294
319 230
123 232
285 338
55 182
168 194
262 145
159 5
12 27
112 0
158 316
101 206
229 272
318 301
39 53
152 13
283 178
147 223
171 202
308 241
299 127
288 113
34 300
42 146
118 304
309 278
93 96
107 66
52 48
21 106
61 206
284 110
331 110
313 196
253 169
323 196
184 13
151 227
159 256
330 277
215 196
112 210
292 122
178 246
170 199
307 194
244 293
305 114
145 115
283 25
312 123
38 20
252 100
276 139
279 48
237 294
160 87
318 338
235 143
94 145
277 56
340 79
252 202
193 299
317 34
324 284
59 265
20 40
7 201
89 146
150 151
233 123
145 26
169 141
171 3
100 166
82 7
23 276
306 243
310 187
84 24
107 291
237 29
332 146
231 323
292 36
129 83
62 176
109 231
220 280
136 320
4 219
327 274
52 190
172 17
279 257
288 42
203 82
71 190
228 302
70 77
241 200
160 205
278 269
338 153
107 129
128 111
250 12
40 302
104 213
319 39
27 164
328 230
246 54
323 31
259 48
109 57
150 171
164 331
343 157
139 105
188 170
118 94
84 158
51 189
130 202
92 113
88 241
69 313
272 230
263 283
287 316
110 106
302 108
165 343
115 9
168 233
5 155
293 56
246 124
329 31
326 324
46 316
220 17
284 49
248 105
235 92
76 247
101 280
257 266
278 27
177 4
260 182
159 110
141 60
234 125
338 216
104 286
187 226
303 29
276 108
134 166
201 210
315 204
145 227
27 325
254 205
329 71
289 45
181 85
7 71
211 247
189 217
90 31
99 49
60 277
59 194
0 260
306 315
119 8
334 8
254 220
79 100
186 77
233 299
325 77
73 70
11 172
21 71
6 81
168 6
243 129
223 265
138 75
314 29
330 125
151 64
225 319
227 66
299 17
267 181
342 341
251 8
70 175
326 77
158 149
330 56
181 209
321 221
186 192
250 172
317 303
138 198
180 267
166 134
285 336
315 184
332 123
192 57
200 173
36 13
225 22
70 61
133 293
282 221
43 89
48 15
294 89
115 129
11 184
165 198
175 135
37 64
161 131
121 16
207 158
30 87
82 2
50 215
197 234
91 142
323 42
60 272
33 175
304 291
261 124
145 338
162 84
57 323
216 179
241 78
239 271
165 223
175 215
340 275
104 333
72 329
277 132
158 310
210 117
257 126
144 304
22 306
43 79
186 259
160 82
337 301
256 59
179 333
176 76
263 280
65 238
166 342
25 325
210 137
344 24
166 45
328 188
253 273
267 94
188 83
177 82
286 335
323 318
197 242
156 164
135 322
64 62
204 274
200 106
200 21
151 85
111 60
13 33
56 201
18 233
186 305
125 328
328 104
1 261
247 38
239 213
2 0
44 202
106 244
125 160
329 138
220 244
172 276
67 189
52 192
74 282
296 277
20 199
194 169
139 335
284 142
335 328
246 344
129 274
159 15
67 281
259 239
114 262
234 83
106 188
178 180
126 129
15 48
231 111
119 272
69 338
288 316
337 72
245 53
87 312
334 1
109 6
264 245
89 272
88 267
108 214
299 123
164 87
234 185
14 237
243 84
230 88
302 125
62 104
178 149
318 70
53 329
323 219
229 67
146 318
335 254
89 191
279 254
278 70
94 292
307 240
31 95
328 235
220 46
339 300
97 313
272 52
199 250
271 84
318 73
57 210
229 146
56 164
302 236
136 299
183 99
194 117
194 79
7 316
27 249
173 27
119 101
79 318
253 6
57 128
326 16
240 112
163 198
276 22
89 68
321 273
69 72
292 165
152 299
136 81
105 211
108 224
214 90
100 123
343 59
153 324
76 49
91 141
247 270
163 239
240 42
167 211
31 266
315 69
250 323
280 13
104 150
103 204
175 101
264 328
327 340
38 182
246 201
323 43
243 145
161 285
181 33
256 86
11 191
2 116
243 7
109 141
57 338
38 238
82 300
160 227
100 316
142 163
158 324
197 69
312 110
261 216
128 159
224 6
135 333
49 94
332 198
313 310
315 50
265 33
278 21
4 75
86 163
301 185
134 171
112 266
332 247
156 284
243 40
274 230
140 144
195 12
97 116
45 30
39 297
115 211
311 151
284 164
104 326
145 216
150 35
20 306
221 263
248 150
50 43
196 246
56 293
17 3
225 303
300 135
83 317
1 296
124 285
17 228
168 65
1 318
2 268
182 223
88 85
275 138
31 126
39 334
75 303
337 202
337 247
265 338
198 291
180 118
174 4
183 77
0 61
310 88
49 142
227 80
268 266
69 245
127 61
103 43
256 95
290 177
336 46
25 171
164 102
77 249
179 302
238 180
265 203
170 314
0 52
49 170
221 118
71 3
82 76
293 338
171 239
72 64
187 98
236 253
200 215
157 281
74 297
18 340
155 189
309 57
143 261
129 266
281 102
269 18
178 120
259 252
14 331
316 201
331 207
109 88
325 168
25 54
120 43
296 177
134 163
136 278
79 265
199 15
23 26
281 103
146 195
10 62
83 327
165 70
91 176
158 71
344 85
126 21
129 324
100 263
142 138
305 298
139 328
324 322
334 27
74 344
89 157
326 254
129 73
85 288
275 74
254 59
54 256
225 196
49 323
320 9
178 114
240 59
91 229
86 165
228 77
224 112
331 9
87 318
199 133
206 129
110 115
91 164
26 218
262 75
85 277
253 227
238 246
111 227
313 241
304 193
8 193
166 303
131 28
334 143
143 80
307 72
200 224
49 299
19 134
231 272
16 26
174 29
253 142
271 213
237 181
61 341
179 227
201 212
157 191
10 203
173 317
275 29
98 324
328 19
16 116
292 279
142 23
309 51
67 137
166 305
318 227
203 152
11 60
19 169
153 29
27 228
248 204
159 249
183 142
160 117
283 205
42 247
256 110
286 77
317 259
206 77
314 217
39 235
288 192
167 315
323 70
174 137
221 260
182 145
164 201
104 207
5 15
339 191
108 102
170 77
320 210
214 165
304 36
136 282
107 212
75 230
29 159
30 293
156 97
51 163
304 57
178 80
250 75
271 13
79 96
208 207
122 168
243 160
105 252
27 82
138 304
241 70
154 300
167 205
118 28
262 198
108 168
175 281
83 255
280 76
113 143
283 235
213 83
50 319
336 325
303 31
284 200
101 93
57 171
298 175
199 118
275 210
188 106
48 271
263 328
2 31
29 187
267 242
173 219
118 66
199 77
97 138
179 198
133 236
271 334
66 126
107 243
238 295
4 286
123 169
172 28
201 103
117 25
247 290
244 21
11 1
0 10
139 179
111 273
70 37
164 38
163 271
281 303
123 188
147 148
12 319
176 115
324 294
42 226
141 189
149 55
190 149
65 329
159 202
214 323
240 279
151 79
140 176
267 287
325 181
163 58
199 142
7 241
270 51
85 322
106 275
28 73
162 259
250 223
116 21
104 259
202 157
334 162
284 216
343 102
274 197
146 184
235 328
296 243
259 324
316 323
238 123
201 257
144 207
171 2
20 164
246 9
326 186
225 226
190 56
326 337
240 322
311 130
207 262
28 121
143 247
1 284
25 203
196 72
312 22
321 332
88 222
243 69
63 25
197 254
82 178
148 322
57 16
108 265
180 38
288 323
285 290
262 213
50 15
285 17
37 261
252 125
138 150
96 104
78 196
260 160
276 310
137 236
326 147
58 161
88 248
41 275
193 206
143 145
221 83
65 259
246 219
286 287
24 285
46 102
38 208
164 314
173 204
107 154
6 165
217 341
69 258
272 164
119 70
212 243
56 277
59 302
151 247
146 77
89 192
82 127
55 246
344 130
105 106
284 14
272 156
10 243
317 282
62 338
255 274
236 311
108 295
170 161
198 317
239 287
164 321
317 122
124 316
252 132
324 94
146 153
152 156
51 26
341 16
20 251
192 158
217 301
11 42
117 209
14 258
53 81
136 272
105 261
243 259
48 223
255 96
31 63
154 330
89 150
1 11
303 95
72 77
51 83
22 71
194 283
231 149
19 23
77 26
186 320
286 136
232 34
161 288
19 153
341 267
66 299
17 138
32 316
123 301
42 317
239 175
122 161
198 199
187 39
76 30
77 177
31 309
113 192
253 132
247 249
301 216
105 318
256 39
191 35
340 135
7 137
311 129
298 164
230 42
106 307
320 183
41 6
50 154
100 205
188 3
109 144
121 116
19 32
156 211
67 53
248 75
190 214
106 143
34 239
88 42
103 63
127 144
69 177
200 71
37 290
74 48
336 97
165 257
130 321
123 197
29 27
174 220
143 183
265 79
77 8
121 180
71 249
226 42
114 21
273 90
69 166
188 234
78 220
112 104
72 44
33 149
166 176
332 86
256 311
95 32
48 68
183 176
13 167
159 127
90 334
119 159
155 209
296 233
84 310
337 59
9 25
208 175
202 97
262 15
63 259
294 111
229 133
287 242
202 3
271 292
337 46
106 49
255 304
184 242
270 177
301 181
104 164
12 208
261 176
125 226
337 75
337 221
208 181
21 65
86 292
259 325
240 267
29 151
227 115
295 54
194 251
235 299
317 149
64 233
114 219
265 8
96 30
91 117
342 177
311 256
157 207
178 88
260 60
203 210
16 53
116 252
254 88
303 220
223 284
65 239
60 232
149 156
262 240
175 259
319 44
72 33
121 166
213 226
278 230
181 296
39 337
286 342
213 164
183 278
305 244
68 109
302 330
4 133
147 225
79 219
258 330
27 281
53 241
64 331
28 246
184 67
238 125
311 106
191 150
287 151
49 257
260 6
242 166
41 291
46 120
68 304
7 95
142 307
238 206
195 266
9 34
235 248
256 5
7 100
156 303
12 318
309 157
139 253
5 87
275 73
293 283
71 90
245 309
297 96
133 306
130 23
111 192
225 270
99 134
272 256
92 285
131 304
344 271
212 4
260 142
325 209
327 298
299 130
262 153
128 297
115 160
223 128
7 103
300 107
140 228
265 232
70 51
93 69
224 305
320 140
5 202
4 234
155 205
266 320
14 49
272 31
210 150
159 119
156 17
128 198
245 48
332 315
2 81
288 163
268 195
21 174
85 78
35 6
53 296
303 228
327 168
280 43
189 91
60 318
191 207
268 179
177 172
260 20
301 203
184 126
54 107
301 41
185 238
294 239
91 154
122 73
224 57
18 69
51 79
289 242
286 212
323 21
40 238
41 341
344 127
24 300
234 227
243 75
22 192
216 113
2 338
186 226
297 205
197 250
186 141
50 29
9 28
297 296
194 168
23 218
25 258
101 268
235 123
115 106
237 19
1 325
148 200
185 0
8 273
44 305
303 53
333 157
251 59
53 100
129 77
318 154
237 321
77 29
100 95
135 239
114 38
140 307
67 148
235 111
108 95
164 344
253 317
58 306
285 45
244 79
22 322
108 24
72 145
263 88
183 137
253 226
99 320
29 237
86 40
332 152
286 240
124 344
104 98
336 291
143 236
26 67
115 134
338 187
280 256
177 20
49 332
246 50
307 178
287 295
218 275
4 159
72 30
60 78
128 299
25 174
190 51
241 305
87 235
49 22
48 128
290 344
116 93
50 78
173 337
276 293
169 280
9 144
213 317
222 341
271 149
170 116
200 314
323 288
106 274
212 154
57 59
154 173
55 106
154 228
0 85
177 72
267 186
216 135
158 340
34 84
145 204
102 247
75 327
92 181
256 207
238 314
266 294
44 321
55 198
205 55
185 284
127 108
145 186
143 179
172 288
286 177
92 16
159 87
100 71
294 338
287 215
287 233
94 342
87 201
299 174
140 329
184 167
229 330
255 27
66 83
217 7
162 212
271 321
299 26
294 248
19 138
20 208
27 114
205 16
217 61
190 259
82 177
15 239
204 328
224 324
336 41
93 164
18 47
197 111
8 217
319 282
234 81
142 143
21 90
173 5
267 90
146 28
74 26
254 312
67 2
131 332
49 223
202 246
334 112
21 210
49 255
291 2
263 335
145 284
80 221
191 2
311 338
19 187
7 333
190 40
223 141
263 327
290 154
94 311
19 45
221 212
294 139
203 94
326 185
217 74
90 184
67 23
126 333
210 36
224 302
76 102
1 242
84 291
51 80
257 318
125 35
185 74
76 290
70 304
131 288
34 221
244 155
239 11
191 118
216 170
220 217
67 206
65 20
286 224
338 313
161 81
289 237
26 14
99 157
204 35
280 135
38 179
193 277
93 39
50 309
111 172
83 178
33 148
199 221
274 94
189 90
175 133
229 104
50 328
261 156
18 99
194 304
278 42
236 273
81 189
139 193
16 124
273 297
75 103
124 265
300 78
305 252
61 124
311 327
223 160
286 58
202 79
268 28
280 187
153 209
41 327
140 116
86 166
283 181
23 239
259 230
256 14
107 36
76 295
342 180
29 231
21 200
161 203
42 216
199 110
101 187
276 40
270 201
181 185
334 229
310 245
146 72
184 222
22 181
58 298
314 326
153 130
184 97
2 154
82 103
264 184
224 117
299 307
204 288
191 169
90 239
143 176
117 67
259 77
21 228
305 76
261 46
174 263
200 158
268 21
342 115
21 123
134 320
85 339
165 179
163 157
73 307
334 92
29 248
71 297
34 31
29 295
115 180
263 38
104 261
55 125
286 189
2 274
108 2
226 181
211 117
274 142
268 247
342 302
181 26
154 161
131 269
341 296
209 2
114 264
29 56
108 31
330 194
100 93
98 229
176 211
248 7
8 73
255 5
278 86
252 311
10 150
263 121
55 32
40 84
335 51
116 320
147 118
315 245
249 49
111 55
56 21
128 213
274 61
206 207
49 15
76 307
68 339
83 123
273 26
207 166
77 225
43 126
246 261
26 150
310 137
107 268
60 236
199 245
197 150
163 175
112 231
169 196
9 344
124 118
165 103
344 111
229 147
27 255
297 337
294 307
260 9
100 299
246 299
102 98
6 265
273 119
53 344
217 309
245 341
99 328
79 230
130 106
140 330
0 336
292 162
247 47
19 148
248 121
148 254
288 76
275 341
322 147
305 125
45 42
93 46
273 74
276 58
82 318
290 82
309 237
244 212
186 165
15 89
286 164
246 229
142 176
127 22
226 87
147 271
32 142
220 207
216 151
265 200
125 113
282 336
5 83
203 192
249 121
183 92
224 231
163 6
253 44
341 302
217 275
99 92
137 217
244 57
72 271
170 256
164 78
340 23
172 146
46 10
238 135
342 117
268 160
26 177
106 22
36 323
297 136
318 89
255 119
48 328
45 121
141 209
101 136
134 273
184 82
185 325
119 84
344 43
146 25
122 252
294 158
133 148
196 106
139 107
225 188
337 270
211 133
36 214
142 258
57 229
238 177
314 238
220 115
165 342
270 115
57 58
263 254
164 58
263 44
148 157
216 261
192 154
130 266
227 174
180 285
58 320
19 274
213 239
292 34
138 217
177 314
6 341
274 171
287 324
230 60
240 78
214 25
199 81
186 160
57 107
89 172
1 283
206 41
155 159
31 47
132 305
120 74
285 6
36 180
331 153
108 232
54 307
314 142
24 273
249 114
100 152
299 209
193 12
23 233
182 34
262 303
10 202
309 47
284 197
200 47
84 156
257 53
298 281
326 202
297 82
9 252
193 104
264 216
239 165
271 77
101 188
35 112
292 246
61 133
98 163
83 84
319 340
40 272
178 21
31 33
285 198
46 106
317 187
173 145
264 275
333 201
289 182
4 5
217 4
168 300
89 142
197 129
316 31
52 2
64 58
191 251
158 237
259 32
177 246
264 67
102 208
249 9
213 122
13 36
324 102
80 177
231 298
208 186
202 174
146 48
327 304
187 241
239 169
230 71
70 150
139 74
13 290
83 227
67 97
165 47
101 148
101 236
76 304
312 222
7 294
181 195
19 322
49 336
65 43
133 51
172 103
148 337
52 249
42 178
139 144
69 215
103 36
92 12
232 176
207 324
153 128
203 202
119 233
292 87
178 81
138 5
184 286
244 138
92 287
316 134
333 40
251 338
323 246
5 210
77 115
91 132
243 294
237 18
84 184
105 262
167 145
169 6
86 316
144 80
258 17
214 148
304 121
141 282
22 146
147 1
261 238
35 62
90 272
327 174
14 334
339 181
188 122
252 319
97 113
342 140
51 266
287 100
169 105
339 204
69 331
132 51
62 146
40 56
327 76
122 72
198 256
209 56
108 18
277 107
131 274
248 84
195 92
185 19
99 81
125 169
67 257
122 129
305 163
186 190
141 210
164 340
121 275
298 131
293 230
141 327
159 44
66 256
38 251
177 39
332 302
110 301
86 324
298 174
169 94
39 236
89 62
166 42
96 17
272 237
344 333
183 312
244 123
121 323
162 108
281 273
161 53
32 16
129 104
110 70
340 200
34 63
144 32
327 319
269 228
307 9
196 109
132 317
87 197
327 270
125 294
323 188
249 258
204 280
17 314
71 287
224 118
319 207
92 146
155 188
65 190
62 55
42 292
325 167
241 206
257 48
119 18
328 38
332 236
199 306
80 78
79 301
187 73
102 180
29 160
270 342
5 333
52 47
182 279
116 78
140 28
28 161
46 12
150 300
143 230
281 124
186 123
197 191
205 129
6 131
126 11
21 80
305 203
14 76
183 57
104 212
120 52
126 222
234 276
79 33
63 15
157 151
41 257
342 246
41 250
279 69
261 202
149 221
307 65
199 48
24 205
257 288
269 147
121 3
82 184
19 239
237 307
53 235
208 94
42 45
163 206
247 214
329 112
280 184
160 304
44 322
6 302
265 177
6 41
181 88
127 102
229 19
64 283
156 174
279 199
219 98
60 24
136 149
228 296
11 273
273 264
132 95
136 180
128 263
184 12
282 248
295 94
324 230
195 199
125 99
299 261
212 162
260 42
81 47
137 80
87 273
260 215
93 99
129 277
249 327
273 229
114 123
330 344
33 110
0 235
26 151
215 235
182 199
282 319
279 271
149 195
43 242
196 172
174 101
232 268
128 119
169 162
229 170
52 157
223 274
199 94
164 36
293 3
257 227
324 317
205 176
46 281
179 201
286 66
26 70
185 196
134 316
268 88
30 146
17 131
142 181
69 90
184 326
220 15
289 101
234 149
277 280
332 13
38 274
79 312
246 166
65 35
39 333
123 316
36 42
102 179
223 171
171 309
54 293
226 343
50 115
49 229
297 37
243 336
213 224
205 114
293 270
51 332
258 76
118 308
277 243
135 6
109 91
201 335
90 251
7 41
38 304
78 183
197 193
62 57
209 257
147 44
238 8
241 11
316 75
81 265
100 283
157 92
133 31
26 114
214 125
307 179
85 172
338 314
334 140
239 22
232 298
277 216
218 32
56 31
26 49
97 160
81 25
151 138
278 236
310 272
107 300
85 118
82 226
140 315
179 72
88 53
7 144
331 33
193 330
95 176
11 271
29 64
65 307
202 277
234 309
235 219
322 317
101 117
287 280
91 277
235 98
76 221
34 172
207 129
3 120
56 32
184 121
242 41
53 33
252 188
237 142
115 65
233 304
237 236
325 215
113 14
42 222
144 293
244 102
325 83
125 124
26 80
268 50
323 233
167 93
298 55
52 201
35 191
93 263
62 108
277 6
232 323
299 131
80 182
116 107
306 44
188 119
322 13
72 202
148 239
295 4
294 250
205 232
96 200
150 60
308 82
314 195
308 268
228 290
7 246
53 314
290 241
156 62
27 305
301 225
309 153
130 71
40 128
272 92
91 235
76 60
333 39
230 118
330 238
267 285
207 212
181 99
284 239
162 312
101 20
192 65
173 224
39 115
254 311
207 0
103 284
14 210
86 281
150 195
128 13
302 229
197 109
177 138
225 86
6 334
334 109
175 296
5 56
46 19
266 132
202 319
229 252
207 179
242 237
94 101
24 30
54 123
42 231
261 267
220 169
158 209
278 334
62 185
45 109
106 213
143 308
187 28
216 297
109 15
189 203
117 115
136 171
140 178
305 303
2 82
127 160
193 308
51 255
148 96
266 255
310 65
120 152
340 238
6 104
254 196
209 273
213 0
1 256
178 306
214 82
290 342
243 138
207 294
49 10
293 217
167 160
282 190
214 277
83 221
283 337
319 148
167 187
50 169
0 131
32 215
213 323
114 13
116 321
210 67
233 158
285 303
318 124
148 187
304 133
63 242
28 284
292 195
29 245
19 29
31 52
30 260
160 48
138 25
116 274
183 56
232 58
180 282
245 41
70 211
284 0
52 133
196 81
33 117
111 64
169 257
211 101
173 26
150 311
51 168
240 136
224 29
194 306
311 341
3 284
109 189
186 162
322 37
243 258
57 9
224 128
230 342
18 282
210 316
107 231
135 301
94 4
200 97
190 309
188 278
126 166
316 25
79 275
58 105
296 190
4 216
127 215
188 134
321 295
267 13
154 17
264 9
16 11
318 205
290 2
273 163
274 254
93 210
212 151
218 65
244 222
282 26
339 125
63 217
322 232
231 131
151 52
140 168
311 16
28 158
18 301
223 292
59 324
24 179
292 268
304 131
197 298
256 162
171 135
296 304
267 103
258 309
271 224
227 201
37 245
59 162
94 171
133 154
52 60
333 344
230 292
130 329
246 288
48 319
79 0
278 248
5 191
212 276
318 95
34 257
242 93
75 337
166 110
146 218
72 36
120 205
189 132
96 140
8 77
42 286
325 47
34 94
225 7
91 259
167 334
254 242
228 322
254 276
195 327
312 315
187 198
123 278
232 121
73 240
198 115
64 118
174 289
27 266
105 194
157 261
338 40
238 248
316 336
132 185
306 319
286 331
252 173
107 228
316 207
245 54
40 310
172 117
156 102
38 164
198 97
39 221
342 257
212 129
97 75
103 285
62 257
114 71
140 85
279 41
139 221
6 214
338 64
316 278
228 169
277 211
263 316
334 260
228 103
44 228
178 49
168 142
307 184
116 4
171 50
45 311
82 69
18 300
249 148
26 182
261 290
153 250
107 284
8 54
69 89
5 237
133 214
324 249
219 150
201 264
18 30
120 100
99 138
302 3
188 329
87 105
176 143
257 185
82 266
141 151
257 147
290 45
16 171
295 235
322 151
57 340
83 177
343 84
217 300
88 60
67 264
7 302
10 60
105 214
29 55
109 63
249 192
240 247
277 14
104 267
75 193
246 142
14 122
24 21
326 172
170 337
232 22
97 240
236 28
197 243
282 306
56 6
335 235
20 341
59 342
189 305
42 204
225 64
239 297
303 28
320 55
268 113
83 23
11 20
329 122
128 98
79 148
342 138
48 186
1 90
292 83
156 75
27 7
228 2
309 53
18 295
76 276
217 308
152 181
228 232
232 225
25 280
272 261
12 83
336 61
283 19
316 166
268 182
34 198
120 252
63 173
257 18
102 46
146 30
228 115
303 155
31 315
140 23
279 78
289 152
146 114
334 170
303 271
23 325
178 333
153 215
203 312
135 306
336 241
51 294
298 330
255 101
172 199
155 221
215 46
317 316
55 52
304 111
267 64
78 305
25 339
143 263
137 195
185 337
187 259
93 342
37 308
43 330
286 16
301 341
68 162
9 238
227 88
100 154
329 243
320 121
93 337
212 175
176 52
69 18
214 162
262 251
126 305
237 314
223 95
310 194
258 320
334 42
310 89
98 294
332 73
70 328
65 185
60 143
139 130
161 8
292 325
260 320
286 54
289 66
149 157
162 309
34 151
253 344
142 7
195 130
80 167
7 75
191 147
107 255
155 55
235 317
277 78
26 124
47 78
281 111
42 217
165 296
216 307
303 313
339 285
135 9
85 329
192 94
141 2
51 31
222 329
12 150
10 306
228 193
65 237
124 183
200 329
151 194
106 62
233 93
46 80
330 239
120 207
125 34
12 135
242 241
328 315
69 48
109 95
133 211
326 284
61 152
127 69
116 263
162 64
343 4
153 328
145 176
92 270
210 7
307 108
150 192
325 219
142 89
216 275
301 197
116 264
251 146
333 23
64 52
87 62
303 241
293 104
72 287
276 184
294 141
194 99
333 174
220 131
308 24
190 80
288 97
128 178
132 109
156 90
252 104
194 226
47 28
313 243
239 218
84 57
136 274
56 264
9 325
13 141
337 169
231 244
176 328
28 125
11 341
23 180
158 21
239 52
240 85
14 9
313 179
176 25
0 185
5 13
228 342
182 115
144 13
0 172
138 11
70 64
93 228
85 332
183 227
319 99
236 115
196 276
132 196
19 39
111 247
37 294
264 83
209 264
157 250
177 227
314 270
12 301
258 195
184 232
295 322
250 297
84 3
130 216
200 149
299 195
162 120
180 274
40 337
179 119
121 50
45 133
6 205
329 92
248 165
273 5
315 86
218 171
183 36
291 18
310 233
257 46
8 33
96 53
166 4
160 52
97 252
233 167
54 268
223 204
89 151
209 306
139 82
132 322
20 78
340 232
312 252
180 320
187 276
275 9
281 90
61 33
244 197
102 200
22 325
59 13
34 170
221 173
155 8
151 175
334 48
310 203
203 145
80 45
324 10
54 260
2 18
195 148
117 199
251 139
179 310
55 115
136 276
187 342
23 176
292 235
34 150
36 114
196 15
26 152
72 27
325 189
226 231
231 307
99 286
325 137
217 171
83 59
70 8
137 17
244 73
70 182
89 266
197 17
320 276
292 48
303 175
237 86
308 25
295 62
311 275
199 86
101 184
145 73
193 185
258 161
176 250
329 275
267 206
206 117
254 66
292 49
152 255
74 4
220 288
280 74
29 283
259 76
12 9
261 5
3 77
68 81
327 52
11 249
160 119
268 317
185 215
268 337
28 244
243 248
187 178
322 216
293 31
147 111
283 52
90 6
133 72
305 46
224 120
165 147
92 5
265 15
260 143
98 4
223 322
221 242
116 71
84 113
218 175
119 253
247 79
300 28
200 120
176 292
28 343
193 27
70 291
31 196
170 154
93 188
225 269
9 212
37 129
42 157
284 191
138 239
220 338
262 298
188 290
198 300
217 46
327 190
337 13
41 64
168 36
253 295
305 164
162 245
293 106
304 232
298 97
29 75
338 291
275 181
138 128
136 257
174 20
102 68
33 45
132 103
82 287
301 289
106 118
189 301
225 148
91 80
246 22
57 239
313 332
322 8
115 15
265 191
35 270
259 315
315 293
321 299
138 277
297 335
103 177
139 96
159 287
118 216
83 333
203 307
341 220
224 261
66 161
186 227
131 59
78 9
13 216
286 159
17 239
150 22
318 191
118 35
35 236
251 20
224 12
327 122
232 206
39 201
269 127
330 302
312 102
83 155
261 101
49 313
25 270
159 144
305 194
282 211
116 64
125 98
186 13
206 127
116 32
335 343
67 302
100 52
112 264
153 64
232 81
334 47
143 64
309 162
128 90
162 315
5 24
344 121
303 254
124 293
155 93
250 255
146 265
76 201
329 309
282 220
258 64
71 303
129 35
120 257
27 283
129 32
209 129
153 167
285 278
116 95
26 268
253 172
29 172
293 213
47 108
278 20
67 62
56 187
27 6
18 236
37 171
59 322
6 77
0 228
107 189
212 38
16 63
171 185
331 140
149 289
328 272
275 10
278 293
149 217
119 110
97 126
187 72
61 187
31 69
109 295
34 16
261 206
103 149
248 154
94 231
81 24
144 262
219 195
134 338
305 231
21 147
303 82
334 160
153 268
230 262
120 264
180 283
87 276
92 83
64 75
9 110
337 228
305 127
13 145
314 219
130 206
34 185
129 166
4 151
86 184
89 15
24 78
162 258
93 171
23 86
302 329
115 81
151 128
327 284
98 13
105 102
66 93
188 155
109 212
233 302
132 297
215 226
124 239
214 328
125 329
64 276
14 192
299 166
106 183
98 112
111 164
108 299
221 217
69 110
76 103
62 292
231 88
186 100
71 213
331 37
46 248
230 248
69 238
86 76
344 87
90 110
153 198
312 30
317 36
42 49
243 273
342 331
28 315
199 262
8 245
165 238
148 234
131 137
212 130
126 302
143 279
58 110
48 253
326 89
260 224
264 159
112 293
129 311
112 137
114 277
30 164
68 63
301 280
96 329
139 141
264 197
130 103
286 13
192 201
238 112
262 252
307 46
219 74
184 333
253 116
54 321
82 258
158 178
242 199
319 161
52 127
194 84
230 135
97 324
238 237
338 155
145 202
201 19
178 287
254 86
59 308
309 43
123 24
221 21
224 97
84 178
224 278
262 11
315 14
237 208
252 133
265 52
335 24
318 169
213 129
157 174
92 24
217 216
295 93
139 174
190 223
254 316
157 171
186 24
140 340
157 60
294 147
331 267
218 200
51 278
29 45
302 247
163 252
242 302
329 335
181 238
208 240
65 93
269 153
117 64
50 274
27 344
323 13
266 197
213 219
32 145
264 334
294 83
143 191
287 127
181 123
268 45
265 235
40 190
290 59
156 340
235 183
241 213
197 64
283 344
14 202
235 308
187 281
155 32
63 238
155 233
185 323
123 127
168 315
186 324
212 76
192 262
172 159
131 12
61 146
117 296
109 304
232 166
336 198
333 49
27 112
177 97
329 265
323 197
305 91
207 35
152 339
140 164
67 151
26 299
220 264
54 84
313 43
133 242
57 212
241 41
35 220
238 279
165 101
272 28
38 79
22 85
250 15
117 178
216 337
97 173
76 313
216 112
210 273
324 9
229 12
195 49
15 122
324 53
104 1
138 299
312 290
314 85
123 87
324 221
260 56
91 131
70 203
306 296
212 80
213 343
92 310
295 107
335 274
160 94
178 200
48 145
146 264
132 171
6 112
294 169
70 40
202 140
244 66
146 206
110 140
172 60
247 162
236 309
256 69
66 206
215 212
125 2
286 33
16 235
104 86
178 307
226 77
28 220
81 102
216 253
162 20
317 301
231 130
25 297
336 240
165 18
145 8
299 161
243 58
248 76
267 31
55 197
153 146
273 235
248 46
45 313
66 265
269 297
50 294
250 289
92 317
209 139
325 65
300 125
26 105
104 293
39 159
146 192
305 321
329 209
23 30
79 336
197 3
191 247
199 343
93 291
315 303
332 197
270 190
224 296
295 328
245 236
143 293
84 5
171 315
116 96
247 195
88 99
100 279
249 300
179 342
148 51
202 136
150 128
326 29
79 178
70 58
76 56
63 248
26 180
344 176
277 334
275 33
170 179
235 4
79 38
55 281
76 205
311 304
235 293
174 110
110 153
68 173
56 341
255 302
172 90
292 103
123 19
184 260
24 263
200 326
102 277
187 68
138 324
16 178
31 93
288 141
246 258
216 204
255 29
161 329
119 10
87 144
30 174
59 54
92 161
282 96
340 124
165 134
312 36
78 158
79 226
71 296
85 228
227 149
61 202
47 91
31 8
47 26
122 165
11 189
201 17
175 70
53 253
228 35
37 202
331 122
85 213
173 200
116 235
228 336
171 276
264 242
163 289
309 174
133 165
191 308
138 147
119 21
182 156
125 70
180 113
185 256
313 301
146 273
21 29
207 333
336 25
277 203
200 66
270 46
95 50
108 112
249 289
225 89
200 96
45 248
271 66
179 93
62 42
82 54
67 261
159 267
327 84
216 161
148 213
211 135
146 222
247 50
68 128
42 268
126 87
73 52
56 252
146 118
294 130
74 17
46 233
186 276
318 304
92 23
173 205
158 221
82 307
337 215
320 118
205 48
171 261
203 219
281 152
4 11
146 160
130 21
119 222
44 194
330 104
70 67
67 244
120 306
114 95
46 251
137 249
125 321
234 277
230 35
339 16
57 15
140 3
210 27
108 182
95 77
81 215
38 98
212 20
319 160
271 14
311 298
335 172
231 224
6 19
161 0
282 120
15 324
124 127
7 134
310 4
211 293
219 151
46 333
172 268
149 0
282 17
201 174
189 334
300 195
8 116
195 290
237 113
270 263
142 179
52 107
183 165
56 304
218 4
292 45
272 343
293 111
16 51
187 107
40 142
303 49
161 55
241 53
168 68
218 311
337 31
44 210
283 239
237 8
126 155
59 313
263 99
13 123
50 174
178 292
129 2
262 249
215 165
174 190
152 68
124 197
180 309
91 338
76 230
248 104
288 307
320 108
309 333
231 14
208 95
313 126
291 75
178 98
45 302
197 225
168 190
219 146
323 24
251 266
276 296
212 180
128 76
177 344
202 176
84 50
153 262
50 198
121 248
78 191
340 199
338 318
224 244
141 113
125 319
64 241
38 276
323 167
254 155
68 111
233 152
63 288
317 114
141 340
264 121
187 161
223 180
135 4
326 178
117 8
153 83
151 191
261 129
260 171
186 230
184 321
285 248
264 257
264 307
154 85
330 243
246 208
78 283
212 306
117 231
314 172
314 120
151 83
304 337
313 143
313 253
293 134
67 114
96 124
199 82
22 101
192 3
286 60
309 305
193 279
132 163
301 300
296 108
38 157
2 6
202 316
162 53
105 131
167 104
255 22
88 180
183 213
242 147
174 91
328 306
156 187
261 9
295 299
166 297
208 270
170 272
323 178
58 146
282 216
70 272
51 95
207 136
185 39
98 71
1 156
258 164
165 110
21 233
62 131
158 135
58 137
313 18
283 152
136 255
79 89
5 188
225 117
195 66
157 195
137 158
6 297
224 73
62 245
208 124
161 238
61 129
257 246
183 295
156 262
40 63
8 265
180 105
233 337
224 277
185 286
79 48
313 13
317 129
251 33
161 65
279 344
16 90
164 303
153 172
223 334
179 14
326 135
286 281
247 68
213 334
9 194
37 224
207 10
9 16
290 72
328 225
71 246
217 137
204 26
309 330
262 46
344 145
83 187
81 330
255 196
319 167
46 259
46 155
171 302
73 116
276 57
303 116
140 163
148 306
53 49
106 136
138 90
24 49
286 245
118 332
61 66
143 232
271 216
4 202
175 247
107 134
265 248
199 309
157 2
270 112
298 279
150 91
24 174
42 310
322 62
298 38
31 343
271 302
116 177
61 292
326 169
81 247
319 280
211 33
184 39
145 39
318 295
130 342
27 75
209 251
39 162
289 70
62 117
27 179
126 178
160 207
327 134
44 95
167 228
134 214
267 107
164 299
6 93
344 316
280 289
41 343
308 316
177 160
307 303
338 122
67 320
158 111
317 227
241 107
96 65
266 25
256 100
241 255
71 78
101 14
323 312
232 155
127 194
15 22
218 329
244 31
342 216
258 140
323 256
205 342
74 29
22 330
129 165
142 102
243 146
18 124
15 251
279 142
2 197
66 221
83 310
154 81
181 315
221 62
226 329
59 202
89 44
148 232
146 293
280 164
72 295
339 320
106 60
98 91
272 252
74 108
124 198
72 253
182 131
110 97
114 200
141 262
211 269
255 283
121 228
192 17
203 200
324 203
292 251
110 21
261 137
121 334
45 303
120 155
302 137
10 0
301 344
91 167
170 2
230 102
112 335
303 91
193 152
342 205
75 259
342 197
150 42
57 270
100 262
309 12
262 266
259 9
335 84
258 343
180 143
35 208
286 130
15 185
335 337
1 235
91 151
179 51
324 279
313 190
194 132
111 108
141 102
99 5
124 36
213 312
166 130
54 59
25 303
196 18
109 30
69 335
212 37
83 61
170 194
169 213
198 263
170 103
95 171
108 121
208 224
335 276
256 44
335 183
2 88
202 14
119 271
251 233
211 334
196 283
86 267
53 284
87 223
42 84
297 53
205 160
179 195
91 337
142 329
176 144
60 93
206 312
228 72
257 289
248 311
229 238
91 173
322 43
128 85
105 307
182 99
300 324
83 131
26 57
66 86
53 272
300 281
247 61
263 159
5 68
27 136
208 21
310 186
311 93
173 72
303 10
73 258
335 156
291 16
115 12
4 168
284 207
105 88
268 270
150 273
240 177
312 104
100 179
192 67
139 132
277 114
292 267
270 238
185 287
250 92
111 92
299 118
82 222
43 232
52 283
312 19
289 67
100 136
134 275
58 175
309 336
289 257
160 116
150 248
59 303
340 72
297 294
190 34
73 135
169 27
73 136
294 265
203 49
303 240
226 17
70 191
103 70
33 155
318 339
15 215
66 214
151 139
46 320
69 22
111 18
287 314
314 245
209 196
164 182
42 321
99 47
47 34
29 120
40 95
236 106
7 42
148 53
17 217
322 128
137 166
0 8
67 111
204 133
110 294
97 59
329 202
228 260
224 268
10 115
277 17
158 80
318 175
199 197
206 238
19 206
246 333
219 106
156 133
266 254
94 152
13 323
67 139
148 78
254 80
342 314
62 217
47 163
70 253
56 89
16 303
324 137
311 100
207 122
136 31
183 193
110 251
332 259
231 144
241 228
15 304
101 62
24 73
217 81
39 43
26 252
45 135
276 181
166 210
314 5
305 79
158 293
338 44
339 137
174 9
319 120
250 191
103 216
80 44
259 8
296 305
45 228
43 212
340 12
119 300
92 277
150 332
321 144
124 150
328 30
145 135
221 150
7 203
195 168
113 146
30 159
29 74
26 24
333 47
325 327
324 32
315 202
177 341
254 135
21 139
67 68
275 288
218 184
49 68
7 64
215 38
223 146
14 151
198 53
330 79
332 202
281 164
198 191
201 219
287 162
114 161
248 65
131 256
129 1
196 8
50 210
61 221
212 260
176 197
339 163
54 178
230 155
271 333
276 158
257 121
223 273
338 315
284 24
317 135
279 22
0 341
145 213
256 223
312 152
288 269
232 75
79 158
64 257
317 223
33 97
151 217
223 46
188 163
70 62
200 252
331 201
248 33
316 61
158 185
115 101
109 3
177 90
161 143
3 35
21 283
132 74
156 11
22 246
76 339
210 276
246 196
34 149
131 5
112 289
191 228
292 202
231 26
195 47
169 100
83 92
38 215
68 96
244 204
332 109
38 135
207 72
325 299
184 73
182 132
177 68
158 27
18 230
127 101
322 68
218 46
66 249
38 311
10 272
322 48
63 185
23 250
80 3
204 167
299 155
110 14
183 128
131 124
182 252
72 249
156 110
117 166
285 94
215 3
181 140
253 164
143 112
331 121
154 187
178 167
103 16
131 329
29 313
138 101
217 294
113 334
115 53
331 232
56 167
27 211
331 72
226 219
95 35
308 274
104 67
192 204
317 323
90 1
292 228
102 164
177 117
56 194
171 42
82 129
209 11
243 98
331 124
219 328
159 183
257 166
152 7
25 124
330 115
125 179
245 129
344 77
246 302
271 319
344 255
6 110
169 249
110 57
28 330
40 89
70 200
255 222
207 182
248 192
199 275
59 273
78 207
230 252
84 131
162 90
241 233
339 254
290 22
141 331
111 113
88 269
335 295
8 140
44 208
70 318
209 31
148 288
238 33
195 322
66 259
314 210
148 308
119 340
232 162
228 246
275 316
170 167
168 80
307 213
288 32
186 153
63 335
343 203
270 193
83 239
107 52
104 157
263 125
287 283
51 217
157 123
39 325
204 1
193 49
280 282
104 245
174 102
5 99
295 88
338 305
43 344
117 306
124 172
13 66
13 312
185 170
90 224
52 196
127 148
246 309
85 252
209 259
10 117
260 207
107 254
155 187
13 280
261 27
248 176
241 89
248 331
215 301
85 245
104 233
209 91
140 321
5 150
93 167
260 200
323 82
253 134
171 266
195 219
308 70
325 81
273 312
326 279
200 190
25 340
166 277
146 161
99 61
17 78
45 172
212 119
93 183
109 191
57 177
184 268
247 66
4 77
33 330
11 233
175 283
229 244
215 277
307 315
240 226
295 285
53 64
306 49
247 70
142 304
248 326
227 52
295 231
130 328
118 43
119 196
327 3
342 99
182 304
186 266
264 239
330 226
190 134
314 223
154 166
12 186
149 130
131 268
326 113
173 323
213 257
283 184
334 26
8 254
167 240
37 13
0 124
337 216
249 48
136 187
294 267
12 177
36 88
22 147
48 91
43 85
104 73
320 105
99 214
321 3
262 14
167 53
103 116
223 17
293 259
105 6
312 8
2 106
245 271
254 195
18 297
280 24
25 157
129 124
274 8
29 191
22 196
147 27
312 25
44 163
186 52
169 55
307 74
161 109
247 317
304 167
269 141
192 196
200 223
320 129
231 5
223 253
103 25
182 318
297 227
136 40
181 207
95 143
281 158
252 86
131 211
253 302
7 2
154 207
226 129
239 112
36 117
268 42
44 105
15 341
234 151
213 99
93 120
185 224
233 340
182 240
343 336
5 126
22 244
140 306
3 60
71 18
303 305
71 241
278 331
85 269
169 172
149 57
200 68
126 107
96 148
6 236
11 269
231 175
279 91
37 5
239 163
19 226
87 188
54 138
147 124
273 2
94 54
109 190
105 17
328 116
286 87
131 74
262 312
165 300
318 54
270 114
119 289
340 207
34 49
247 182
75 176
184 169
230 196
261 237
213 147
9 57
234 42
9 101
107 229
155 279
343 275
126 339
39 160
290 188
342 21
19 84
92 152
182 256
58 300
9 292
342 43
99 7
144 108
236 201
290 137
131 71
131 72
261 131
344 280
215 339
334 52
250 281
236 261
255 136
304 257
267 183
206 212
320 240
283 106
312 170
203 331
66 73
325 302
27 230
238 278
194 6
168 153
165 213
60 87
298 169
202 274
64 140
282 278
212 269
162 70
256 130
45 138
87 72
271 228
6 21
162 200
274 232
256 94
2 218
84 300
229 8
328 167
287 196
91 6
168 249
136 214
290 125
188 216
237 72
297 167
304 110
163 306
328 247
262 273
90 48
281 74
215 125
172 209
131 340
15 267
209 305
295 300
78 205
51 218
278 250
40 139
15 105
101 246
255 265
76 0
313 12
74 86
40 246
197 171
242 212
341 8
75 291
308 153
53 15
167 313
126 183
321 129
331 231
49 62
231 264
321 208
5 16
11 104
90 155
317 86
164 294
279 29
4 332
291 31
246 249
199 222
33 185
108 329
248 27
105 156
44 116
260 134
272 134
122 338
83 56
43 216
21 264
232 267
168 86
47 103
173 57
87 224
299 238
296 295
78 211
331 252
1 108
245 331
66 169
321 110
287 342
276 174
167 2
162 214
105 237
271 95
116 128
235 23
89 186
220 167
299 207
74 300
217 221
189 284
293 165
296 235
65 129
312 232
131 31
3 139
269 176
304 26
310 49
114 186
118 68
295 95
271 69
316 115
255 166
182 206
57 247
336 271
36 24
302 286
65 226
20 201
169 324
227 36
222 296
312 74
46 238
144 264
333 92
163 45
340 56
218 278
327 175
122 48
304 142
23 34
66 201
277 191
152 244
265 100
137 311
266 47
268 254
140 333
201 37
291 321
217 273
54 339
223 260
136 128
290 62
64 258
263 243
104 317
319 182
140 142
132 63
299 272
51 57
211 342
34 83
173 88
78 51
3 116
81 195
80 145
108 245
217 89
289 93
173 84
138 305
148 92
149 247
1 85
331 174
173 311
127 78
82 209
175 65
256 186
310 202
301 85
193 147
178 269
231 316
131 281
310 168
70 286
102 56
17 178
22 46
158 7
255 334
72 69
175 284
173 33
24 269
193 313
323 226
49 92
306 120
33 310
78 297
143 101
343 302
10 156
193 329
127 23
268 300
303 293
224 40
300 319
8 278
201 160
222 250
252 85
272 285
51 6
9 138
300 19
294 148
73 173
278 31
23 60
71 323
34 327
159 137
142 36
43 50
24 315
237 75
321 32
73 330
72 29
251 268
177 156
246 153
232 179
86 255
141 158
136 176
140 295
313 184
233 258
234 257
131 29
234 9
242 35
239 148
303 71
207 204
126 94
285 213
251 329
26 42
62 68
239 277
154 128
191 44
287 224
320 79
233 283
42 130
318 281
181 178
254 43
284 36
39 126
151 290
110 79
235 172
147 31
105 301
61 198
247 4
77 222
330 310
62 27
343 282
210 179
115 21
124 54
304 163
181 110
10 193
189 147
21 238
179 28
226 344
146 303
124 131
170 186
60 168
2 141
194 126
196 153
191 279
166 104
29 10
251 50
78 248
228 206
247 29
164 273
17 221
158 43
49 63
184 145
91 282
200 185
118 21
289 148
279 195
100 85
183 81
333 66
287 137
95 9
313 158
246 232
275 233
271 16
33 18
201 135
105 221
157 49
271 338
146 27
325 329
10 215
297 199
7 295
208 222
109 292
82 146
205 17
66 308
153 171
184 212
220 13
205 22
40 185
253 297
55 108
151 309
58 262
273 198
263 148
42 0
197 149
18 263
112 171
90 198
38 310
211 145
234 153
330 45
105 40
153 257
251 113
174 340
83 4
96 1
55 138
2 252
287 267
170 301
340 260
154 280
128 21
80 17
174 65
309 280
7 19
94 160
132 170
156 216
174 252
119 131
292 121
38 136
290 209
26 246
220 154
267 202
74 97
169 285
279 176
305 28
239 92
198 50
210 274
204 330
61 151
8 99
287 201
210 281
141 139
182 264
121 269
104 193
210 285
24 170
215 263
164 68
342 74
262 305
127 172
307 316
28 172
252 170
311 337
336 162
344 14
86 5
207 198
290 134
270 160
299 90
130 170
22 29
146 186
335 176
13 297
147 42
124 302
114 338
294 7
57 293
244 145
167 71
305 121
161 337
193 85
21 242
173 11
320 187
308 122
131 335
230 275
154 287
125 77
234 325
110 35
107 332
203 170
324 298
256 1
195 331
12 170
173 223
115 78
8 0
9 64
189 36
44 78
17 56
16 142
236 123
130 94
293 11
47 204
12 145
93 272
217 266
52 314
30 167
48 285
69 304
5 258
340 49
238 12
105 254
57 243
32 89
100 287
334 15
87 82
287 304
4 241
274 281
63 224
221 132
183 226
292 178
177 185
93 185
342 52
83 276
141 323
159 143
265 149
231 2
213 137
243 44
73 208
268 197
325 287
187 158
30 182
245 274
234 328
205 30
306 267
173 226
318 234
135 204
138 4
244 284
295 219
147 219
71 143
332 316
112 17
153 259
193 42
242 301
319 106
223 50
234 196
284 272
302 324
178 201
263 128
323 66
209 132
3 98
5 17
116 159
276 211
201 76
167 176
84 45
128 220
143 67
147 101
46 227
204 310
11 84
278 162
36 142
294 39
240 202
304 258
16 137
27 119
213 194
197 199
142 325
75 285
294 124
288 341
7 50
208 265
134 141
82 170
185 279
210 327
136 71
143 54
208 170
173 324
266 26
178 63
253 155
4 203
182 292
101 189
342 211
11 34
254 340
204 94
176 316
42 23
268 153
95 97
132 17
25 212
80 180
23 331
38 205
181 139
5 209
114 259
204 319
255 36
290 136
250 235
61 76
43 157
173 175
76 100
42 156
182 312
45 221
172 226
262 25
234 323
331 341
199 242
279 144
280 86
281 341
162 324
55 335
56 131
337 1
190 175
313 137
298 43
18 117
315 226
287 205
103 305
73 37
7 8
123 288
251 286
170 209
178 226
340 73
227 87
150 98
224 5
141 144
122 111
26 65
218 34
340 314
260 249
224 286
94 32
129 264
241 307
146 139
282 275
226 334
28 106
339 71
250 117
85 178
84 205
115 325
84 12
294 246
261 75
187 10
107 316
275 4
181 323
45 20
155 271
10 86
279 4
59 87
121 144
265 107
5 282
87 89
294 283
335 210
13 80
221 23
298 53
274 134
278 319
57 335
245 67
76 180
71 136
267 95
182 89
202 89
27 192
80 321
130 318
89 144
53 212
167 6
265 96
43 100
70 100
90 217
299 140
107 123
137 289
115 242
89 16
20 219
334 11
265 42
296 45
332 241
341 138
177 312
109 33
107 118
157 147
62 174
44 245
218 35
262 140
156 251
152 324
196 30
313 147
323 203
162 286
65 241
253 174
275 262
292 334
311 257
163 257
157 36
292 74
176 6
228 230
163 200
226 141
58 171
166 123
14 134
210 196
86 158
87 53
317 152
212 31
90 160
8 169
68 236
54 53
155 98
260 116
171 329
239 185
118 160
9 328
259 342
43 1
297 262
56 165
294 146
227 204
95 25
250 214
144 60
214 60
176 40
44 317
127 162
133 38
282 91
8 6
302 204
153 184
36 60
50 286
274 97
248 143
157 80
183 201
299 212
265 87
250 312
36 188
305 332
325 314
240 282
75 295
23 139
321 59
101 26
247 31
25 150
76 182
132 162
285 87
29 205
75 113
25 35
100 252
251 242
189 327
193 114
23 169
173 124
97 322
57 123
127 134
305 162
296 246
249 325
8 325
64 83
340 89
21 342
243 174
240 334
58 88
103 81
257 178
108 256
155 165
34 283
201 242
45 251
35 53
133 99
39 129
91 307
126 334
136 21
324 195
178 170
163 286
9 116
256 210
260 258
18 305
66 300
261 102
54 300
231 145
164 259
37 300
183 16
52 194
0 231
20 163
39 83
120 197
13 214
243 79
71 159
181 125
16 314
173 180
131 210
38 216
321 234
96 51
36 261
332 232
199 0
3 97
327 74
257 65
200 175
282 28
11 68
140 49
284 268
139 153
200 18
43 296
316 281
86 7
197 321
142 298
223 145
51 205
220 210
271 75
40 208
5 298
178 145
249 19
315 291
172 170
309 117
122 182
54 110
91 153
86 233
34 60
72 254
172 245
231 114
10 236
68 188
283 317
109 155
165 184
325 31
301 4
17 207
66 5
95 75
217 129
135 290
285 209
323 103
62 46
193 247
266 303
57 86
44 285
118 0
191 233
258 208
95 226
116 191
203 333
222 240
180 163
104 273
236 82
278 201
129 126
103 297
331 63
38 30
3 58
278 96
194 93
305 289
319 323
37 177
311 162
319 49
227 78
160 157
319 289
43 84
44 284
44 238
32 251
85 253
229 24
332 98
186 306
147 315
39 273
332 310
46 172
290 190
148 235
176 155
183 220
94 228
114 29
134 199
282 266
125 172
19 312
133 166
184 75
341 273
275 328
141 223
57 333
315 206
126 146
16 309
22 12
94 38
41 131
139 226
52 264
53 71
231 186
139 71
261 135
246 93
118 289
219 175
180 189
283 306
238 299
172 260
312 267
298 8
300 92
234 7
325 145
118 96
156 266
190 176
113 64
253 293
155 192
254 48
48 81
308 15
250 163
271 205
157 62
252 94
118 185
17 236
281 75
59 28
251 172
339 62
120 150
156 29
198 204
13 64
220 263
129 48
26 189
260 264
137 33
6 154
171 190
218 38
305 115
2 80
265 158
12 20
18 272
92 18
188 118
207 200
161 24
120 200
304 126
9 130
218 141
262 92
207 84
205 29
145 217
296 163
144 283
303 236
203 146
1 73
336 23
273 295
52 184
228 244
264 212
24 28
198 229
57 343
3 256
161 147
96 21
285 299
167 197
266 71
270 257
341 100
207 48
187 91
319 70
335 238
282 261
267 37
145 226
36 148
137 197
197 233
219 138
237 10
261 65
267 258
165 31
208 7
324 15
323 163
178 147
201 226
275 237
336 129
203 112
169 195
303 61
205 121
126 30
281 194
308 145
201 333
327 83
250 207
246 83
256 4
309 187
143 241
157 37
272 262
51 96
14 256
157 220
33 186
152 314
35 115
114 138
5 344
221 255
108 25
241 20
276 107
109 75
250 168
14 177
332 65
322 333
222 10
174 276
226 111
293 341
249 299
242 126
111 5
53 254
272 329
17 36
204 320
2 94
41 177
96 265
165 220
275 241
151 58
7 99
54 257
300 198
285 67
204 240
321 33
224 240
70 186
65 176
161 67
270 104
244 268
24 65
143 201
208 294
260 216
296 216
30 251
70 217
220 176
112 99
209 336
79 59
247 26
11 174
338 154
30 103
6 290
64 251
110 134
123 331
85 76
31 326
160 110
155 69
342 75
134 335
132 164
94 40
12 315
244 76
124 9
210 149
242 77
287 229
55 318
211 215
330 252
290 141
223 10
101 221
332 235
211 21
301 207
61 313
80 207
217 156
8 16
135 197
246 191
170 14
61 58
168 254
199 46
166 202
92 36
77 295
264 225
248 210
84 22
22 340
192 186
250 265
200 214
323 23
25 79
70 93
281 337
148 275
275 127
225 174
168 144
54 71
10 41
340 279
36 33
338 130
122 244
50 322
15 28
248 40
107 318
133 290
212 281
220 143
64 3
219 134
147 175
107 59
216 102
240 154
37 234
285 159
35 237
137 50
168 40
337 275
260 125
123 29
308 245
74 274
248 195
63 298
26 72
259 144
174 155
291 43
26 326
278 103
7 172
281 169
297 59
199 162
304 175
339 110
26 304
63 299
32 322
34 299
320 325
244 249
208 180
314 43
283 322
215 121
48 69
180 149
232 42
325 226
152 253
185 117
341 305
326 31
162 203
258 61
107 122
143 77
67 329
301 283
105 4
7 286
154 141
230 36
22 284
289 110
303 151
229 299
13 210
232 77
69 146
41 78
170 184
155 237
168 13
175 274
117 74
226 249
12 249
90 301
261 48
9 145
2 269
258 235
2 229
36 290
307 206
129 118
0 200
131 176
31 298
261 148
27 142
299 286
293 44
144 209
92 153
257 341
78 170
231 327
54 169
272 16
277 303
36 278
60 70
11 91
23 272
141 298
316 95
239 167
139 39
31 133
94 190
130 74
15 16
303 69
88 132
333 20
91 24
200 151
145 20
138 286
220 12
37 114
179 78
55 112
212 150
303 342
126 318
260 85
290 3
217 180
271 210
204 126
264 103
123 33
5 343
14 126
23 317
141 235
122 99
134 150
235 166
300 10
1 226
220 108
254 139
105 236
183 111
136 130
257 78
215 48
54 4
301 336
97 256
1 0
39 124
108 195
165 221
98 271
112 183
37 150
313 339
203 127
73 227
82 190
178 38
195 32
216 53
23 313
211 272
313 250
51 324
100 216
200 100
44 313
185 81
20 154
323 223
183 298
8 168
143 186
108 240
120 324
293 143
194 159
317 163
311 23
44 314
142 244
69 186
114 157
170 135
213 148
260 51
121 146
11 230
42 131
111 335
177 306
150 51
26 116
75 70
85 119
314 57
305 331
214 130
121 329
35 183
109 59
330 120
191 27
154 302
263 69
88 261
35 133
34 341
119 150
28 142
134 111
80 72
294 189
131 279
212 322
181 128
156 100
99 95
193 89
12 110
145 101
290 264
252 221
308 41
332 43
113 281
233 244
118 100
123 228
23 305
258 179
307 13
4 188
265 71
138 312
173 83
231 80
304 194
121 193
140 235
130 28
36 150
30 160
33 300
22 292
134 329
207 310
139 211
56 307
283 194
274 111
179 63
93 41
159 214
234 299
6 266
229 290
71 161
7 105
116 29
299 250
260 63
118 54
176 174
263 16
29 6
158 122
47 317
239 282
272 147
105 58
92 177
220 1
184 336
30 40
144 290
103 164
247 279
240 165
198 165
260 227
5 121
293 244
305 220
46 65
180 41
144 55
42 328
294 320
23 93
167 28
159 69
210 54
137 63
121 52
290 194
28 197
217 321
343 177
98 292
145 278
333 191
236 277
175 185
180 322
31 339
46 241
295 85
206 71
40 53
167 68
251 40
44 249
119 44
98 166
224 86
13 115
266 188
300 75
190 37
278 1
19 228
86 127
181 122
96 87
64 42
238 183
86 337
5 311
325 18
328 148
108 186
224 200
324 157
179 343
40 168
126 242
196 209
266 195
198 330
237 91
168 226
330 75
94 213
340 77
263 5
165 142
206 44
321 185
103 57
85 45
225 113
189 324
322 110
174 77
342 313
71 68
143 190
171 139
170 90
46 335
134 252
339 39
70 327
176 320
287 5
52 284
319 123
7 70
82 53
261 155
94 86
147 140
323 282
295 260
294 289
299 19
217 269
20 48
146 209
301 198
50 177
247 208
260 65
18 9
53 166
51 32
103 1
292 299
193 148
319 119
337 93
290 259
43 91
123 344
192 75
78 71
282 228
181 197
267 160
34 272
63 326
227 256
31 103
196 223
184 239
217 307
141 64
285 219
37 222
102 218
322 298
72 85
300 340
169 309
217 51
220 150
154 55
174 5
279 13
147 151
223 288
117 65
64 154
189 167
27 166
120 1
252 322
243 152
213 68
18 332
119 141
137 176
196 213
83 32
227 230
85 7
173 202
72 140
11 163
307 285
330 329
189 237
208 87
291 76
155 310
63 177
106 200
255 204
237 198
224 322
107 299
180 81
94 93
244 303
281 229
189 125
23 52
212 315
128 270
182 93
4 288
196 259
147 167
154 286
267 33
264 29
235 1
12 231
94 256
190 30
43 34
57 66
334 270
97 120
113 3
310 211
164 15
280 318
301 202
133 46
221 145
277 218
303 122
150 1
59 208
315 48
35 253
29 82
284 339
293 103
256 228
76 213
335 120
234 126
235 39
29 294
149 344
244 86
155 312
22 184
296 306
80 245
64 239
30 43
40 111
113 110
224 2
236 114
289 167
311 340
69 210
82 224
310 31
313 292
178 279
186 110
322 195
30 57
195 318
168 308
83 294
213 221
310 157
290 178
54 14
44 136
238 25
45 105
303 13
53 38
337 81
229 187
301 299
52 286
150 167
64 115
226 10
294 281
24 240
319 165
167 19
270 126
279 225
164 129
22 117
203 14
199 87
288 57
344 93
225 63
320 59
314 24
52 218
22 118
2 44
236 205
305 90
194 63
49 39
120 295
34 0
261 144
9 236
106 51
138 307
315 107
233 254
249 285
29 173
59 278
217 295
138 177
287 234
142 336
273 262
287 209
165 203
8 174
127 37
226 98
46 114
254 197
55 185
25 16
118 242
213 158
321 155
47 118
48 222
36 237
86 103
277 339
13 59
31 239
59 77
8 313
153 300
228 173
100 96
331 76
97 202
157 133
94 243
138 92
240 70
86 155
31 19
49 91
343 304
306 175
270 17
131 55
190 133
152 177
111 305
112 208
162 270
243 257
70 36
4 212
106 337
22 138
258 318
278 92
160 300
132 266
273 244
130 90
71 28
249 142
65 155
256 73
49 279
113 307
252 244
121 87
337 208
192 101
230 8
303 40
222 90
306 52
237 338
45 210
22 294
254 334
7 166
266 156
224 42
244 216
152 91
220 37
1 178
324 126
171 285
178 310
279 223
175 203
75 332
94 329
55 58
40 57
136 208
213 16
250 14
134 304
8 256
341 9
90 320
135 163
163 216
30 344
341 107
202 318
94 198
302 149
256 245
108 322
213 261
238 2
220 246
161 119
256 153
341 293
66 248
60 63
10 164
36 105
17 241
156 274
141 265
126 249
144 339
67 37
243 190
284 59
211 97
212 207
292 85
269 14
333 231
324 344
51 262
6 68
158 64
244 299
329 25
106 128
19 173
68 165
265 254
224 131
339 298
79 165
214 68
51 193
314 4
111 222
73 171
286 219
126 271
147 232
301 68
307 271
233 228
14 186
42 88
75 158
58 29
254 27
33 20
151 8
191 93
228 219
8 124
0 316
51 234
199 231
249 115
320 258
26 264
1 3
77 60
32 331
334 313
253 141
321 2
136 106
221 57
38 230
181 286
103 134
175 302
21 79
319 243
239 0
162 240
251 239
202 283
128 94
251 36
137 130
38 273
236 162
232 177
294 68
118 52
203 195
256 126
176 230
271 70
133 88
212 39
229 70
164 33
296 203
163 236
131 301
300 18
35 249
333 153
203 93
3 114
121 179
151 35
135 19
321 267
89 102
181 155
37 132
13 102
271 46
59 226
131 201
150 334
295 55
6 71
137 253
21 288
190 58
307 166
325 298
170 162
108 208
196 23
310 122
316 271
4 282
268 37
139 320
273 336
30 279
309 167
187 330
13 279
44 320
2 271
274 173
335 284
36 187
308 248
211 279
77 117
119 0
154 258
222 83
151 252
264 115
322 9
101 335
288 47
212 291
318 141
21 211
328 304
53 291
127 284
284 148
186 93
308 63
78 114
218 245
230 97
254 233
334 99
280 201
45 155
245 66
268 228
25 223
76 135
321 329
254 163
77 119
128 58
234 248
303 21
0 114
213 91
93 259
148 338
227 72
123 155
295 101
290 242
206 168
331 206
39 17
264 273
265 124
196 266
238 105
157 8
98 250
267 148
145 52
122 170
109 320
271 301
217 35
124 99
52 13
305 338
30 126
152 117
20 292
124 178
300 124
177 50
203 188
25 130
144 145
165 268
244 119
281 106
113 213
134 281
66 286
301 86
233 327
166 90
107 54
215 282
87 294
234 290
137 162
322 281
307 44
205 206
66 141
214 81
10 3
264 323
289 220
64 79
105 231
169 114
285 40
51 274
121 127
4 1
310 311
292 170
172 13
214 41
341 126
291 261
104 235
38 168
216 45
328 210
72 219
53 96
248 57
97 214
271 44
39 0
42 301
281 333
119 40
126 60
209 342
105 67
285 265
211 268
32 185
143 332
281 46
292 33
260 218
325 202
218 285
12 162
143 196
53 263
236 81
323 2
325 330
70 266
250 183
189 185
23 234
172 207
183 21
142 0
239 122
202 15
177 206
313 132
26 106
213 251
109 194
236 179
17 142
17 108
229 287
343 303
149 83
325 292
83 121
316 188
136 281
305 216
44 175
3 70
281 119
321 45
215 114
126 232
256 45
340 42
333 240
1 39
323 326
233 62
102 205
250 239
43 112
12 87
189 15
59 125
36 282
73 251
51 101
40 210
147 36
252 37
276 253
76 157
136 212
121 239
319 26
35 17
40 47
104 229
309 163
256 248
100 231
154 53
333 97
263 37
133 171
74 311
326 52
123 118
264 244
12 140
172 294
157 114
243 163
245 109
228 157
290 69
284 278
315 201
275 291
167 257
344 193
30 165
339 289
306 69
140 118
183 38
184 331
147 67
45 62
298 335
33 139
171 199
341 141
302 272
335 124
184 334
154 116
60 17
185 200
136 270
140 320
256 189
289 301
251 144
194 284
283 20
40 280
63 342
109 53
24 195
42 145
311 99
116 3
128 154
176 268
31 334
112 321
193 266
120 42
62 50
241 125
294 5
179 220
200 123
21 68
222 184
341 241
90 124
50 266
294 82
157 308
305 5
229 80
47 239
41 11
289 282
39 238
189 120
114 291
243 37
14 23
221 10
264 213
36 216
36 232
200 194
196 160
101 327
143 149
123 184
62 67
24 3
208 213
123 224
62 269
261 76
292 39
334 113
253 272
231 191
62 87
40 160
247 142
44 45
193 168
230 157
137 156
24 284
224 333
208 42
312 57
82 203
170 237
130 57
83 94
46 26
254 293
168 299
339 263
122 126
282 236
162 208
78 41
197 286
84 164
246 68
207 54
30 290
149 76
316 305
272 41
259 168
304 283
294 282
198 133
173 15
341 153
95 289
161 243
259 85
314 121
314 191
225 285
53 152
229 313
320 188
251 171
304 103
268 203
256 227
200 253
73 264
151 333
4 23
11 46
270 325
139 52
266 193
142 314
156 170
321 17
122 184
28 225
340 102
144 146
337 148
169 3
97 341
329 236
296 152
331 58
204 49
19 100
171 242
20 1
141 142
186 72
22 83
76 68
229 68
217 54
318 314
297 204
107 248
11 94
306 117
143 251
21 64
6 94
306 26
96 5
71 184
77 340
267 153
64 151
123 183
107 96
301 161
210 214
157 74
234 301
227 255
20 233
251 327
162 2
88 311
130 10
21 96
64 144
279 73
142 235
282 0
52 148
124 6
67 6
163 88
141 69
319 206
340 62
74 28
320 95
141 306
14 185
196 199
88 150
2 205
113 329
281 276
319 77
247 193
283 221
301 278
284 30
306 259
27 333
200 70
294 116
256 47
315 344
198 219
106 115
149 219
150 321
163 299
71 101
176 28
281 115
305 145
276 333
133 33
305 82
51 216
129 269
117 229
45 223
344 195
97 248
280 149
224 0
104 295
3 280
297 186
85 130
76 120
163 36
202 214
118 86
151 19
281 150
267 118
300 48
119 306
246 122
143 126
309 95
214 296
225 290
71 290
229 175
159 39
311 200
286 19
252 124
242 27
125 263
333 273
288 131
302 252
226 171
106 8
19 79
298 248
157 14
287 123
116 155
11 57
175 263
83 0
340 326
27 23
146 15
296 89
244 274
327 5
184 1
331 137
151 143
151 93
168 268
150 81
227 325
0 213
325 340
96 254
18 242
171 217
332 219
125 231
50 107
10 26
273 161
72 80
156 240
250 307
224 34
247 170
121 343
326 42
241 153
259 130
274 39
16 325
49 56
116 306
82 45
123 154
27 279
297 179
213 333
302 18
16 41
120 159
96 281
289 26
321 207
165 271
233 248
316 258
304 245
95 158
79 238
236 195
128 193
213 188
272 131
230 294
193 228
231 39
156 109
247 64
283 314
336 171
217 209
332 79
110 82
286 104
224 56
194 53
90 326
3 283
210 136
322 21
245 224
333 183
256 313
337 243
325 89
96 203
218 284
209 97
271 250
192 248
173 339
30 63
79 126
341 282
136 291
286 18
35 284
224 332
293 207
110 333
140 12
186 215
253 118
244 125
225 143
62 263
183 26
190 307
181 316
196 237
340 144
100 7
34 265
290 76
180 34
292 88
152 128
323 299
253 105
97 218
270 88
124 108
16 216
317 197
90 71
336 85
215 91
93 152
259 285
228 94
319 175
84 29
303 309
230 212
316 327
317 13
252 333
229 126
87 319
197 78
72 302
122 331
242 5
327 119
83 313
50 41
278 280
155 249
164 142
48 136
57 300
328 113
163 181
93 27
151 165
329 273
53 129
150 263
251 200
207 86
135 264
237 201
309 285
239 21
142 265
308 126
280 29
307 28
56 15
96 288
87 124
191 240
324 300
219 218
217 183
159 111
205 203
329 213
1 193
143 305
208 239
44 124
228 33
248 74
273 129
276 254
47 150
29 264
236 188
277 343
294 112
315 278
29 25
179 139
95 211
10 323
244 160
299 172
289 230
328 238
282 12
59 173
103 336
5 44
263 261
257 344
56 177
230 151
43 142
31 189
117 246
288 54
161 2
130 166
240 105
149 7
132 314
269 44
215 227
124 2
280 69
46 311
259 250
198 177
53 217
326 243
173 44
245 303
210 140
311 330
40 115
337 74
332 163
21 104
292 145
107 227
214 153
95 128
59 293
208 14
258 241
233 60
101 98
201 67
330 143
218 72
43 239
78 335
218 155
143 215
186 104
66 296
118 133
140 278
241 131
275 97
198 260
240 283
139 15
257 182
156 336
75 97
78 195
155 123
65 243
227 131
194 248
68 324
327 343
76 181
160 219
21 299
136 181
39 293
172 114
292 152
309 4
276 29
149 158
161 245
61 328
136 145
179 106
124 162
104 103
224 168
4 160
210 176
274 60
231 140
311 64
169 116
222 232
263 186
117 302
233 297
16 168
17 261
84 110
159 89
172 271
167 3
331 300
143 200
19 215
316 144
4 136
330 122
93 218
74 157
132 337
325 52
253 216
195 239
327 256
230 154
85 300
158 318
255 203
173 275
73 46
74 325
183 306
102 276
81 78
88 115
70 315
167 225
187 265
78 252
127 65
207 285
39 19
46 212
196 21
161 172
133 5
177 214
83 168
232 55
138 301
182 227
123 204
298 202
111 81
169 220
268 208
141 314
323 338
336 139
165 239
40 201
245 119
317 230
287 204
286 328
161 25
210 284
229 66
147 213
117 317
323 161
154 82
342 221
321 284
77 123
59 297
9 248
156 197
231 219
222 344
61 107
65 104
4 114
219 24
185 177
303 339
259 203
117 138
142 195
261 103
49 270
24 42
327 247
41 43
9 8
49 260
122 171
284 111
271 26
190 229
267 7
87 40
145 132
137 308
137 186
136 46
293 160
89 275
62 32
41 270
234 65
96 75
176 22
102 269
251 271
276 241
311 323
275 5
286 67
191 77
16 42
238 7
317 202
39 193
176 80
118 312
146 116
42 224
138 46
148 291
318 326
187 186
304 117
94 148
87 285
225 103
229 20
110 104
223 149
297 301
268 278
88 310
59 128
259 110
74 134
338 164
320 298
281 69
3 270
257 228
28 43
147 29
190 1
330 322
318 155
91 281
228 166
70 222
232 293
77 168
264 80
341 78
210 24
122 16
65 269
292 157
271 179
134 146
334 193
311 103
293 97
221 58
214 298
280 125
114 145
51 236
64 116
93 309
284 82
59 296
301 290
25 128
211 246
88 327
101 217
244 131
83 296
314 234
159 243
26 154
236 169
65 233
344 22
80 24
52 193
172 140
175 273
260 94
211 159
128 294
12 299
97 327
188 158
127 117
312 138
329 105
209 50
240 208
319 320
134 26
70 306
68 147
136 328
242 249
45 25
199 304
324 198
286 70
11 315
187 225
109 73
232 318
84 344
5 218
25 76
180 94
223 218
324 22
123 271
47 322
231 274
77 74
344 335
45 88
215 56
63 102
276 89
132 15
88 138
234 114
116 316
110 339
189 336
264 214
263 213
93 51
142 170
27 43
160 72
33 277
35 307
186 69
224 274
207 113
290 323
292 114
254 41
67 52
211 94
342 274
69 31
206 1
128 143
308 314
145 322
203 338
203 190
295 78
268 146
119 215
162 28
158 131
327 272
226 227
201 197
258 62
198 288
108 64
159 321
154 304
200 12
297 58
198 157
47 16
88 205
147 317
132 275
199 333
29 14
298 228
302 308
194 116
186 3
323 41
262 177
100 269
229 138
198 83
198 245
99 188
8 148
62 140
79 164
31 10
178 231
238 38
194 334
154 282
337 34
323 157
114 325
81 343
21 181
81 219
329 82
309 337
231 273
34 212
92 312
222 271
100 18
309 196
7 20
133 247
302 112
59 71
339 42
69 15
223 151
234 109
233 100
101 21
29 38
233 121
252 13
294 8
31 160
204 38
83 240
254 246
13 248
288 82
264 69
135 55
178 24
156 182
45 87
122 181
110 29
194 307
37 127
24 144
165 107
286 8
49 195
254 62
98 100
145 264
71 280
206 33
333 154
120 110
237 132
94 79
115 119
223 182
128 164
190 178
261 2
142 15
4 287
279 75
125 156
226 233
189 215
42 211
344 120
169 340
102 284
114 227
122 145
294 214
323 210
118 22
127 24
310 62
99 337
127 310
98 170
176 78
101 78
73 105
17 89
332 41
158 16
39 274
203 251
238 204
243 14
87 25
226 185
97 304
166 6
37 169
274 3
3 261
292 140
100 105
156 247
283 195
176 141
101 317
248 246
233 335
174 114
78 271
73 244
179 12
315 165
24 146
169 28
309 116
123 226
311 61
77 45
105 80
17 8
327 250
245 156
266 323
329 339
124 66
254 94
231 278
240 302
208 205
320 278
171 98
62 138
62 41
85 69
121 102
77 5
254 322
161 77
203 48
318 327
77 0
161 219
326 278
107 153
279 169
193 341
210 278
282 44
239 93
170 126
5 143
109 119
26 88
22 89
209 227
15 191
62 24
246 341
193 94
239 305
274 206
194 211
152 88
304 76
45 129
104 51
272 115
72 200
105 94
289 315
63 286
231 211
184 327
285 38
2 340
28 306
71 74
337 175
193 1
22 298
343 311
268 221
75 331
162 307
197 2
191 59
328 133
195 170
74 197
165 102
78 52
314 105
219 162
107 241
17 105
109 286
174 46
49 274
295 240
235 278
275 86
5 251
185 171
9 246
309 87
200 180
95 74
244 104
217 262
209 229
105 92
316 279
40 267
110 335
64 1
170 339
334 176
148 76
249 157
146 80
296 241
56 195
0 274
14 111
158 119
106 31
301 146
298 66
314 209
258 303
287 61
282 191
218 161
307 267
241 258
10 66
129 272
177 189
46 283
220 249
85 75
218 124
92 187
235 5
48 178
67 330
24 187
146 233
109 290
48 175
145 306
241 176
233 73
12 44
86 344
119 304
25 211
48 260
340 87
328 20
275 130
155 286
322 204
116 24
165 12
200 300
333 24
136 247
68 124
246 187
330 271
300 34
88 73
32 84
161 16
6 338
48 161
279 25
267 298
296 334
310 53
289 298
77 328
200 145
9 3
234 340
176 189
276 167
262 308
251 325
324 159
318 27
222 155
299 145
108 152
36 320
205 228
176 282
211 31
282 218
117 113
309 48
280 129
259 88
109 140
247 330
70 125
42 24
172 150
79 208
125 284
91 301
124 204
235 108
229 1
297 25
224 211
15 236
253 263
221 323
290 165
250 19
315 329
227 342
201 294
327 338
305 211
115 156
186 67
83 66
180 99
302 88
245 317
130 117
203 259
16 126
37 119
76 267
112 283
133 81
127 248
140 313
217 223
281 52
224 140
43 45
156 22
329 286
41 187
215 140
79 193
62 94
131 98
175 160
248 315
31 121
96 312
75 222
10 20
268 230
32 79
155 16
268 98
105 26
58 223
68 138
318 131
232 105
131 309
167 34
182 198
57 180
68 133
57 78
153 325
210 186
60 267
104 328
21 112
256 79
335 324
110 6
315 143
316 40
178 55
238 235
235 208
270 292
188 326
273 301
69 333
223 173
218 244
187 129
324 79
108 98
290 121
105 162
202 344
33 343
235 268
206 62
117 297
253 112
280 131
188 153
31 277
184 257
12 293
10 302
316 17
119 137
340 224
137 28
222 27
336 316
282 35
16 190
49 199
224 237
7 255
170 192
69 84
42 79
288 260
97 309
52 92
188 189
118 123
51 110
341 333
145 260
81 96
114 305
236 121
117 61
215 186
47 159
265 335
74 264
259 45
316 282
110 337
102 304
52 149
219 35
245 333
340 136
11 112
99 129
298 146
288 120
40 240
47 299
138 50
257 100
114 261
306 68
65 180
70 0
4 82
14 104
113 312
334 93
321 276
333 270
230 273
191 270
225 5
26 241
267 332
211 332
70 314
200 140
216 107
124 230
99 265
196 89
260 172
98 153
78 304
196 6
102 20
241 314
255 311
185 12
106 57
119 133
287 232
25 289
55 221
280 315
296 300
121 296
10 199
60 240
342 163
163 238
132 73
204 317
1 219
339 26
65 296
150 0
169 101
202 290
46 194
204 9
336 201
172 154
342 206
129 201
224 317
231 218
344 198
72 149
152 55
88 204
170 36
300 276
45 291
133 217
3 32
233 61
249 205
73 128
177 304
249 78
59 223
129 257
119 281
214 109
140 40
145 95
316 191
289 6
38 291
228 174
254 35
65 113
286 314
192 247
192 321
159 213
258 28
224 300
315 25
97 330
91 38
212 87
256 148
69 322
261 257
193 10
159 288
332 318
58 147
249 283
102 121
210 55
310 328
297 310
215 290
3 49
167 215
38 325
265 108
302 181
267 53
192 82
341 81
302 54
130 108
239 232
230 104
190 97
334 44
62 205
335 312
156 59
182 194
39 102
204 244
186 127
297 280
111 195
263 68
79 46
182 309
150 27
308 42
72 273
149 309
240 305
56 309
329 163
290 160
105 303
10 23
26 162
318 7
110 156
218 162
85 182
204 157
12 8
215 293
134 174
258 119
337 121
289 184
184 297
142 96
222 70
258 196
78 23
7 296
186 92
35 292
152 47
301 77
202 73
26 336
247 284
110 141
307 302
325 146
254 24
243 131
95 58
229 75
273 170
231 309
19 285
11 222
17 213
296 43
107 100
229 119
144 94
76 124
240 232
51 40
266 48
99 150
123 330
289 51
155 77
262 76
17 274
299 281
44 250
227 53
173 51
107 249
78 3
137 129
290 58
79 291
110 202
276 54
155 333
131 320
65 50
332 195
269 116
151 78
130 237
228 208
239 87
227 318
34 338
77 310
294 134
201 81
109 266
33 260
285 267
13 111
189 168
143 319
307 273
98 323
191 325
296 127
220 28
340 170
153 272
117 88
90 57
11 103
70 296
267 259
240 122
87 338
101 181
221 299
308 96
230 303
168 295
56 223
124 173
312 214
132 323
274 239
19 296
206 57
181 102
81 269
342 182
7 218
39 217
315 269
121 232
308 231
115 95
209 334
200 40
131 121
238 337
178 75
341 259
246 339
344 253
212 285
27 84
111 203
125 232
275 149
200 41
328 172
78 222
164 256
199 63
73 2
57 319
161 184
256 272
290 283
61 185
327 95
43 159
102 286
201 332
113 279
111 179
93 310
242 68
312 201
28 105
279 156
124 340
337 286
327 287
60 342
222 172
39 321
187 254
80 131
280 108
138 146
314 200
230 306
43 299
3 130
27 330
72 334
328 196
161 62
285 157
288 292
128 81
341 324
55 200
201 24
303 86
287 236
131 216
206 106
302 269
70 273
27 11
85 39
31 276
332 62
288 315
85 145
241 43
133 129
45 323
267 176
194 293
282 302
301 142
129 27
317 156
285 57
98 316
333 332
280 248
315 224
218 302
271 114
1 59
146 46
284 315
263 309
338 220
8 122
149 325
181 89
37 279
266 243
78 138
122 296
95 48
312 343
9 15
44 196
331 71
232 151
282 225
273 290
250 324
270 333
68 307
169 31
137 337
176 215
130 298
68 127
248 283
126 159
298 72
10 186
45 242
338 327
25 168
148 99
67 118
309 236
149 101
228 325
219 260
289 330
127 317
145 81
292 57
169 337
300 64
222 227
233 51
306 283
151 28
56 17
264 108
118 49
335 239
211 73
84 155
58 113
128 105
163 266
314 20
330 191
247 120
243 208
305 296
236 17
313 57
106 17
130 317
337 214
29 51
327 157
156 326
134 221
247 104
241 134
295 143
157 95
253 117
250 111
328 35
330 320
151 15
74 85
16 209
306 165
313 203
202 165
248 14
33 111
203 70
28 209
35 180
320 18
117 208
241 170
223 169
205 199
254 124
63 118
191 278
223 48
1 126
309 164
185 343
68 303
57 103
40 32
24 157
327 267
89 90
122 246
116 185
19 307
258 22
270 222
220 18
304 190
224 16
196 264
295 122
324 93
42 306
15 33
298 137
323 200
279 246
97 94
316 11
36 94
29 340
186 155
258 37
75 208
61 54
301 103
262 317
39 118
11 220
89 236
76 23
137 75
117 307
318 283
85 250
180 173
302 174
91 160
278 256
132 219
29 46
94 118
282 72
148 63
284 50
54 258
334 41
163 71
165 328
163 24
157 254
184 337
67 219
113 343
265 208
19 202
182 63
28 21
283 330
279 174
245 143
124 312
28 287
336 88
99 176
80 68
50 96
67 315
304 86
74 43
51 156
276 326
311 13
290 240
12 92
307 216
228 298
304 327
31 286
50 81
37 19
298 243
105 275
287 58
86 218
40 165
334 253
80 181
32 235
207 260
91 68
144 122
9 97
106 294
192 124
334 134
182 322
44 145
33 124
326 83
118 157
321 151
294 183
153 113
65 163
112 228
132 206
7 24
341 92
248 152
216 293
298 151
319 181
235 93
338 113
146 288
297 16
230 7
31 197
72 143
27 58
293 281
343 147
180 198
298 155
150 28
204 296
218 58
312 6
203 40
142 129
126 71
187 74
8 171
167 283
58 166
85 239
266 286
49 301
278 199
232 39
52 105
97 266
13 65
167 217
105 212
248 133
208 193
163 30
132 221
98 119
115 20
60 66
223 339
167 110
33 219
118 33
141 131
0 308
250 7
77 55
140 16
47 250
209 112
183 341
236 281
116 253
203 78
320 82
319 142
94 255
246 190
172 53
109 239
171 328
276 62
166 294
27 290
9 249
335 103
159 156
118 119
194 290
172 293
195 183
187 18
340 234
298 68
217 229
130 39
178 100
311 107
293 222
11 283
227 170
94 100
76 114
121 270
59 196
120 157
34 308
77 276
197 30
344 317
258 339
132 126
4 80
3 15
265 230
233 164
30 9
337 336
107 14
148 142
320 77
158 222
296 320
253 209
314 40
335 220
120 240
236 287
203 13
292 233
270 284
225 32
299 275
76 178
58 299
157 217
176 10
94 84
125 111
186 147
253 77
90 34
84 121
92 309
239 132
28 200
86 186
72 164
196 166
249 318
131 276
331 317
78 142
296 70
176 156
19 27
309 103
149 303
314 107
251 110
239 279
310 228
47 121
7 198
341 41
129 327
260 208
180 202
270 199
132 136
204 183
94 75
290 0
186 86
280 53
240 264
325 247
117 321
259 232
220 94
337 47
196 26
184 55
209 278
33 56
279 219
142 116
174 14
320 69
180 203
219 199
179 64
3 40
170 262
175 292
259 167
340 110
193 179
67 304
112 100
262 293
221 59
320 287
22 57
145 241
257 226
306 162
169 33
327 344
326 241
68 223
6 163
57 320
122 71
76 286
247 331
182 222
318 341
104 279
159 273
215 43
174 98
284 242
321 192
60 33
167 84
6 145
25 273
0 272
260 152
52 337
327 137
133 319
137 292
149 254
335 323
7 176
122 328
270 84
263 93
70 270
140 342
100 140
171 15
195 224
255 79
282 51
1 75
246 52
231 236
277 239
315 54
138 43
235 110
215 31
107 315
73 278
233 170
59 143
250 322
170 187
29 73
164 275
125 51
290 38
260 69
181 53
112 71
65 327
4 172
298 325
105 186
150 67
231 55
44 56
243 73
250 58
15 319
259 277
277 342
232 291
69 297
274 320
26 129
300 131
217 106
198 103
61 306
218 92
150 286
247 69
149 63
248 328
61 135
274 130
334 105
105 15
234 61
48 8
69 247
47 74
192 167
166 118
95 218
306 342
189 12
61 92
242 122
129 172
154 118
277 161
133 69
124 182
77 193
331 91
326 280
165 173
193 100
9 56
344 101
316 307
193 213
331 323
287 140
343 122
204 34
191 230
118 170
261 307
286 329
135 192
218 230
194 129
188 194
230 159
28 143
206 315
185 204
92 291
140 185
177 258
258 158
264 174
120 107
60 157
202 180
42 51
310 230
245 195
292 304
4 284
192 189
144 187
38 186
274 215
100 187
28 266
264 148
276 324
305 133
160 249
36 332
124 328
205 295
142 300
41 188
44 79
30 220
196 32
63 126
298 229
274 131
110 136
287 104
91 77
209 284
182 317
136 324
168 218
159 100
340 257
39 332
7 285
127 196
44 327
77 37
59 287
223 241
161 14
122 335
94 192
110 155
292 105
67 326
313 106
216 157
322 237
14 231
177 142
82 124
124 62
63 85
228 67
301 252
57 50
100 69
76 175
178 44
281 296
104 160
188 20
46 267
162 31
46 188
93 110
175 344
52 305
115 25
208 215
341 68
66 72
19 82
97 123
242 285
110 208
298 119
168 31
118 122
336 86
33 8
13 241
125 9
211 192
328 12
240 2
94 338
27 238
180 73
84 290
183 110
229 172
69 249
295 308
316 250
126 97
191 145
49 0
239 162
52 225
9 235
336 13
273 122
88 343
27 38
306 264
268 277
170 49
29 331
288 122
33 293
209 83
293 190
62 89
254 16
251 208
179 81
330 267
79 259
305 287
179 130
220 251
179 151
139 123
318 40
158 168
230 122
138 228
306 291
338 42
27 323
310 107
238 172
296 319
303 171
225 39
225 266
64 56
341 284
96 154
108 228
276 268
270 316
53 133
176 290
271 43
299 164
215 250
324 265
17 106
187 81
162 183
21 160
240 31
290 73
45 254
251 307
300 82
154 226
125 108
293 243
261 333
318 240
254 335
1 343
319 65
83 242
225 323
273 72
52 129
190 344
38 97
81 18
28 69
254 289
58 227
184 214
120 185
212 341
250 197
238 32
7 130
99 197
31 39
196 239
279 180
257 55
191 286
27 100
230 332
229 317
103 251
59 315
247 310
69 140
244 147
277 209
253 210
105 84
186 264
107 69
34 240
303 264
212 61
170 271
278 320
138 2
17 285
93 329
239 1
195 45
8 202
129 194
23 171
129 131
273 100
329 140
161 57
313 94
32 107
344 296
294 51
79 289
35 221
291 132
266 201
236 50
297 260
124 81
46 266
147 319
22 33
16 85
90 329
82 24
338 81
321 189
132 302
134 69
80 327
85 340
299 37
255 78
21 203
246 70
79 268
256 194
120 222
321 343
314 108
79 36
332 183
179 141
109 336
121 32
97 22
102 176
174 104
302 58
97 77
182 73
76 151
83 279
156 162
217 143
248 157
117 329
200 227
320 321
161 72
344 264
151 192
27 227
296 329
285 295
23 286
78 106
122 234
170 340
280 320
54 52
304 255
181 182
231 343
156 132
164 307
226 191
189 79
175 31
29 40
303 52
327 36
60 104
270 133
108 56
160 68
213 341
152 1
339 308
134 158
251 264
95 81
296 124
122 254
192 41
110 117
76 112
225 185
155 283
36 307
172 320
338 0
336 245
265 333
228 118
14 252
274 340
258 121
284 271
285 20
102 10
60 257
195 344
121 36
179 196
12 172
196 250
319 18
140 203
136 154
12 65
52 271
88 336
197 327
6 137
249 11
49 310
170 244
211 292
182 45
45 194
119 143
162 239
199 200
296 211
266 3
39 9
241 236
238 149
275 143
160 226
10 331
27 221
266 225
59 40
23 61
36 87
300 235
288 153
4 111
156 43
120 299
182 261
104 112
339 218
152 21
133 262
114 193
302 40
254 241
127 111
33 70
265 37
328 204
278 165
179 328
105 173
201 258
97 197
147 132
114 164
204 136
214 331
57 317
187 140
295 170
335 21
316 170
251 77
245 9
237 244
32 222
105 259
196 309
51 312
75 207
297 272
32 199
305 270
122 276
342 29
255 144
285 147
336 323
271 96
139 24
308 190
239 161
195 11
318 270
120 172
198 153
26 158
325 149
336 224
80 247
23 267
296 314
316 287
194 243
169 2
81 63
163 277
322 38
104 97
210 302
152 139
17 132
190 9
258 172
256 282
94 109
153 66
52 3
211 91
239 35
340 320
1 60
154 323
98 259
322 210
118 130
251 38
164 343
170 205
262 167
314 70
233 268
320 1
14 116
283 9
339 284
316 148
164 69
309 142
182 330
272 335
23 338
334 317
71 61
79 235
228 295
306 18
219 183
19 233
300 303
145 294
242 116
344 309
88 211
106 172
196 280
64 219
273 53
115 172
137 343
122 0
17 341
86 283
132 288
241 179
139 41
295 138
251 13
14 102
293 79
223 123
34 316
25 149
143 65
65 314
262 53
154 49
341 51
228 135
339 81
176 246
268 82
259 185
185 207
264 63
330 200
35 258
252 178
323 302
1 290
173 264
344 327
215 340
280 1
291 336
339 131
198 160
97 86
16 132
344 268
212 224
127 214
169 202
35 168
86 152
66 22
153 99
198 39
308 276
288 23
153 40
109 71
74 10
241 286
234 270
127 339
129 213
147 195
137 202
196 238
242 159
169 338
68 338
330 258
16 138
298 27
111 27
284 7
216 173
277 175
134 59
170 165
175 317
262 214
174 113
272 178
213 242
172 101
141 109
20 253
39 206
260 157
282 193
332 71
154 157
138 231
31 55
3 108
168 110
328 95
191 197
239 265
200 50
151 101
41 67
258 323
162 147
296 218
305 89
105 238
1 214
120 330
211 311
231 284
182 218
323 334
221 19
56 36
244 120
183 195
338 45
186 0
284 232
10 187
101 33
172 312
344 256
73 133
97 131
179 280
326 227
65 225
249 150
323 242
196 164
145 37
52 57
224 153
90 299
23 337
210 96
125 210
227 206
145 133
167 316
162 148
198 227
276 102
32 254
246 130
320 293
69 27
6 294
83 96
150 106
88 262
104 115
127 233
223 272
21 46
243 85
96 343
214 27
100 148
281 249
186 203
199 171
202 4
277 192
267 283
210 49
171 88
224 94
179 133
23 48
160 25
197 344
274 33
256 29
134 138
171 238
44 5
86 213
289 296
165 115
210 323
68 291
111 338
242 271
19 341
172 195
29 330
126 312
330 261
7 58
154 299
167 7
25 282
278 137
83 273
144 325
101 163
321 274
261 252
259 42
220 146
204 15
83 268
59 153
177 55
42 202
337 223
241 154
29 325
329 173
207 85
337 86
338 176
197 115
245 84
320 230
254 34
285 86
336 328
191 328
108 87
39 137
314 23
310 177
11 204
14 158
5 212
172 76
314 147
208 223
83 149
211 75
34 304
305 142
47 0
279 263
270 146
342 281
6 162
209 20
321 116
134 152
1 306
228 217
10 338
342 94
142 209
71 176
220 117
278 154
283 204
42 209
229 74
270 19
128 173
227 11
251 43
332 49
252 58
127 323
336 3
342 270
59 280
31 262
216 320
126 216
129 258
192 301
179 320
129 61
233 175
219 188
188 28
148 218
253 140
312 182
88 245
2 206
220 30
324 251
288 171
146 337
184 281
167 40
76 288
229 166
219 279
286 127
321 64
280 288
149 271
90 151
34 213
181 14
119 27
87 327
149 136
221 333
72 43
276 50
234 160
217 108
94 158
137 318
125 320
163 274
327 182
122 163
98 143
92 186
27 242
224 248
132 296
2 83
125 121
93 122
181 132
95 306
107 258
235 157
69 217
242 191
283 340
237 30
83 264
174 307
168 307
161 17
272 163
2 300
77 120
227 172
329 237
49 57
339 291
150 179
189 42
111 174
307 286
137 32
150 298
296 324
18 298
279 204
295 258
226 177
85 210
316 320
332 268
32 326
116 182
62 305
127 173
135 336
16 174
23 68
29 319
295 294
174 229
153 124
143 34
203 130
105 134
98 39
17 214
124 79
77 251
154 114
144 73
190 167
43 219
43 338
168 217
125 223
159 199
202 306
276 308
342 276
249 14
48 28
181 52
141 325
27 331
49 70
107 339
311 177
55 109
163 116
211 20
325 44
230 322
321 135
239 24
65 234
51 247
188 192
129 215
178 179
286 285
75 252
19 189
245 74
298 63
92 66
83 72
111 314
50 87
6 289
80 64
318 269
256 103
41 336
178 259
136 197
103 283
271 304
248 265
272 332
338 38
203 43
27 209
234 40
280 314
104 156
140 262
161 182
253 247
63 105
283 167
43 111
28 292
32 300
181 25
241 39
150 204
211 85
75 217
143 216
135 304
300 43
108 21
130 172
126 315
241 72
82 269
266 16
126 102
288 22
43 258
117 59
276 226
212 313
87 167
12 196
91 44
23 119
261 264
191 245
90 14
116 204
141 61
117 334
156 136
295 239
133 128
120 0
168 109
305 259
55 230
33 316
51 127
217 141
141 35
240 56
123 259
45 280
298 242
174 86
25 196
86 122
305 254
133 168
70 188
53 6
62 105
133 279
148 176
314 63
336 111
119 17
26 66
308 28
312 236
126 53
13 86
210 147
237 210
188 299
135 20
55 7
84 293
118 105
310 46
74 262
272 284
192 239
175 318
293 189
307 60
238 118
242 32
230 86
332 102
309 122
31 109
313 150
214 180
196 288
130 192
265 305
68 213
51 277
273 191
297 73
224 183
159 211
235 212
45 267
321 260
319 93
95 72
283 342
98 68
190 19
232 327
339 63
174 291
136 53
166 219
222 56
333 169
225 212
84 199
174 145
79 272
214 171
291 145
233 179
127 227
144 203
174 182
256 107
34 324
228 158
283 217
328 163
84 67
265 291
51 94
91 33
268 305
204 215
7 93
296 135
222 95
240 51
179 54
61 115
33 289
273 316
161 256
37 147
226 302
93 277
298 185
212 221
47 72
338 55
67 289
92 191
286 332
243 120
41 304
235 75
150 164
293 312
322 330
16 203
189 110
38 44
168 244
224 161
299 193
106 293
281 185
168 224
46 305
201 196
65 4
135 82
109 227
300 94
190 179
28 17
340 68
311 178
155 36
305 201
342 161
52 23
311 118
274 4
200 39
231 294
88 59
338 43
223 65
132 153
329 128
208 278
234 168
134 133
330 186
156 198
304 333
104 61
27 237
297 250
61 106
336 284
73 123
92 304
50 292
87 184
80 319
25 139
75 232
127 179
195 56
72 206
73 271
13 134
32 4
320 7
30 67
213 183
184 24
102 234
219 190
320 299
164 248
340 239
37 24
321 232
80 295
221 9
92 155
260 68
162 290
37 30
129 222
301 231
13 175
32 45
139 274
284 176
299 162
63 281
112 306
337 333
315 85
153 207
78 190
237 207
314 96
340 230
271 221
266 260
135 107
91 336
270 56
17 167
273 332
252 318
120 307
181 100
54 320
209 271
71 106
156 245
327 277
7 150
192 142
258 185
133 85
241 308
24 259
130 199
148 284
75 170
246 256
270 202
133 134
128 205
241 284
118 14
276 212
299 94
176 196
57 102
204 62
28 279
233 274
34 225
97 162
85 240
4 92
20 24
9 198
237 68
289 191
162 22
125 301
309 329
19 338
263 154
169 10
116 105
235 213
268 223
10 174
217 278
198 226
131 337
294 323
86 112
0 30
234 27
234 100
11 155
340 176
211 67
172 324
98 342
104 108
171 321
41 272
203 75
53 5
68 53
328 74
207 339
131 202
171 161
341 146
186 70
25 129
342 130
204 163
71 155
213 256
14 98
330 221
92 116
326 67
15 152
229 339
53 173
319 297
222 160
22 247
191 266
279 51
84 20
210 57
175 325
78 200
313 73
140 233
4 271
228 57
100 202
256 322
264 278
126 110
101 60
63 88
80 274
145 158
156 16
216 120
308 90
317 5
225 223
277 10
114 94
256 33
274 284
46 31
344 109
119 326
285 166
139 97
182 291
234 54
67 197
46 286
104 173
66 36
184 248
217 298
342 30
234 174
314 280
205 215
291 226
99 232
47 140
231 230
87 120
186 56
342 323
262 146
213 134
2 113
165 236
287 36
171 49
154 19
275 253
153 322
48 39
109 135
61 295
93 280
331 337
161 294
55 325
342 171
114 344
284 181
235 128
120 308
177 274
328 107
182 38
331 132
78 96
170 41
293 263
322 280
256 40
229 213
20 128
39 36
128 225
120 18
8 240
229 185
71 114
194 155
287 132
179 112
174 127
31 53
62 189
93 193
57 113
322 344
51 7
224 171
320 39
172 72
194 325
155 39
112 334
151 286
18 84
175 334
78 233
102 302
232 154
309 13
227 237
148 196
137 123
98 332
273 19
144 326
306 64
313 202
47 143
94 126
330 165
252 295
81 37
89 229
233 286
255 25
311 255
259 316
65 187
169 199
176 39
303 125
182 52
153 116
183 305
89 264
342 80
149 132
21 306
60 235
119 319
206 184
64 99
198 135
200 29
174 159
56 11
113 210
29 166
4 213
127 340
132 26
75 183
159 343
233 166
95 342
5 61
98 199
134 272
13 191
186 28
56 117
195 307
330 224
302 20
152 279
203 213
277 250
334 68
71 332
65 324
48 63
84 49
262 219
312 64
108 270
182 205
232 69
84 91
89 138
272 293
7 106
100 341
174 74
230 141
53 181
205 137
258 108
202 225
75 310
150 159
170 284
228 156
277 318
294 204
168 301
311 170
244 85
266 44
337 151
166 250
131 237
25 181
118 302
154 68
162 224
271 128
297 126
170 196
212 9
51 35
53 43
89 122
293 251
47 326
143 185
67 96
147 92
277 266
49 334
236 113
115 162
289 314
264 58
225 217
260 84
56 110
335 5
339 35
92 61
33 240
153 311
63 104
202 299
218 317
116 16
40 307
20 113
78 16
294 240
5 338
275 252
60 309
147 115
177 210
220 34
66 340
6 182
11 293
145 146
154 67
161 134
330 110
29 333
264 282
228 78
281 60
330 244
24 132
14 103
244 136
137 310
131 144
50 45
339 97
93 149
66 254
185 52
266 215
287 185
54 72
136 59
185 53
162 85
189 202
1 2
268 242
99 263
46 166
172 134
120 340
251 309
180 305
283 0
295 317
53 334
278 239
324 231
200 276
181 279
0 182
197 294
250 271
83 25
266 334
236 3
294 174
147 304
37 80
198 79
78 79
213 278
258 224
283 94
61 284
178 160
233 84
87 218
11 255
207 248
324 314
106 126
273 144
109 29
125 89
108 338
23 268
120 208
17 181
147 98
155 95
143 17
273 331
6 103
32 115
132 157
205 143
151 130
66 173
338 331
9 43
84 252
238 136
263 36
242 280
142 72
266 50
175 298
68 210
12 273
8 65
305 74
238 200
307 247
145 46
155 126
214 295
164 133
297 130
303 341
202 126
46 279
326 114
289 54
59 151
129 298
102 54
40 159
82 156
109 148
289 342
172 143
29 130
139 133
257 88
68 238
104 114
232 296
169 194
4 200
49 258
193 151
215 233
213 297
45 322
3 236
222 175
282 153
305 323
287 119
66 10
13 73
124 245
24 293
341 28
148 45
189 244
99 59
132 312
258 79
191 163
218 315
124 201
133 66
320 102
76 235
77 102
38 3
298 34
278 3
80 122
247 81
83 35
48 244
16 239
62 234
112 303
291 236
61 327
302 36
331 280
174 63
284 212
66 237
271 143
309 9
80 12
155 344
154 218
233 168
78 82
59 139
64 16
77 50
198 251
113 137
118 81
30 267
229 173
150 155
218 115
165 299
29 320
298 85
95 88
253 173
170 312
214 136
100 201
25 121
184 302
43 69
130 193
224 3
210 44
204 142
267 59
50 38
93 220
252 209
12 40
272 159
302 297
254 323
112 286
73 337
290 186
283 51
230 107
111 14
27 63
299 22
283 109
231 197
51 290
200 323
178 39
200 87
264 215
29 239
207 221
80 47
174 310
325 182
250 181
106 91
290 337
184 143
222 190
202 55
131 305
142 50
175 73
290 284
196 272
331 26
238 141
115 120
301 331
112 149
145 312
3 269
158 205
324 289
67 24
97 187
181 196
16 70
124 254
211 239
276 339
260 135
284 108
232 331
256 136
342 235
80 65
161 224
209 161
313 293
12 330
18 136
239 131
30 171
125 193
306 106
122 147
116 256
133 192
146 291
230 46
13 245
190 222
61 159
170 73
144 90
111 285
222 44
13 2
10 261
23 127
173 59
5 107
267 89
320 280
237 67
60 298
226 132
274 272
223 40
115 100
331 128
4 125
252 15
42 177
44 117
236 265
338 144
274 163
233 249
0 27
326 100
193 255
275 318
197 45
320 86
75 324
211 327
241 155
160 285
272 298
97 135
40 233
260 259
196 143
14 291
53 191
264 153
236 239
141 214
120 7
98 17
163 160
302 337
160 113
201 48
1 143
184 164
304 35
307 318
326 263
67 245
318 303
41 114
74 161
121 173
80 186
235 38
179 4
103 241
20 206
192 268
251 31
87 210
66 297
86 47
215 153
13 137
204 88
200 325
163 281
221 248
305 324
144 227
150 339
269 238
205 335
92 193
284 307
1 35
52 261
172 256
4 28
236 69
211 305
25 87
110 330
66 157
212 56
148 264
51 320
59 158
310 151
253 152
113 254
187 67
323 77
192 117
48 58
324 73
145 90
305 113
247 74
170 297
339 123
272 53
205 91
194 220
247 36
288 319
200 168
298 47
285 2
105 265
322 250
257 283
266 61
12 91
260 253
116 90
307 299
132 69
292 326
289 194
264 134
70 120
303 24
273 175
312 250
327 224
187 103
339 5
11 12
95 318
311 227
289 160
9 29
270 80
6 219
276 279
49 145
184 31
25 28
280 114
33 176
189 116
265 57
245 209
120 10
0 129
40 173
111 189
303 117
63 136
298 14
282 138
46 209
68 228
225 101
59 0
18 312
110 264
177 230
274 79
261 314
252 275
61 113
41 88
288 334
199 11
217 80
14 178
327 61
231 0
29 243
128 96
187 291
312 342
221 275
302 261
321 245
252 264
234 106
177 8
88 93
154 319
318 85
217 139
95 0
235 185
194 203
133 194
45 337
12 21
237 166
175 266
283 263
14 125
236 71
1 209
58 219
3 56
121 141
241 315
344 325
288 34
174 235
274 88
159 68
255 248
97 85
170 35
250 86
62 141
59 64
252 20
76 306
52 317
179 298
297 24
234 28
259 163
116 73
232 273
322 231
260 49
168 166
37 231
307 97
197 215
117 37
28 95
245 327
314 79
280 266
103 71
137 214
338 271
143 315
157 305
19 325
126 57
113 89
56 212
206 75
151 234
170 52
118 41
209 137
26 60
57 163
176 50
268 148
182 189
31 308
148 144
299 106
259 160
181 65
296 253
19 69
294 53
271 158
190 298
120 149
101 10
75 271
116 189
221 166
236 175
273 150
238 11
117 91
167 137
63 18
190 334
79 282
287 199
333 208
53 89
218 129
263 278
41 34
25 164
102 163
242 30
289 332
124 191
129 216
181 208
55 25
310 43
233 265
35 8
49 298
287 338
234 214
59 336
32 301
269 247
338 213
234 122
226 261
313 257
23 90
77 235
133 212
155 168
221 107
121 65
100 257
279 159
249 311
213 11
190 4
133 318
167 4
230 202
55 253
247 201
151 25
308 174
337 63
87 271
124 238
139 142
313 254
258 189
33 328
193 263
185 151
74 132
185 119
114 334
320 167
261 283
342 253
81 28
224 220
72 94
31 226
154 290
318 187
273 166
7 15
147 60
103 163
296 325
331 213
264 230
121 167
216 203
97 342
325 72
91 12
200 147
204 173
236 34
242 243
49 116
129 98
176 232
163 128
212 149
243 33
34 19
103 152
124 102
174 142
19 30
289 125
203 180
326 110
217 110
342 273
325 111
325 223
145 150
69 171
252 120
178 82
112 207
224 315
290 285
297 190
36 62
140 280
238 23
293 218
246 340
134 46
145 105
218 53
226 51
135 46
53 149
253 277
21 100
120 339
86 309
146 275
337 184
2 138
290 122
191 73
75 228
119 128
32 274
308 300
30 83
295 56
268 192
67 69
24 219
66 172
175 59
259 177
99 204
299 290
179 276
75 298
60 9
227 23
309 159
106 259
118 163
198 41
258 265
12 282
12 217
40 271
296 139
32 152
331 211
83 308
66 45
68 183
10 76
0 128
142 198
71 55
20 83
239 309
311 251
83 6
79 34
47 111
88 280
224 74
243 290
119 117
43 90
301 53
166 301
265 323
139 160
288 106
66 26
14 146
308 309
159 51
244 39
125 45
231 147
162 274
237 118
229 305
269 32
270 91
11 312
251 299
320 220
227 334
21 190
200 82
144 100
23 269
47 255
318 209
86 210
230 218
171 108
87 342
141 13
88 54
325 242
255 202
117 137
191 40
122 29
296 146
200 343
303 174
109 44
39 241
5 252
11 48
4 49
244 259
251 16
298 344
303 183
293 80
114 244
226 315
242 86
46 254
150 295
100 57
104 13
105 271
262 109
320 161
270 226
79 224
309 76
20 326
321 246
296 120
333 342
29 21
218 331
139 323
247 245
249 164
256 127
326 182
8 307
308 136
247 272
213 267
155 91
70 106
326 237
225 102
125 19
80 27
166 231
192 78
260 75
284 223
307 186
52 77
168 81
41 124
80 23
16 305
324 107
71 146
126 156
240 41
327 179
166 191
268 120
171 278
230 339
14 4
276 56
128 11
326 46
218 8
89 100
17 62
246 257
227 27
315 24
315 199
293 29
307 291
15 322
295 194
33 78
269 115
81 286
178 229
100 307
332 128
172 93
166 120
122 226
141 84
172 157
102 113
257 128
341 181
306 223
196 77
149 270
170 217
46 292
99 89
279 173
296 154
141 300
170 53
331 166
137 132
244 161
260 107
286 103
129 39
181 278
310 253
151 258
201 152
2 135
325 151
279 178
305 75
134 130
31 120
199 70
154 98
231 69
107 75
72 326
66 223
239 267
30 144
295 140
91 157
216 225
247 44
44 7
27 53
329 101
290 1
259 17
327 227
142 124
51 74
170 10
331 22
150 324
179 268
106 271
319 8
315 193
311 261
103 338
315 334
342 162
335 158
40 223
246 91
199 71
3 87
93 55
67 174
324 173
101 298
84 318
49 50
235 54
291 205
43 288
269 281
3 5
30 137
71 123
116 53
274 200
27 225
250 164
181 98
271 126
288 195
62 291
200 218
334 330
177 25
314 207
64 287
330 159
328 185
134 99
140 63
201 167
190 8
233 26
107 159
153 50
9 117
342 209
238 233
96 70
259 65
278 225
255 165
39 140
252 174
239 48
139 342
117 232
5 6
160 14
165 215
65 77
333 309
188 226
99 285
252 131
141 162
302 106
158 98
56 298
95 174
82 247
17 149
118 329
226 8
293 317
136 295
257 334
210 164
23 253
327 222
336 186
230 149
285 189
4 35
18 91
38 100
241 56
151 261
40 33
269 236
5 307
88 164
296 200
328 319
98 2
54 329
75 305
178 93
298 217
95 194
175 246
12 117
181 183
255 88
145 245
252 97
71 112
5 170
16 306
56 69
202 33
126 230
326 232
271 339
4 108
79 162
196 225
62 6
322 65
144 295
177 149
22 193
13 325
13 96
153 41
228 308
164 112
195 338
106 102
101 87
312 130
107 191
196 251
56 66
222 69
47 289
186 307
40 340
4 171
205 70
283 303
63 291
307 66
33 128
168 1
258 275
182 138
40 140
205 164
111 154
108 199
116 50
96 22
221 302
340 159
7 124
27 41
274 38
79 13
79 119
153 284
283 166
340 293
21 13
343 19
36 220
321 278
281 138
238 191
134 71
264 78
41 194
18 120
207 97
141 263
283 326
331 278
292 272
49 152
163 233
291 56
224 115
193 125
147 251
113 288
71 298
171 57
232 100
312 81
274 143
295 31
16 143
334 342
254 115
112 240
161 207
20 204
259 181
289 85
141 78
185 10
61 16
153 274
144 103
207 160
247 98
157 58
298 277
280 220
38 158
289 149
50 105
232 241
190 275
319 277
285 282
195 340
211 340
1 320
155 248
74 215
208 190
288 63
24 224
283 62
113 87
136 1
329 326
178 205
143 108
16 256
134 161
167 208
278 30
300 221
93 324
100 278
41 137
309 155
127 100
58 13
328 236
120 143
257 263
154 274
77 159
291 211
321 253
46 276
130 42
255 230
320 198
270 187
255 299
189 313
312 173
107 87
316 266
253 125
195 232
187 44
0 162
60 321
148 311
235 26
164 62
115 322
290 230
220 253
221 30
262 122
17 262
285 324
140 160
86 294
165 136
162 302
20 277
205 283
139 53
71 173
7 193
328 130
223 264
6 42
206 228
250 1
43 336
197 110
127 261
68 192
144 335
26 5
305 246
241 312
341 224
0 219
143 6
163 87
276 24
217 181
26 104
287 341
296 87
331 224
339 162
45 299
310 188
67 70
83 113
102 255
338 101
137 315
127 164
74 317
160 272
151 202
211 98
156 78
286 226
40 256
297 124
24 275
273 28
2 328
298 232
206 274
204 268
103 67
269 85
255 327
164 98
208 204
256 62
230 182
240 60
212 266
8 165
153 214
94 259
137 99
228 12
256 152
97 68
134 261
166 245
23 78
209 155
260 104
216 28
334 280
241 201
269 257
73 59
20 302
318 276
11 71
344 48
234 67
293 159
47 157
217 210
262 88
238 153
270 36
256 28
187 180
285 109
101 261
70 121
120 44
17 200
179 153
169 29
187 87
329 6
77 124
61 2
62 317
30 249
153 218
260 254
134 330
277 254
276 133
287 293
333 122
4 59
53 317
178 240
148 136
90 209
40 152
182 70
303 335
288 218
146 324
204 325
233 37
113 176
331 3
200 335
62 253
209 241
51 170
305 199
208 51
311 248
105 148
220 64
40 66
282 88
45 43
68 181
81 83
259 314
86 114
304 148
269 70
291 320
107 290
155 212
276 35
343 116
25 44
159 340
225 240
78 139
209 66
155 70
116 326
204 184
730855.569458 11400
